,id,last_scraped,source,name,host_id,host_name,hosts_time_as_user_years,hosts_time_as_user_months,hosts_time_as_host_years,hosts_time_as_host_months,host_location,host_is_superhost,host_listings_count,host_identity_verified,neighbourhood_cleansed,latitude,longitude,property_type,room_type,accommodates,bathrooms,bedrooms,beds,price,price_quote_checkin_date,price_quote_checkout_date,price_quote_total_price,price_quote_price_per_night,minimum_nights,maximum_nights,has_availability,availability_30,availability_60,availability_90,availability_365,calendar_last_scraped,number_of_reviews,number_of_reviews_ltm,number_of_reviews_ly,first_review,last_review,review_scores_rating,review_scores_accuracy,review_scores_checkin,review_scores_communication,review_scores_location,review_scores_value,reviews_per_month,calculated_host_listings_count,calculated_host_listings_count_entire_homes
0,261065,2026-06-24,city scrape,Westboro Village Executive Suite,1369632,Glenn,14,7,14,7,"Ottawa, Canada",t,1,t,Kitchissippi,45.39084,-75.75621,Entire rental unit,Entire home/apt,4,1.0,2.0,3.0,211.33,2026-07-14,2026-07-17,634.0,211.33,3.0,180.0,t,5,6,13,118,2026-06-24,133,18,21,2011-12-24,2026-06-22,4.95,4.98,4.98,4.95,4.95,4.91,0.75,1,1
1,290033,2026-06-24,city scrape,Rural charm close to the city,415201,Daniel,15,3,14,6,"Ottawa, Canada",t,1,t,Rideau-Goulbourn,45.1682,-75.71208,Entire home,Entire home/apt,4,1.0,2.0,2.0,224.81,2026-07-02,2026-07-04,449.62,224.81,2.0,14.0,t,23,53,83,149,2026-06-24,22,10,8,2013-02-19,2026-05-29,5.0,5.0,4.95,4.95,5.0,4.91,0.14,1,1
2,490182,2026-06-24,city scrape,Cozy Basement Studio Old Ottawa East,2401179,Ela,14,1,14,1,"Ottawa, Canada",t,3,t,Capital,45.4055,-75.67612,Private room in home,Private room,1,1.0,2.0,1.0,67.13,2026-08-02,2026-09-01,2013.93,67.13,30.0,365.0,t,0,21,51,326,2026-06-24,12,3,2,2018-04-29,2026-05-31,5.0,5.0,5.0,5.0,4.92,4.83,0.12,1,0
3,674799,2026-06-24,city scrape,Up to 3-bdrm with privacy - quiet & safe,2058676,William,14,2,14,2,"Ottawa, Canada",f,1,t,Gloucester-South Nepean,45.2691,-75.72197,Entire rental unit,Entire home/apt,6,1.0,5.0,4.0,168.5,2026-07-03,2026-07-05,337.0,168.5,1.0,90.0,t,17,45,75,350,2026-06-24,115,19,15,2013-07-02,2026-06-12,4.66,4.68,4.82,4.81,4.73,4.65,0.73,1,1
4,682632,2026-06-24,city scrape,"Adorable 2 bdrm, Central Ottawa PD1",3201295,Greg And Valerie,13,10,13,10,"Ottawa, Canada",t,8,t,Kitchissippi,45.40455,-75.7313,Entire home,Entire home/apt,4,1.0,2.0,2.0,98.06,2027-01-18,2027-02-18,3040.0,98.06,31.0,180.0,t,0,0,0,150,2026-06-24,11,0,2,2015-10-25,2025-06-15,4.82,4.73,4.91,4.91,4.91,4.73,0.08,8,4
5,682634,2026-06-24,city scrape,Highly desirable Ottawa & Wellington Village West!,3201295,Greg And Valerie,13,10,13,10,"Ottawa, Canada",t,8,t,Kitchissippi,45.4003,-75.73144,Entire townhouse,Entire home/apt,4,1.0,2.0,2.0,136.06,2026-11-01,2026-12-02,4218.0,136.06,31.0,1125.0,t,0,0,0,143,2026-06-24,14,3,2,2015-03-09,2026-02-26,4.93,4.93,5.0,5.0,4.93,4.64,0.1,8,4
6,902575,2026-07-02,previous scrape,Room for rent Downtown Ottawa R,3895093,Nicole,13,8,13,8,"Ottawa, Canada",f,1,t,Somerset,45.41753,-75.69297,Private room in rental unit,Private room,1,1.4,2.0,2.0,24.87,2026-07-02,2026-09-30,2238.28,24.87,90.0,1125.0,t,30,60,90,270,2026-07-02,7,0,0,2013-05-27,2016-09-28,4.57,4.86,4.86,5.0,4.86,4.14,0.04,1,0
7,943979,2026-07-02,previous scrape,Smart flat near Center&Glebe+Garage,5108859,Maria,13,4,13,3,"Ottawa, Canada",t,2,t,Somerset,45.41127,-75.69575,Entire rental unit,Entire home/apt,2,1.4,2.0,2.0,44.87,2026-07-03,2026-09-01,2691.99,44.87,60.0,400.0,t,29,59,89,364,2026-07-02,306,3,2,2013-04-19,2026-03-31,4.71,4.68,4.91,4.9,4.79,4.66,1.9,2,2
8,987450,2026-07-02,previous scrape,Central New condo w Balcony/Garage!,5108859,Maria,13,4,13,3,"Ottawa, Canada",t,2,t,Somerset,45.41083,-75.69474,Entire condo,Entire home/apt,2,1.4,2.0,2.0,49.31,2026-11-01,2026-12-31,2958.59,49.31,60.0,400.0,t,0,0,0,243,2026-07-02,330,3,4,2013-05-03,2026-04-26,4.71,4.69,4.92,4.9,4.83,4.68,2.06,2,2
9,1026310,2026-06-24,city scrape,Lakehouse Inspired Retreat Close to Downtown,5649683,Melanie,13,2,10,3,"Ottawa, Canada",f,1,t,Rideau-Rockcliffe,45.45592,-75.65727,Entire home,Entire home/apt,8,2.5,4.0,4.0,617.8,2026-07-02,2026-08-01,18534.0,617.8,30.0,1125.0,t,22,43,51,321,2026-06-24,17,0,0,2016-05-24,2021-12-29,4.76,4.82,4.94,4.94,4.94,4.5,0.14,1,1
10,1632559,2026-06-24,city scrape,"Lovely Victorian in the Glebe, Steps from Canal",1349081,Nomi,14,7,14,7,"Ottawa, Canada",f,1,t,Capital,45.40484,-75.68555,Entire townhouse,Entire home/apt,4,1.0,2.0,2.0,412.43,2026-07-09,2026-07-16,2887.0,412.43,7.0,30.0,t,15,45,75,75,2026-06-24,2,0,0,2017-08-05,2017-08-30,5.0,4.5,5.0,5.0,5.0,5.0,0.02,1,1
11,1703622,2026-06-24,city scrape,Bedroom in kanata south free parking & Gym access,5035914,Abdo,13,4,4,5,"Ottawa, Canada",f,3,t,Kanata South,45.28752,-75.86129,Private room in home,Private room,1,1.0,2.0,1.0,50.77,2026-06-24,2026-07-24,1522.98,50.77,30.0,1125.0,t,30,60,90,365,2026-06-24,18,0,1,2022-01-29,2025-06-16,4.44,4.44,4.72,4.72,4.5,4.44,0.34,2,0
12,1774018,2026-06-24,city scrape,Zen Tranquility Retreat,294136176,Vania,6,9,6,9,"Ottawa, Canada",f,1,t,Barrhaven,45.25212,-75.74594,Entire townhouse,Entire home/apt,5,1.5,3.0,3.0,146.94,2026-09-28,2026-10-29,4555.0,146.94,31.0,1125.0,t,1,22,22,196,2026-06-24,33,0,0,2019-09-22,2023-09-01,4.91,4.91,4.85,4.97,4.73,4.67,0.4,1,1
13,1827668,2026-06-24,city scrape,Centrally located 3 bedroom home in Westboro!,6818912,Anne-Marie,13,0,12,8,"Ottawa, Canada",f,1,t,Kitchissippi,45.39533,-75.7582,Entire bungalow,Entire home/apt,4,1.0,2.0,2.0,169.06,2027-05-01,2027-05-31,5071.82,169.06,30.0,1125.0,t,0,0,0,54,2026-06-24,62,1,1,2013-12-27,2025-06-30,4.81,4.84,4.89,4.93,4.93,4.84,0.41,1,1
14,1908873,2026-07-02,previous scrape,Mer Bleue Private Apartment,9905548,Nadine,12,7,11,2,"Ottawa, Canada",f,1,t,Innes,45.42971,-75.48987,Entire rental unit,Entire home/apt,3,1.4,1.0,2.0,173.3,0000-00-00,"""0000-00-00""",2246.7,173.3,30.0,120.0,t,0,0,0,0,2026-07-02,105,0,0,2015-05-03,2022-03-29,4.87,4.91,4.88,4.88,4.6,4.82,0.77,1,1
15,2148350,2026-06-24,city scrape,Bright Modern & Spacious - Executive Rental,10964947,Trevor,12,5,12,5,"Ottawa, Canada",t,3,t,College,45.34248,-75.78457,Entire home,Entire home/apt,2,1.0,1.0,1.0,125.59,2026-07-19,2026-08-16,3516.54,125.59,28.0,730.0,t,5,35,65,340,2026-06-24,84,4,5,2015-01-30,2026-03-31,4.95,4.96,4.99,5.0,4.88,4.88,0.61,3,3
16,2374455,2026-06-24,city scrape,Charming Eurostyle apartment! PD2,3201295,Greg And Valerie,13,10,13,10,"Ottawa, Canada",t,8,t,Kitchissippi,45.40387,-75.73097,Entire rental unit,Entire home/apt,2,1.0,1.0,1.0,87.94,2026-08-03,2026-09-03,2726.0,87.94,31.0,1125.0,t,0,20,41,104,2026-06-24,26,4,3,2015-09-19,2026-04-30,4.69,4.81,4.85,4.96,4.65,4.65,0.2,8,4
17,2453778,2026-06-24,city scrape,Central Ottawa Micro Condo Studio w Heated Parking,12547161,Evaldo,12,4,12,3,"Ottawa, Canada",t,2,t,Somerset,45.41062,-75.69663,Entire condo,Entire home/apt,2,1.0,2.0,1.0,88.5,2026-09-20,2026-10-20,2655.0,88.5,30.0,365.0,t,2,23,25,300,2026-06-24,312,4,4,2014-03-24,2026-02-12,4.94,4.94,4.97,4.99,4.86,4.85,2.09,1,1
18,2474327,2026-06-24,city scrape,Private unit close to Rideau Canal,12656347,Diem,12,3,11,11,"Ottawa, Canada",t,1,t,Capital,45.40874,-75.68044,Entire guest suite,Entire home/apt,2,1.0,1.0,1.0,184.0,2026-06-30,2026-07-01,184.0,184.0,1.0,1125.0,t,1,5,17,175,2026-06-24,270,37,29,2014-08-19,2026-06-21,4.87,4.9,4.98,4.97,4.9,4.83,1.87,1,1
19,2738455,2026-06-24,city scrape,Studio 2 OTTAWA WEST,12671457,Mariya,12,3,12,2,"Ottawa, Canada",t,2,t,College,45.31617,-75.83931,Private room in home,Private room,1,1.0,2.0,1.0,94.0,2026-06-25,2026-06-26,94.0,94.0,1.0,1125.0,t,25,25,39,140,2026-06-24,108,22,25,2014-11-10,2026-06-21,4.81,4.8,4.89,4.92,4.78,4.79,0.76,2,0
20,2744294,2026-07-02,previous scrape,3 Bedroom Executive Apt in Westboro,8166549,Michael,12,10,12,0,"Ottawa, Canada",f,1,t,Kitchissippi,45.39443771881639,-75.75187449759508,Entire rental unit,Entire home/apt,5,1.4,3.0,2.0,173.3,0000-00-00,"""0000-00-00""",2246.7,173.3,3.0,1125.0,t,0,0,0,0,2026-07-02,64,9,9,2014-06-28,2025-09-01,4.91,4.9,4.92,4.92,4.97,4.84,0.44,1,1
21,2935424,2026-06-24,city scrape,Large and bright apt. near downtown,2291577,Sylvie,14,1,12,2,"Ottawa, Canada",f,1,t,Rideau-Vanier,45.44051,-75.65658,Entire rental unit,Entire home/apt,3,1.0,2.0,2.0,81.63,2026-07-11,2026-08-10,2448.95,81.63,30.0,182.0,t,13,43,73,348,2026-06-24,35,1,1,2014-06-30,2025-09-30,4.37,4.63,4.82,4.76,4.26,4.36,0.24,1,1
22,2949838,2026-06-24,city scrape,Cozy and  vintage  spot in the heart of Ottawa,374659,Emma And Ed,15,4,12,7,"Ottawa, Canada",t,1,t,Rideau-Vanier,45.43029,-75.68937,Private room in guest suite,Private room,2,1.0,2.0,1.0,91.0,2026-06-24,2026-06-25,91.0,91.0,1.0,1125.0,t,4,13,27,293,2026-06-24,1022,130,77,2014-09-12,2026-06-10,4.51,4.62,4.81,4.86,4.87,4.58,7.12,1,0
23,3622272,2026-06-24,city scrape,Cozy and modern in Ottawa's Westboro Village,834817,Dominika,14,11,12,0,"Ottawa, Canada",t,1,t,Kitchissippi,45.3837582,-75.74764809999999,Entire guest suite,Entire home/apt,2,1.0,1.0,1.0,91.27,2026-09-01,2026-10-01,2738.0,91.27,30.0,180.0,t,0,0,21,201,2026-06-24,37,12,20,2023-12-25,2026-05-30,4.92,5.0,4.92,4.89,4.95,4.81,1.22,1,1
24,3765828,2026-06-24,city scrape,Heart of Ottawa's Attractions,19290752,Mojgan,11,10,11,10,"Ottawa, Canada",t,3,t,Rideau-Vanier,45.43382,-75.69221,Entire rental unit,Entire home/apt,3,1.0,1.0,2.0,135.33,2026-06-24,2026-07-24,4060.0,135.33,30.0,1125.0,t,30,60,90,365,2026-06-24,112,0,0,2014-09-18,2019-04-28,4.56,4.74,4.76,4.85,4.82,4.57,0.78,3,3
25,3929195,2026-06-24,city scrape,Victorian House in Byward Market,20355739,Irma,11,10,11,9,"Ottawa, Canada",f,1,t,Rideau-Vanier,45.43206,-75.6949,Entire townhouse,Entire home/apt,5,1.5,2.0,2.0,293.5,2026-07-01,2026-07-15,4109.0,293.5,14.0,200.0,t,23,53,83,243,2026-06-24,23,0,2,2014-11-23,2025-06-08,4.91,4.87,5.0,4.87,5.0,4.83,0.16,1,1
26,4052228,2026-06-24,city scrape,Two-bedroom executive suite in a country setting,21011582,Claudette,11,9,11,9,"Ottawa, Canada",t,3,t,Cumberland,45.34755,-75.44776,Private room in home,Private room,4,1.0,2.0,2.0,68.3,2026-09-04,2026-10-04,2049.08,68.3,30.0,1125.0,t,0,0,18,293,2026-06-24,80,1,0,2014-10-28,2026-05-17,4.88,4.91,4.94,4.96,4.8,4.88,0.56,3,0
27,4183188,2026-06-24,city scrape,Chic 1 Bedroom in Beechwood Village (Suite 1),21702498,Jane,11,9,11,9,"Ottawa, Canada",f,2,t,Rideau-Vanier,45.4399,-75.6684,Entire rental unit,Entire home/apt,2,1.4,1.0,1.0,76.16,2026-07-27,2026-08-26,2284.81,76.16,30.0,1125.0,t,0,27,37,283,2026-06-24,37,2,2,2014-11-08,2026-05-04,4.95,4.94,4.92,4.94,4.75,4.81,0.26,2,2
28,4406846,2026-07-02,previous scrape,Walkable Central 1BR House | Parking,1300135,Ains,14,8,14,8,"Ottawa, Canada",t,1,t,Somerset,45.41536,-75.70314,Entire home,Entire home/apt,2,1.4,1.0,2.0,173.3,0000-00-00,"""0000-00-00""",2246.7,173.3,1.0,28.0,t,1,1,1,1,2026-07-02,46,5,4,2014-11-22,2026-06-11,4.83,4.83,4.89,4.96,4.87,4.76,0.33,1,1
29,4706926,2026-06-24,city scrape,Webster Gardens,24328926,Fay,11,6,11,6,"Ottawa, Canada",f,2,t,Alta Vista,45.38657,-75.65642,Private room in bed and breakfast,Private room,2,1.0,2.0,1.0,94.6,2026-06-25,2026-07-25,2838.0,94.6,30.0,1125.0,t,29,59,89,364,2026-06-24,49,0,0,2015-02-01,2023-06-26,4.84,4.8,4.86,4.88,4.67,4.86,0.35,2,0
30,4757549,2026-06-24,city scrape,"Artful Canal/Glebe Loft  | Sunny, Scenic & Central",11105198,James,12,5,11,6,"Ottawa, Canada",t,3,t,Capital,45.39697,-75.68582,Entire loft,Entire home/apt,2,1.0,1.0,1.0,326.0,2026-06-29,2026-06-30,326.0,326.0,1.0,1125.0,t,11,35,40,40,2026-06-24,477,51,43,2015-01-24,2026-06-20,4.92,4.94,4.91,4.95,4.97,4.83,3.43,1,1
31,5117160,2026-07-02,previous scrape,Charming Westboro location - comfortable bedroom,26444850,Brenda,11,5,11,2,"Ottawa, Canada",f,2,t,Kitchissippi,45.3821,-75.75683,Private room in home,Private room,1,1.4,2.0,2.0,14.78,2026-11-01,2026-12-31,886.98,14.78,60.0,500.0,t,0,26,26,87,2026-07-02,66,5,2,2015-09-09,2026-06-27,4.92,4.91,4.95,4.89,4.83,4.88,0.5,2,0
32,5220678,2026-06-24,city scrape,Webster Gardens,24328926,Fay,11,6,11,6,"Ottawa, Canada",f,2,t,Alta Vista,45.38763,-75.65732,Private room in home,Private room,2,1.0,2.0,1.0,94.6,2026-06-25,2026-07-25,2838.0,94.6,30.0,1125.0,t,29,59,89,89,2026-06-24,47,0,0,2015-02-20,2023-02-20,4.62,4.66,4.7,4.6,4.52,4.43,0.34,2,0
33,5924541,2026-06-24,city scrape,Central New York Loft Style 2 BDM,7354245,Lisa,12,11,12,10,"Ontario, Canada",t,29,t,Somerset,45.412,-75.69986,Entire rental unit,Entire home/apt,4,1.0,2.0,2.0,149.15,2026-10-14,2026-11-13,4474.54,149.15,30.0,999.0,t,28,28,32,285,2026-06-24,91,2,3,2015-04-10,2026-05-01,4.69,4.7,4.89,4.78,4.81,4.59,0.67,20,20
34,6032518,2026-06-24,city scrape,Awesome view of the Gatineau Mountains.,31208679,Debra,11,2,9,9,"Ottawa, Canada",f,2,t,West Carleton-March,45.44504,-76.05336,Private room in bungalow,Private room,2,1.0,2.0,1.0,100.43,2026-06-25,2026-07-25,3012.78,100.43,30.0,1125.0,t,29,59,89,364,2026-06-24,4,0,0,2017-07-02,2017-10-22,4.5,5.0,5.0,5.0,3.67,4.33,0.04,1,0
35,6121836,2026-06-24,city scrape,The PORCH'S Little Bit of Country!,31556447,Nancy And John,11,2,11,1,"Ottawa, Canada",t,2,t,College,45.3539629318297,-75.73842807466299,Private room in home,Private room,4,1.0,2.0,2.0,109.0,2026-06-29,2026-06-30,109.0,109.0,1.0,1125.0,t,4,13,28,300,2026-06-24,254,32,43,2015-05-17,2026-05-31,4.96,4.96,4.99,4.98,4.86,4.91,1.88,2,0
36,6121871,2026-06-24,city scrape,The PORCH'S Sunny Yellow Room,31556447,Nancy And John,11,2,11,1,"Ottawa, Canada",t,2,t,College,45.35532,-75.73721,Private room in home,Private room,4,1.0,2.0,2.0,109.0,2026-06-29,2026-06-30,109.0,109.0,1.0,1125.0,t,7,15,22,293,2026-06-24,337,32,36,2015-05-19,2026-06-21,4.89,4.89,4.95,4.96,4.87,4.84,2.49,2,0
37,6197420,2026-06-24,city scrape,"Gorgeous, Large 3 Bed Downtown with Parking",7354245,Lisa,12,11,12,10,"Ontario, Canada",t,29,t,Somerset,45.41342,-75.70607,Entire townhouse,Entire home/apt,7,1.5,3.0,4.0,211.27,2026-08-06,2026-09-06,6549.29,211.27,31.0,999.0,t,1,18,48,323,2026-06-24,147,4,4,2015-06-29,2026-05-02,4.71,4.8,4.91,4.93,4.76,4.63,1.1,20,20
38,6424695,2026-06-24,city scrape,This cozy one bedroom in-law suite,2819714,Andrea And Dara,13,11,11,1,"Ottawa, Canada",f,2,t,Kitchissippi,45.39859,-75.73035,Entire rental unit,Entire home/apt,2,1.0,1.0,1.0,171.33,2026-07-04,2026-07-07,514.0,171.33,1.0,90.0,t,12,27,57,332,2026-06-24,177,18,13,2015-05-29,2026-06-19,4.82,4.87,4.94,4.89,4.93,4.81,1.31,1,1
39,6430320,2026-06-24,city scrape,Studio apt. best location in Ottawa,19290752,Mojgan,11,10,11,10,"Ottawa, Canada",t,3,t,Rideau-Vanier,45.43332,-75.69049,Entire rental unit,Entire home/apt,2,1.0,2.0,1.0,73.56,2026-06-24,2026-07-24,2206.82,73.56,30.0,730.0,t,30,60,90,365,2026-06-24,177,0,0,2015-05-30,2024-08-30,4.68,4.83,4.81,4.84,4.73,4.54,1.31,3,3
40,6475461,2026-06-24,city scrape,Crystal Bay Loft,33827123,Gerald,11,1,11,1,"Ottawa, Canada",t,1,t,Bay,45.36383,-75.86153,Private room in home,Private room,2,1.0,2.0,1.0,124.5,2026-06-30,2026-07-02,249.0,124.5,2.0,14.0,t,13,43,69,159,2026-06-24,251,27,29,2015-06-02,2026-06-22,4.91,4.92,4.98,4.99,4.9,4.91,1.86,1,0
41,6478453,2026-06-24,city scrape,"Comfy mini-suite, great location.",33836567,Linden,11,1,11,1,"Ottawa, Canada",f,2,t,Capital,45.39851,-75.69425,Private room in home,Private room,1,1.0,2.0,1.0,53.1,2026-12-31,2027-01-31,1646.0,53.1,31.0,180.0,t,0,0,0,175,2026-06-24,154,4,5,2015-05-24,2026-05-02,4.91,4.93,4.99,4.95,4.96,4.91,1.14,2,0
42,6500659,2026-06-24,city scrape,Ultra Modern Chalet in the Woods,33978514,Peter,11,1,11,1,"Ottawa, Canada",t,1,t,West Carleton-March,45.42571,-76.07842,Entire chalet,Entire home/apt,4,2.0,2.0,2.0,417.0,2026-07-09,2026-07-11,834.0,417.0,1.0,8.0,t,6,14,37,286,2026-06-24,234,28,30,2015-05-31,2026-05-25,4.98,4.98,4.98,4.99,4.87,4.91,1.74,1,1
43,6512008,2026-06-24,city scrape,"Westboro: Petit déj' compris, tranquille - Chatte",16181239,Gaëtane,12,0,11,1,"Ottawa, Canada",t,2,t,Kitchissippi,45.39607,-75.75796,Private room in rental unit,Private room,2,1.0,2.0,1.0,120.0,2026-08-04,2026-08-05,120.0,120.0,1.0,1125.0,t,0,19,49,49,2026-06-24,25,2,4,2018-11-04,2026-05-10,5.0,4.88,4.96,4.96,4.96,4.8,0.27,2,0
44,6512045,2026-07-02,previous scrape,"Quiet, nice light, cat in residence",16181239,Gaëtane,12,0,11,1,"Ottawa, Canada",t,2,t,Kitchissippi,45.39546,-75.75959,Private room in rental unit,Private room,2,1.4,2.0,2.0,173.3,0000-00-00,"""0000-00-00""",2246.7,173.3,1.0,1125.0,t,0,0,0,0,2026-07-02,34,6,8,2016-11-06,2026-05-26,4.94,4.88,4.97,4.94,4.88,4.82,0.29,2,0
45,6586860,2026-06-24,city scrape,Cozy Suite,32721950,Hanan,11,1,11,0,"Ottawa, Canada",f,1,t,Rideau-Rockcliffe,45.4292,-75.64563,Entire home,Entire home/apt,2,1.0,1.0,1.0,141.75,2026-06-30,2026-07-04,567.0,141.75,4.0,1125.0,t,12,26,38,297,2026-06-24,182,13,11,2015-06-10,2026-06-12,4.78,4.81,4.91,4.9,4.79,4.81,1.35,1,1
46,6589324,2026-06-24,city scrape,Heritage Luxury at Peloton House and Art Gallery,1878522,Ursula,14,3,14,3,"Ottawa, Canada",t,2,t,Rideau-Rockcliffe,45.44129,-75.68632,Entire loft,Entire home/apt,4,2.0,2.0,2.0,320.0,2026-07-21,2026-07-23,640.0,320.0,1.0,90.0,t,3,18,24,24,2026-06-24,271,26,27,2016-06-23,2026-06-14,4.93,4.95,4.96,4.98,4.95,4.83,2.22,2,2
47,6591110,2026-06-24,city scrape,Great place to relax close to all tourist areas,34481136,Jane And Serge,11,0,11,0,"Ottawa, Canada",f,1,t,Rideau-Vanier,45.43304,-75.66247,Entire rental unit,Entire home/apt,6,1.0,2.0,4.0,142.1,2026-07-01,2026-07-30,4121.0,142.1,29.0,1124.0,t,23,53,83,83,2026-06-24,181,0,0,2015-11-27,2021-08-22,4.87,4.89,4.97,4.92,4.71,4.87,1.41,1,1
48,6612499,2026-06-24,city scrape,1 Guest/Furn'd Bedrm in 3 Bedm Apt.,34602819,Christine,11,0,11,0,"Ottawa, Canada",t,13,t,Rideau-Vanier,45.42657,-75.67649,Private room in rental unit,Private room,1,1.0,2.0,1.0,49.21,2026-12-20,2027-01-19,1476.19,49.21,30.0,1125.0,t,0,0,5,191,2026-06-24,19,1,2,2015-09-03,2025-12-31,4.74,4.74,4.84,4.89,4.84,4.37,0.14,13,3
49,7025115,2026-06-24,city scrape,1 Guest/Furn'd Bedrm in 3 Bedm Apt.,34602819,Christine,11,0,11,0,"Ottawa, Canada",t,13,t,Rideau-Vanier,45.42619,-75.67676,Private room in rental unit,Private room,1,1.0,2.0,1.0,49.21,2026-09-12,2026-10-12,1476.19,49.21,30.0,1125.0,t,8,27,37,312,2026-06-24,17,2,1,2015-10-05,2026-06-15,4.65,4.88,4.94,4.82,4.94,4.59,0.13,13,3
50,7064475,2026-06-24,city scrape,Spacious room with ensuite. Central location.,33836567,Linden,11,1,11,1,"Ottawa, Canada",f,2,t,Capital,45.39724,-75.69574,Private room in home,Private room,1,1.0,2.0,1.0,54.61,2027-01-31,2027-03-03,1693.0,54.61,31.0,186.0,t,0,0,0,144,2026-06-24,111,3,2,2015-08-10,2026-05-14,4.95,4.99,5.0,5.0,4.96,4.93,0.84,2,0
51,7182054,2026-06-24,city scrape,Upscale 2 bdrms & baths condo,8729464,Elise,12,9,10,11,"Ottawa, Canada",t,1,t,Kitchissippi,45.39697,-75.71236,Entire rental unit,Entire home/apt,4,2.0,2.0,3.0,99.56,2027-01-01,2027-01-31,2986.68,99.56,30.0,1125.0,t,0,6,6,180,2026-06-24,96,3,2,2015-09-06,2026-05-01,4.82,4.96,4.89,4.98,4.83,4.86,0.73,1,1
52,7216610,2026-06-24,city scrape,"Townhome in Ottawa, near to Britannia Beach",37781349,Kim,10,11,9,1,"Kemptville, Canada",f,1,t,Bay,45.35516,-75.78595,Entire townhouse,Entire home/apt,5,2.5,3.0,3.0,81.55,2027-01-03,2027-02-02,2446.52,81.55,30.0,365.0,t,0,0,0,172,2026-06-24,15,0,0,2017-07-02,2019-06-01,4.2,4.73,4.8,5.0,4.71,4.57,0.14,1,1
53,7256615,2026-06-24,city scrape,Upscale Country Home/ Ottawa Canada,35485441,Brenda,11,0,11,0,"Dunrobin, Canada",f,2,t,West Carleton-March,45.47205,-76.03468,Entire home,Entire home/apt,6,3.0,3.0,3.0,226.77,2026-07-01,2026-07-31,6803.0,226.77,30.0,180.0,t,23,53,83,358,2026-06-24,2,0,1,2021-12-07,2025-04-11,5.0,5.0,5.0,5.0,5.0,5.0,0.04,1,1
54,7279754,2026-07-02,previous scrape,Britannia Beach - master & fireplace,29268749,Linda,11,3,11,3,"Ottawa, Canada",f,2,t,Bay,45.3682,-75.79825,Private room in home,Private room,1,1.4,2.0,2.0,107.5,2026-07-03,2026-07-05,215.0,107.5,2.0,13.0,t,29,29,38,38,2026-07-02,113,4,6,2015-07-20,2025-10-19,4.81,4.89,4.93,4.93,4.82,4.81,0.85,2,1
55,7713717,2026-06-24,city scrape,Bright Spacious Room Close to Everything w/Parking,248064,Tasha,15,8,10,9,"Ottawa, Canada",t,1,t,Somerset,45.41047,-75.71049,Private room in townhouse,Private room,2,1.5,2.0,1.0,137.0,2026-07-12,2026-07-14,274.0,137.0,2.0,3.0,t,12,37,67,67,2026-06-24,186,18,28,2016-02-15,2025-11-08,4.92,4.94,4.95,4.97,4.89,4.85,1.48,1,0
56,7782901,2026-06-24,city scrape,Room w/ bed & desk in an Ottawa homestay!,3582571,Maree And Geoff,13,9,10,10,"Ottawa, Canada",f,3,t,Rideau-Vanier,45.43596,-75.69103,Private room in home,Private room,1,1.5,1.0,1.0,40.43,2026-08-31,2026-09-30,1212.92,40.43,5.0,1125.0,t,16,19,41,262,2026-06-24,24,0,0,2015-08-21,2023-07-30,5.0,4.96,5.0,5.0,5.0,4.96,0.18,3,0
57,7840014,2026-06-24,city scrape,Charming House in West Ottawa,28096363,Andy Diane,11,4,10,10,"Gatineau, Canada",f,3,t,West Carleton-March,45.25667,-76.06605,Entire home,Entire home/apt,10,2.5,6.0,5.0,307.46,2026-06-24,2026-07-24,9223.82,307.46,30.0,1125.0,t,30,60,90,90,2026-06-24,29,0,0,2015-09-08,2020-08-02,4.55,4.69,4.86,4.83,4.79,4.86,0.22,1,1
58,7901417,2026-07-02,previous scrape,Bed & desk in ByWard Homestay near uOttawa,3582571,Maree And Geoff,13,9,10,10,"Ottawa, Canada",f,3,t,Rideau-Vanier,45.43635,-75.69262,Private room in home,Private room,1,1.4,2.0,2.0,173.3,0000-00-00,"""0000-00-00""",2246.7,173.3,30.0,1125.0,t,7,10,10,11,2026-07-02,52,4,4,2015-11-19,2026-03-07,5.0,5.0,5.0,4.98,4.98,4.98,0.4,3,0
59,7956313,2026-06-24,city scrape,Comfy Stay for Medical Trainees,10424386,Darlene,12,6,10,10,"Ottawa, Canada",f,2,t,Kitchissippi,45.38997,-75.72848,Private room in home,Private room,1,1.0,2.0,1.0,44.9,2026-09-19,2026-10-19,1346.91,44.9,30.0,360.0,t,0,0,3,172,2026-06-24,66,1,0,2015-09-01,2026-05-31,4.82,4.8,4.97,4.95,4.86,4.86,0.5,2,0
60,8079065,2026-06-24,city scrape,Townhouse 5 min from CTC for Sens or concerts,3214251,Luis,13,10,10,9,Canada,f,1,t,Stittsville-Kanata West,45.28614,-75.92967,Private room in townhouse,Private room,1,1.0,1.0,2.0,49.69,2026-06-24,2026-07-24,1490.57,49.69,30.0,1125.0,t,30,60,90,365,2026-06-24,4,0,0,2016-05-09,2017-12-10,4.75,4.75,5.0,5.0,5.0,5.0,0.03,1,0
61,8295439,2026-06-24,city scrape,Sandy Hill-3 Bedroom Immaculate Apt,34602819,Christine,11,0,11,0,"Ottawa, Canada",t,13,t,Rideau-Vanier,45.42681,-75.67797,Entire rental unit,Entire home/apt,3,1.0,3.0,3.0,139.5,2026-12-24,2027-01-23,4184.89,139.5,30.0,1125.0,t,0,20,24,206,2026-06-24,17,1,1,2015-10-14,2026-06-06,4.71,4.59,4.71,4.71,4.88,4.41,0.13,13,3
62,8541704,2026-06-24,city scrape,*Barrhaven Blue Room - comfy private room for 2,44968309,Karin,10,9,10,9,"Ottawa, Canada",t,1,t,Gloucester-South Nepean,45.2768,-75.70773,Private room in home,Private room,2,1.0,2.0,1.0,103.0,2026-06-24,2026-06-25,103.0,103.0,1.0,7.0,t,7,37,67,67,2026-06-24,376,34,30,2016-01-07,2026-06-20,4.87,4.91,4.94,4.93,4.76,4.89,2.95,1,0
63,8629757,2026-06-24,city scrape,North Kanata Secluded Guest Unit in Nature,45308226,Chuck & Iris,10,8,10,8,"Ottawa, Canada",t,1,t,West Carleton-March,45.39805,-75.95644,Entire guest suite,Entire home/apt,4,2.0,2.0,3.0,178.02,2026-06-29,2026-06-30,178.02,178.02,1.0,31.0,t,13,28,45,225,2026-06-24,529,76,68,2016-04-29,2026-06-19,4.86,4.88,4.92,4.92,4.85,4.85,4.28,1,1
64,8669055,2026-06-24,city scrape,Great for weddings or events at Strathmere nearby!,45540401,Jeremy,10,8,10,8,"Ottawa, Canada",f,1,t,Rideau-Goulbourn,45.14065,-75.71745,Private room in bungalow,Private room,4,1.5,2.0,1.0,67.95,2026-06-24,2026-07-24,2038.46,67.95,30.0,1125.0,t,30,60,90,365,2026-06-24,15,0,0,2016-08-13,2019-12-13,4.87,5.0,5.0,4.93,4.93,4.8,0.12,1,0
65,8701554,2026-06-24,city scrape,Beautiful Executive Townhome Kanata,434822,Moe,15,3,10,8,"Ottawa, Canada",f,1,t,Kanata South,45.27897,-75.84697,Entire home,Entire home/apt,4,2.5,3.0,2.0,361.14,2026-06-25,2026-07-25,10834.34,361.14,30.0,1125.0,t,29,59,89,364,2026-06-24,0,0,0,10,10,4.8,4.8,4.9,4.9,4.8,4.7,1.8,1,1
66,8782109,2026-06-24,city scrape,"Private, peaceful apartment near the airport",3200011,Nadereh,13,10,9,9,"Ottawa, Canada",t,1,t,Knoxdale-Merivale,45.35055,-75.72065,Entire guest suite,Entire home/apt,2,1.0,1.0,1.0,144.29,2027-01-01,2027-01-08,1010.0,144.29,7.0,365.0,t,0,0,0,174,2026-06-24,78,8,10,2016-09-25,2026-01-02,4.86,4.95,4.97,4.99,4.89,4.78,0.66,1,1
67,8907149,2026-06-24,city scrape,Nations Capital Home Away From Home,46478423,Sue,10,8,10,8,"Ottawa, Canada",t,1,t,Rideau-Rockcliffe,45.4488,-75.62888,Private room in townhouse,Private room,1,1.0,2.0,1.0,154.5,2026-06-29,2026-07-01,309.0,154.5,1.0,1125.0,t,19,33,63,338,2026-06-24,105,6,3,2016-01-13,2026-06-21,4.94,4.91,4.99,4.96,4.84,4.85,0.83,1,0
68,9041061,2026-06-24,city scrape,Private bath + rooftop + gym near McKay Lake +Pond,17102868,Brigette,12,0,11,9,"Ottawa, Canada",f,1,t,Rideau-Vanier,45.44286,-75.67081,Private room in condo,Private room,2,1.0,1.0,1.0,58.63,2026-10-06,2026-11-05,1759.0,58.63,30.0,360.0,t,0,0,0,261,2026-06-24,7,1,2,2016-09-05,2026-05-02,4.86,5.0,5.0,5.0,4.86,4.86,0.06,1,0
69,9165295,2026-06-24,city scrape,GREAT location - modern 1 bedroom/1 bath apt.,47219726,Sonia,10,8,10,7,"Ottawa, Canada",t,1,t,Rideau-Vanier,45.43425,-75.68916,Entire guest suite,Entire home/apt,4,1.0,1.0,2.0,234.0,2026-07-14,2026-07-16,468.0,234.0,2.0,1125.0,t,5,20,27,277,2026-06-24,272,60,54,2015-11-09,2026-06-15,4.96,4.97,4.99,4.99,4.86,4.89,2.1,1,1
70,9232477,2026-06-24,city scrape,"Luxe Home, Backyard Oasis, Pool & Hot Tub!",28652031,Patricia,11,3,10,7,"Ottawa, Canada",f,1,t,Cumberland,45.45738,-75.46152,Entire home,Entire home/apt,8,2.5,4.0,3.0,727.5,2026-07-06,2026-07-08,1455.0,727.5,2.0,1125.0,t,7,20,46,316,2026-06-24,45,6,7,2018-10-08,2026-06-10,4.6,4.82,4.76,4.6,4.87,4.58,0.48,1,1
71,9251989,2026-06-24,city scrape,Beautiful Spacious bedroom,48071546,Sylvie,10,7,10,7,"Ottawa, Canada",f,1,t,Innes,45.46428,-75.51494,Private room in home,Private room,1,1.4,2.0,1.0,165.93,2026-06-24,2026-07-24,4978.0,165.93,30.0,1125.0,t,30,60,90,365,2026-06-24,4,0,0,2017-07-01,2019-05-30,5.0,5.0,5.0,5.0,4.5,4.75,0.04,1,0
72,9289495,2026-06-24,city scrape,Beautiful One-Bedroom Designer Townhouse,41255144,Felipe,10,10,3,5,"Ottawa, Canada",f,1,t,Rideau-Rockcliffe,45.42869,-75.66718,Entire townhouse,Entire home/apt,3,1.0,1.0,1.0,235.53,2026-06-26,2026-07-26,7066.0,235.53,30.0,365.0,t,28,58,88,363,2026-06-24,0,0,0,10,10,4.8,4.8,4.9,4.9,4.8,4.7,1.8,1,1
73,9625671,2026-06-24,city scrape,Modern house near Parliament Hill of Ottawa,49790709,Nadia,10,7,10,7,"Ottawa, Canada",t,4,t,River,45.36876,-75.65915,Entire home,Entire home/apt,6,2.0,3.0,4.0,280.5,2026-08-29,2026-08-31,561.0,280.5,2.0,1125.0,t,2,5,18,234,2026-06-24,225,67,68,2022-09-18,2026-06-15,4.85,4.88,4.98,4.89,4.83,4.85,4.91,3,3
74,9658742,2026-07-02,previous scrape,Home Office with a View,33119004,Sandra,11,1,11,1,"Ottawa, Canada",t,2,t,College,45.35979,-75.74972,Entire bungalow,Entire home/apt,4,1.4,2.0,2.0,173.3,0000-00-00,"""0000-00-00""",2246.7,173.3,30.0,600.0,t,1,1,13,14,2026-07-02,8,1,1,2018-05-31,2026-04-30,4.88,4.88,5.0,4.75,4.88,4.5,0.08,2,2
75,9818875,2026-06-24,city scrape,I Love Your House,50577383,Ana,10,6,10,6,"Ottawa, Canada",f,1,t,Somerset,45.41206,-75.70542,Entire home,Entire home/apt,4,1.5,2.0,2.0,135.51,2027-01-01,2027-01-31,4065.2,135.51,30.0,60.0,t,0,0,0,174,2026-06-24,10,0,0,2016-02-15,2022-06-11,4.9,4.9,5.0,4.9,4.6,4.9,0.08,1,1
76,9827788,2026-06-24,city scrape,LOVELY & SPACIOUS BEDROOM  CLOSE AIRPORT,50608153,Lyne,10,6,10,6,"Ottawa, Canada",f,2,t,Gloucester-South Nepean,45.25979,-75.72354,Private room in home,Private room,2,1.0,2.0,1.0,89.6,2026-06-24,2026-07-24,2688.01,89.6,30.0,1125.0,t,30,60,90,365,2026-06-24,138,0,0,2016-01-07,2022-05-31,4.87,4.94,4.95,4.93,4.84,4.87,1.08,2,0
77,9831528,2026-06-24,city scrape,2 SPACIOUS BEDROOMS CLOSE AIRPORT ON GOLF COURSE,50608153,Lyne,10,6,10,6,"Ottawa, Canada",f,2,t,Gloucester-South Nepean,45.26445,-75.72355,Private room in home,Private room,4,1.0,2.0,2.0,141.13,2026-06-24,2026-07-24,4233.95,141.13,30.0,1125.0,t,30,60,90,365,2026-06-24,18,0,0,2016-03-05,2022-06-13,4.83,4.83,5.0,4.89,4.72,4.78,0.14,2,0
78,10042303,2026-06-24,city scrape,1 Guest/Furn'd Bedrm in 3 Bedm Apt.,34602819,Christine,11,0,11,0,"Ottawa, Canada",t,13,t,Rideau-Vanier,45.42601,-75.67626,Private room in rental unit,Private room,1,1.0,2.0,1.0,49.21,2026-12-24,2027-01-23,1476.19,49.21,30.0,1125.0,t,0,13,22,204,2026-06-24,17,2,2,2016-05-05,2025-12-20,4.88,4.65,4.82,4.88,4.82,4.59,0.14,13,3
79,10057041,2026-07-02,previous scrape,Beautiful Condo at Lansdowne Park,6699109,Corey,10,6,10,6,"Ottawa, Canada",f,2,t,Capital,45.39736,-75.68372,Entire condo,Entire home/apt,3,1.4,1.0,2.0,173.3,0000-00-00,"""0000-00-00""",2246.7,173.3,80.0,1123.0,t,0,0,1,1,2026-07-02,17,0,0,2016-02-01,2016-10-26,4.82,4.65,4.94,5.0,4.94,4.71,0.13,2,2
80,10343890,2026-06-24,city scrape,Super Cozy Central Home alongside Byward Market,2697550,Alex & Katya,14,0,10,5,"Ottawa, Canada",f,3,t,Rideau-Vanier,45.43131677219883,-75.68600744754339,Entire guest suite,Entire home/apt,2,1.0,1.0,1.0,180.4,2026-07-21,2026-07-26,902.0,180.4,5.0,1125.0,t,6,20,32,197,2026-06-24,224,11,13,2016-01-14,2026-05-24,4.92,4.93,4.95,4.96,4.85,4.91,1.76,3,3
81,10522052,2026-07-02,previous scrape,Up to two rooms with attached private bathroom,34397646,Sisira,11,1,10,9,"Ottawa, Canada",t,1,t,Kanata North,45.32349,-75.93514,Private room in home,Private room,4,1.4,2.0,2.0,88.0,2026-07-06,2026-07-07,88.0,88.0,1.0,62.0,t,4,4,4,4,2026-07-02,185,37,17,2016-05-26,2026-06-29,4.89,4.95,4.96,4.96,4.82,4.93,1.5,1,0
82,10535844,2026-07-02,previous scrape,Cozy 1 Bedroom Condo with parking,12614130,Stephanie,12,4,10,5,"Ottawa, Canada",f,1,t,Beacon Hill-Cyrville,45.42434,-75.62668,Entire condo,Entire home/apt,2,1.4,1.0,2.0,173.3,0000-00-00,"""0000-00-00""",2246.7,173.3,182.0,1125.0,t,27,27,27,27,2026-07-02,92,0,0,2016-03-01,2022-10-08,4.9,4.96,4.9,4.97,4.71,4.87,0.73,1,1
83,10700882,2026-06-24,city scrape,Downtown farmhouse w parking,55288519,Grace,10,5,10,5,"Ottawa, Canada",t,2,t,Capital,45.41235,-75.67737,Entire rental unit,Entire home/apt,4,1.0,1.0,1.0,250.0,2026-07-10,2026-07-11,250.0,250.0,1.0,1125.0,t,2,6,11,165,2026-06-24,400,53,57,2016-01-31,2026-06-21,4.9,4.92,4.94,4.91,4.88,4.86,3.16,2,2
84,10864169,2026-06-24,city scrape,Studio pied à terre Beechwood,32302327,Edouard,11,1,10,4,"Ottawa, Canada",f,1,t,Rideau-Vanier,45.44426,-75.66933,Entire rental unit,Entire home/apt,3,1.0,2.0,1.0,61.12,2027-01-01,2027-01-31,1833.49,61.12,30.0,1125.0,t,0,0,0,59,2026-06-24,15,0,0,2016-02-08,2016-08-07,4.8,4.79,4.71,5.0,4.64,4.86,0.12,1,1
85,10970111,2026-06-24,city scrape,"BIG, bright, quiet, clean private 1 BR apt suite",47889428,Norma,10,7,10,4,"Ottawa, Canada",f,2,t,Rideau-Rockcliffe,45.42496871948242,-75.65499114990234,Entire guest suite,Entire home/apt,2,1.0,1.0,1.0,198.0,2026-07-22,2026-07-24,396.0,198.0,1.0,1125.0,t,5,18,31,297,2026-06-24,467,39,42,2016-02-07,2026-06-18,4.72,4.85,4.89,4.89,4.66,4.75,3.7,2,2
86,11007944,2026-06-24,city scrape,Ottawa house monthly,49790709,Nadia,10,7,10,7,"Ottawa, Canada",t,4,t,Bay,45.33755,-75.89535,Entire bungalow,Entire home/apt,4,1.5,2.0,2.0,98.41,2026-11-16,2026-12-17,3050.82,98.41,31.0,1125.0,t,0,0,0,220,2026-06-24,219,0,0,2016-02-13,2022-05-15,4.7,4.79,4.93,4.79,4.58,4.78,1.74,3,3
87,11117632,2026-07-02,previous scrape,Luxury Modern Townhouse On A Traffic-Free Street,57414739,Patrick,10,4,4,7,"Dollard-Des Ormeaux, Canada",t,2,t,Barrhaven,45.28044,-75.75415,Entire townhouse,Entire home/apt,6,1.4,3.0,2.0,29.84,2026-07-03,2026-12-30,5370.43,29.84,180.0,1125.0,t,29,59,89,364,2026-07-02,12,0,0,2021-12-04,2022-03-31,5.0,4.75,4.92,5.0,4.75,4.67,0.22,1,1
88,11301534,2026-06-24,city scrape,Quiet Suite near The Ottawa Hospital & CHEO,59021474,Lesley,10,4,8,11,"Ottawa, Canada",t,1,t,Alta Vista,45.39579,-75.66444,Entire guest suite,Entire home/apt,1,1.0,1.0,2.0,102.83,2026-08-08,2026-08-14,617.0,102.83,1.0,1125.0,t,1,13,23,293,2026-06-24,75,9,9,2020-09-11,2026-05-23,4.91,4.85,4.92,4.97,4.85,4.84,1.06,1,1
89,11475385,2026-07-02,previous scrape,The Grotto - A getaway for the girls!,60383379,Kathleen,10,4,2,4,"Ottawa, Canada",f,1,t,Knoxdale-Merivale,45.3265,-75.78576,Entire guest suite,Entire home/apt,2,1.4,1.0,2.0,173.3,0000-00-00,"""0000-00-00""",2246.7,173.3,28.0,123.0,f,0,0,0,0,2026-07-02,0,0,0,10,10,4.8,4.8,4.9,4.9,4.8,4.7,1.8,1,1
90,11480180,2026-06-24,city scrape,Cozy and bright  1 bedroom basement suite.,60419814,Rheanne,10,3,10,3,"Ottawa, Canada",t,1,t,Rideau-Rockcliffe,45.42563,-75.65453,Entire rental unit,Entire home/apt,2,1.0,1.0,1.0,71.93,2026-09-19,2026-10-19,2158.0,71.93,30.0,1125.0,t,0,0,3,278,2026-06-24,144,3,1,2016-03-07,2026-03-07,4.69,4.84,4.96,4.94,4.77,4.72,1.15,1,1
91,11488432,2026-07-02,previous scrape,Great Location! Modern 1 Bedroom with Parking,7354245,Lisa,12,11,12,10,"Ontario, Canada",t,29,t,Somerset,45.41051,-75.69657,Entire rental unit,Entire home/apt,3,1.4,1.0,2.0,45.42,2026-07-03,2026-10-01,4088.07,45.42,90.0,1125.0,t,29,59,89,364,2026-07-02,74,0,0,2016-03-18,2021-12-24,4.69,4.84,4.86,4.86,4.84,4.68,0.59,20,20
92,11515667,2026-07-02,previous scrape,CoHabit w/young professionals Ottawa ED 3,3201295,Greg And Valerie,13,10,13,10,"Ottawa, Canada",t,8,t,College,45.36032956889715,-75.74763617983916,Private room in home,Private room,1,1.4,2.0,2.0,19.63,2027-01-01,2027-03-02,1178.0,19.63,60.0,200.0,t,0,0,0,182,2026-07-02,15,1,2,2016-04-11,2025-07-12,4.73,4.67,4.67,4.93,4.53,4.4,0.12,8,4
93,11901539,2026-07-02,previous scrape,In The Heart of Ottawa's Market,27160383,Puran,11,4,10,3,"Ottawa, Canada",f,1,t,Rideau-Vanier,45.4301,-75.68721,Entire rental unit,Entire home/apt,2,1.4,1.0,2.0,173.3,0000-00-00,"""0000-00-00""",2246.7,173.3,90.0,1125.0,t,0,0,0,0,2026-07-02,19,0,0,2016-04-26,2018-12-06,4.21,4.63,4.61,4.22,4.83,4.44,0.15,1,1
94,11902153,2026-06-24,city scrape,Ottawa 4-BR Haven-Great Parking for Trucks&Getaway,18292018,Lily,11,2,11,2,"Ottawa, Canada",t,6,t,Cumberland,45.50423,-75.45477,Entire home,Entire home/apt,8,2.0,4.0,5.0,570.59,2026-06-30,2026-07-01,570.59,570.59,1.0,180.0,t,13,28,46,315,2026-06-24,252,44,41,2016-05-29,2026-06-21,4.71,4.74,4.9,4.84,4.8,4.69,2.05,3,3
95,12085004,2026-06-24,city scrape,Ottawa River front house,64771605,Julie,10,2,10,1,"Ottawa, Canada",f,1,t,West Carleton-March,45.49882,-76.07643,Entire home,Entire home/apt,6,2.0,3.0,4.0,448.6,2026-08-31,2026-09-05,2243.0,448.6,1.0,28.0,t,8,8,30,305,2026-06-24,50,4,4,2016-07-10,2025-09-07,4.76,4.9,4.96,4.96,4.94,4.67,0.41,1,1
96,12272235,2026-06-24,city scrape,Homestay in ByWard with a bed & desk!,3582571,Maree And Geoff,13,9,10,10,"Ottawa, Canada",f,3,t,Rideau-Vanier,45.43649,-75.69157,Private room in home,Private room,1,1.5,2.0,1.0,39.49,2027-01-23,2027-02-22,1184.72,39.49,30.0,1125.0,t,2,23,28,126,2026-06-24,25,2,2,2016-07-01,2026-02-28,4.8,4.8,4.92,4.92,4.88,4.72,0.21,3,0
97,12285950,2026-06-24,city scrape,4-Bedroom in Ottawa Sleeps 6,64762834,Lisa,10,2,10,2,"Gatineau, Canada",f,7,t,Rideau-Vanier,45.44022771327492,-75.66660243757173,Entire rental unit,Entire home/apt,6,1.0,4.0,5.0,88.49,2027-01-01,2027-01-31,2654.82,88.49,30.0,125.0,t,0,0,0,79,2026-06-24,1,0,1,2025-05-31,2025-05-31,4.0,4.0,4.0,5.0,4.0,4.0,0.08,6,6
98,12293698,2026-06-24,city scrape,KASHY HOMES-Luxurious home close to Airport & DT,66264674,Kashy,10,2,10,2,"Ottawa, Canada",t,7,t,Gloucester-Southgate,45.37616,-75.60035,Entire home,Entire home/apt,16,2.5,5.0,6.0,304.78,2026-08-01,2026-08-31,9143.48,304.78,30.0,1125.0,t,0,22,52,327,2026-06-24,473,6,4,2016-04-17,2026-02-07,4.56,4.61,4.89,4.81,4.65,4.59,3.81,7,7
99,12354359,2026-06-24,city scrape,VIP home b on 1/3 acre lot free parking,28278044,Dragan,11,4,10,2,"Ottawa, Canada",t,3,t,Beacon Hill-Cyrville,45.45227,-75.61762,Private room in home,Private room,5,1.5,3.0,3.0,170.0,2026-06-27,2026-06-28,170.0,170.0,1.0,3.0,t,12,12,42,42,2026-06-24,140,3,4,2016-05-17,2025-09-14,4.91,4.88,4.95,4.94,4.86,4.89,1.14,3,0
100,12421106,2026-06-24,city scrape,2Bed/2Baths in Ottawa Down-town Core.,67179584,Ike,10,2,10,2,Canada,t,4,t,Somerset,45.41814,-75.70267,Entire condo,Entire home/apt,3,2.0,2.0,2.0,234.14,2026-07-21,2026-08-20,7024.22,234.14,30.0,730.0,t,3,33,63,338,2026-06-24,16,6,4,2016-05-14,2026-06-01,5.0,4.94,5.0,5.0,4.88,5.0,0.13,4,4
101,12461288,2026-06-24,city scrape,Britannia beach house cozy room near transit,66372309,Anne,10,2,10,2,"Ottawa, Canada",t,3,t,Bay,45.36406,-75.79344,Private room in home,Private room,1,1.5,2.0,1.0,36.16,2026-10-01,2026-10-31,1084.83,36.16,30.0,1125.0,t,0,0,0,266,2026-06-24,13,3,4,2016-06-08,2026-02-09,4.92,5.0,5.0,4.85,4.69,4.92,0.11,3,0
102,12464494,2026-06-24,city scrape,Britannia Beach Room 5 minutes walk to beach,66372309,Anne,10,2,10,2,"Ottawa, Canada",t,3,t,Bay,45.36366,-75.79489,Private room in home,Private room,2,1.5,2.0,1.0,57.59,2026-09-01,2026-10-02,1785.41,57.59,31.0,1125.0,t,0,0,21,296,2026-06-24,27,0,0,2016-05-16,2023-09-30,4.96,4.96,4.96,5.0,4.85,4.93,0.22,3,0
103,12707675,2026-06-24,city scrape,Executive Home  with  free parking,28278044,Dragan,11,4,10,2,"Ottawa, Canada",t,3,t,Beacon Hill-Cyrville,45.45402,-75.61886,Private room in home,Private room,5,1.5,3.0,3.0,187.0,2026-06-30,2026-07-01,187.0,187.0,1.0,3.0,t,17,17,17,17,2026-06-24,70,5,4,2017-02-19,2026-05-25,4.87,4.84,4.89,4.89,4.8,4.83,0.62,3,0
104,12785256,2026-06-24,city scrape,Modern Bright Monthly Short Term Executive Rental,10964947,Trevor,12,5,12,5,"Ottawa, Canada",t,3,t,College,45.34238,-75.78619,Entire home,Entire home/apt,6,1.0,3.0,3.0,338.33,2026-06-29,2026-07-02,1015.0,338.33,3.0,365.0,t,3,3,28,303,2026-06-24,49,4,7,2016-05-24,2025-09-01,4.9,4.85,4.92,4.96,4.73,4.79,0.4,3,3
105,12983337,2026-06-24,city scrape,"2 blocks from beach, bdr suite, private toilet",66372309,Anne,10,2,10,2,"Ottawa, Canada",t,3,t,Bay,45.36527,-75.79544,Private room in home,Private room,1,1.5,2.0,1.0,50.7,2026-08-24,2026-09-23,1520.99,50.7,30.0,1125.0,t,0,0,29,133,2026-06-24,11,1,3,2016-08-27,2025-10-31,4.82,4.64,5.0,4.82,4.64,4.73,0.09,3,0
106,13058377,2026-06-24,city scrape,Beautiful 3-br home close to everything,49954531,Jon,10,6,8,11,"Ottawa, Canada",f,1,t,Barrhaven,45.26942,-75.75594,Entire home,Entire home/apt,8,2.5,3.0,5.0,193.2,2026-08-28,2026-09-27,5796.0,193.2,30.0,180.0,t,8,8,33,42,2026-06-24,20,0,0,2017-07-03,2019-12-20,4.9,5.0,4.95,5.0,4.95,4.95,0.18,1,1
107,13120035,2026-06-24,city scrape,Oasis in the middle of the City,3406210,Peter,13,9,4,9,"Ottawa, Canada",t,1,t,Capital,45.40249,-75.67763,Entire bungalow,Entire home/apt,5,1.0,4.0,4.0,488.5,2026-06-28,2026-06-30,977.0,488.5,1.0,1125.0,t,7,20,40,130,2026-06-24,75,15,14,2021-10-04,2026-06-14,4.95,4.95,4.99,4.99,4.97,4.83,1.3,1,1
108,13189968,2026-06-24,city scrape,Bord de l'eau en ville/magnifiques couchers soleil,7470487,Eveline,12,11,5,0,"Ottawa, Canada",f,1,t,Bay,45.36724,-75.80123,Barn,Entire home/apt,8,1.4,4.0,4.0,507.0,2026-07-01,2026-07-31,15209.93,507.0,30.0,1125.0,t,23,53,83,83,2026-06-24,0,0,0,10,10,4.8,4.8,4.9,4.9,4.8,4.7,1.8,1,1
109,13215741,2026-06-24,city scrape,Modern Furnished Luxury Suite,73391052,Sidney,10,1,10,0,"Ottawa, Canada",f,1,t,Somerset,45.42113,-75.70036,Entire condo,Entire home/apt,2,1.0,2.0,1.0,76.82,2026-06-28,2026-07-28,2304.56,76.82,30.0,1125.0,t,26,56,86,126,2026-06-24,234,2,1,2016-06-06,2026-05-10,4.46,4.74,4.67,4.55,4.94,4.58,1.91,1,1
110,13250745,2026-07-02,previous scrape,Dagenais Residence-large 3 bedroom fully furnished,50520188,Brian,10,6,10,1,"Ottawa, Canada",f,1,t,Rideau-Vanier,45.43786,-75.66183,Entire rental unit,Entire home/apt,4,1.4,3.0,2.0,173.3,2026-07-02,2026-10-10,2246.7,173.3,100.0,500.0,t,30,60,90,270,2026-07-02,1,0,0,2016-07-17,2016-07-17,4.0,4.0,5.0,4.0,3.0,5.0,0.01,1,1
111,13356992,2026-06-24,city scrape,★ Trendy Urban Loft ★ Steps from Parliament Hill ♛,17208404,Joel,12,0,10,0,"Ottawa, Canada",t,2,t,Somerset,45.4212,-75.69931,Entire condo,Entire home/apt,2,1.0,1.0,1.0,93.67,2026-12-01,2026-12-31,2810.0,93.67,30.0,365.0,t,0,0,1,217,2026-06-24,362,6,4,2016-06-26,2026-05-11,4.85,4.95,4.92,4.93,4.97,4.86,2.97,2,2
112,13450749,2026-06-24,city scrape,Large appartment with free parking,76818907,Izzy,10,0,9,11,"Ottawa, Canada",t,1,t,Somerset,45.40934,-75.6992,Entire rental unit,Entire home/apt,2,1.0,1.0,1.0,221.5,2026-09-11,2026-09-13,443.0,221.5,2.0,1125.0,t,2,3,6,128,2026-06-24,411,51,54,2016-07-24,2026-06-16,4.97,4.99,5.0,4.99,4.91,4.94,3.4,1,1
113,13637893,2026-06-24,city scrape,Cosy house in the Glebe,79101348,Laurie,10,0,9,11,"Ottawa, Canada",f,1,t,Capital,45.399,-75.68685,Entire home,Entire home/apt,4,2.0,2.0,3.0,236.27,2026-07-01,2026-07-31,7088.0,236.27,30.0,1125.0,t,23,53,83,173,2026-06-24,10,0,0,2016-08-06,2019-08-26,4.5,4.3,4.7,4.9,4.9,4.3,0.08,1,1
114,13658784,2026-07-02,previous scrape,2 Bedroom Condo Right in the Byward Market,63054768,Jf,10,3,10,0,"Ottawa, Canada",t,5,t,Rideau-Vanier,45.42838,-75.68714,Entire condo,Entire home/apt,4,1.4,2.0,2.0,26.01,2026-07-09,2026-11-11,3251.73,26.01,125.0,365.0,t,23,53,83,358,2026-07-02,28,0,0,2016-07-07,2021-12-31,4.93,4.96,4.93,4.96,4.82,4.75,0.23,2,2
115,13676219,2026-06-24,city scrape,Central Park Family Escape,79594212,Maxime,10,0,9,11,"Ottawa, Canada",t,1,t,River,45.36575413472614,-75.73640688383315,Entire townhouse,Entire home/apt,6,2.5,3.0,4.0,313.26,2026-07-03,2026-07-05,626.51,313.26,2.0,28.0,t,2,18,32,44,2026-06-24,158,16,13,2016-07-10,2026-05-24,4.87,4.92,4.97,4.99,4.85,4.86,1.3,1,1
116,13695916,2026-06-24,city scrape,Heart of Downtown Walking Distance to Parliament3,79847570,May,9,11,9,6,Canada,t,4,t,Rideau-Vanier,45.42986,-75.69486,Entire rental unit,Entire home/apt,6,1.0,3.0,3.0,410.0,2026-07-04,2026-07-05,410.0,410.0,1.0,1125.0,t,4,12,35,118,2026-06-24,435,51,41,2016-12-31,2026-06-11,4.65,4.67,4.88,4.9,4.92,4.58,3.77,5,5
117,13858225,2026-06-24,city scrape,Central farmhouse: 4 bed + 2 bath,33277404,Jennifer,11,1,9,9,"Ottawa, Canada",f,1,t,River,45.38882,-75.72605,Entire rental unit,Entire home/apt,8,1.5,4.0,5.0,180.39,2026-07-25,2026-08-24,5411.69,180.39,30.0,1125.0,t,0,29,36,207,2026-06-24,78,2,1,2016-09-25,2026-05-03,4.95,4.9,5.0,4.99,4.82,4.86,0.66,1,1
118,13964065,2026-06-24,city scrape,Room 10 minutes drive to downtown,19068355,Guy,11,10,9,0,"Ottawa, Canada",t,1,t,River,45.36714553833008,-75.74285125732422,Private room in home,Private room,3,1.5,2.0,1.0,148.0,2026-07-02,2026-07-03,148.0,148.0,1.0,1125.0,t,3,16,44,224,2026-06-24,124,8,12,2017-06-16,2026-06-13,4.97,4.96,4.98,4.97,4.88,4.93,1.13,1,0
119,14028892,2026-06-24,city scrape,COZY bedroom in quiet area close to downtown,42714196,Amani,10,9,9,10,"Ottawa, Canada",t,7,t,Rideau-Rockcliffe,45.44652,-75.62738,Private room in home,Private room,1,1.5,2.0,1.0,55.45,2026-07-18,2026-08-17,1663.45,55.45,30.0,1125.0,t,6,36,66,341,2026-06-24,115,4,2,2016-08-14,2026-03-05,4.82,4.87,4.89,4.91,4.79,4.75,0.96,7,1
120,14102023,2026-06-24,city scrape,Sunny Westboro Retreat | Walk to Everything,84886218,Scott,9,11,4,10,"Ottawa, Canada",t,1,t,Kitchissippi,45.3897912,-75.7477174,Entire rental unit,Entire home/apt,2,1.0,1.0,1.0,194.0,2026-06-29,2026-06-30,194.0,194.0,1.0,1125.0,t,5,9,13,265,2026-06-24,156,112,108,2024-11-30,2026-06-21,4.94,4.93,4.97,4.98,4.97,4.91,8.18,1,1
121,14322610,2026-06-24,city scrape,"Private room, heated pool, hot tub, sauna, gardens",147850,Lori,16,0,12,3,"Ottawa, Canada",t,1,f,Alta Vista,45.39184,-75.67265,Private room in home,Private room,2,1.5,2.0,1.0,217.0,2026-07-02,2026-07-03,217.0,217.0,1.0,730.0,t,5,23,44,319,2026-06-24,367,36,40,2016-08-20,2026-06-22,4.94,4.95,4.95,4.97,4.91,4.9,3.06,1,0
122,14358657,2026-06-24,city scrape,Charming one bedroom +den in nine storey building,22328788,Christopher,11,8,11,8,"Ottawa, Canada",f,1,t,Kitchissippi,45.40528,-75.73431,Entire condo,Entire home/apt,1,1.0,1.0,1.0,68.43,2026-07-17,2026-08-16,2052.95,68.43,30.0,60.0,t,22,52,82,82,2026-06-24,61,0,0,2016-09-05,2024-11-29,4.89,4.88,4.93,4.98,4.93,4.9,0.51,1,1
123,14415278,2026-06-24,city scrape,Upscale in-house apt in an ideal location,26068234,Julia,11,5,9,6,"Ottawa, Canada",f,1,f,Alta Vista,45.38972,-75.6738,Entire bungalow,Entire home/apt,2,1.5,1.0,2.0,88.91,2026-10-18,2026-11-17,2667.44,88.91,30.0,180.0,t,1,1,1,155,2026-06-24,25,0,0,2017-02-19,2021-12-31,4.56,4.76,4.96,4.96,4.91,4.74,0.22,1,1
124,14435773,2026-06-24,city scrape,Double cast iron bed large room in basement.,11722130,Andrea,12,4,12,4,"Ottawa, Canada",f,1,t,Rideau-Vanier,45.44146,-75.66578,Private room in home,Private room,1,1.5,2.0,1.0,45.12,2026-06-25,2026-07-25,1353.69,45.12,30.0,1125.0,t,29,59,89,364,2026-06-24,29,0,0,2017-01-04,2023-08-23,4.76,4.76,4.93,4.83,4.72,4.66,0.25,1,0
125,14485058,2026-06-24,city scrape,Studio 1 Ottawa West,12671457,Mariya,12,3,12,2,"Ottawa, Canada",t,2,t,College,45.3172,-75.84037,Private room in home,Private room,1,1.0,1.0,1.0,97.0,2026-06-24,2026-06-25,97.0,97.0,1.0,30.0,t,27,27,27,27,2026-06-24,81,14,6,2016-08-14,2026-06-12,4.93,4.91,4.94,4.93,4.79,4.85,0.67,2,0
126,14495314,2026-07-02,previous scrape,Co-habit w/young professionals Ottawa  ED 1,3201295,Greg And Valerie,13,10,13,10,"Ottawa, Canada",t,8,t,College,45.36032956889715,-75.74763617983916,Private room in home,Private room,1,1.4,2.0,2.0,19.57,2026-11-03,2027-01-02,1174.0,19.57,60.0,200.0,t,0,22,22,263,2026-07-02,7,1,1,2017-05-31,2025-08-30,4.43,4.86,5.0,4.86,4.71,4.57,0.06,8,4
127,14541622,2026-06-24,city scrape,Ottawa 2 bedroom pied-a-terre!,3201295,Greg And Valerie,13,10,13,10,"Ottawa, Canada",t,8,t,College,45.36599,-75.74869,Entire guest suite,Entire home/apt,4,1.0,2.0,3.0,87.99,2026-09-06,2026-10-07,2727.59,87.99,31.0,1125.0,t,0,0,16,291,2026-06-24,6,0,0,2017-09-18,2018-07-25,4.67,5.0,5.0,5.0,4.83,4.83,0.06,8,4
128,14635983,2026-06-24,city scrape,Kanata concept 1 bedroom apartment,86207899,Eva,9,10,9,10,"Ottawa, Canada",t,1,t,Kanata South,45.30251,-75.90863,Entire guest suite,Entire home/apt,2,1.0,1.0,2.0,81.13,2027-04-30,2027-05-30,2434.0,81.13,30.0,380.0,t,0,1,13,68,2026-06-24,451,2,3,2016-09-07,2026-04-26,4.89,4.89,4.96,4.94,4.91,4.87,3.78,1,1
129,14639601,2026-06-24,city scrape,Nation Capital,90779543,Zed,9,10,9,7,"Ottawa, Canada",f,5,t,Gloucester-Southgate,45.37597,-75.64194,Private room in townhouse,Private room,1,1.0,1.0,2.0,48.73,2026-06-25,2026-07-25,1462.0,48.73,30.0,365.0,t,29,59,89,364,2026-06-24,3,0,0,2017-02-20,2022-09-04,4.67,5.0,4.33,5.0,5.0,5.0,0.03,4,0
130,14661086,2026-06-24,city scrape,Great home in executive area. Like a resort,72454600,Nancy,10,1,4,10,"Ottawa, Canada",f,1,t,Rideau-Goulbourn,45.20239,-76.02014,Entire guest suite,Entire home/apt,4,2.0,3.0,4.0,333.0,2026-07-02,2026-07-05,999.0,333.0,1.0,60.0,t,13,26,54,329,2026-06-24,15,3,3,2022-07-10,2026-05-29,4.8,4.87,4.93,4.93,4.93,4.6,0.31,1,1
131,14686777,2026-06-24,city scrape,Welcome to Bullfrog Cottage. Your exclusive space!,21226547,Eva,11,9,11,7,Canada,f,1,t,Cumberland,45.42335,-75.43796,Entire cottage,Entire home/apt,3,1.0,2.0,3.0,70.28,2026-10-10,2026-11-09,2108.54,70.28,30.0,128.0,t,18,18,18,132,2026-06-24,148,2,2,2016-10-08,2026-04-26,4.79,4.9,4.97,4.93,4.79,4.9,1.25,1,1
132,14687088,2026-07-02,previous scrape,Boutique Suite in Ottawa's West End,75720140,Sandra,10,0,9,5,"Ottawa, Canada",t,4,t,Bay,45.35926,-75.79413,Entire home,Entire home/apt,2,1.4,1.0,2.0,173.3,0000-00-00,"""0000-00-00""",2246.7,173.3,30.0,1125.0,t,0,0,0,0,2026-07-02,47,1,3,2017-02-20,2025-08-23,4.93,4.98,5.0,4.98,4.81,4.83,0.41,4,4
133,14827076,2026-06-24,city scrape,Un soir de semaine ou un weekend dans la Capitale,40854055,Pierre,10,10,9,9,"Ottawa, Canada",t,3,t,Rideau-Rockcliffe,45.43666,-75.63692,Private room in townhouse,Private room,3,1.0,2.0,2.0,77.0,2026-06-24,2026-06-25,77.0,77.0,1.0,6.0,t,16,33,58,58,2026-06-24,593,53,57,2016-09-23,2026-06-21,4.74,4.76,4.82,4.81,4.74,4.7,4.99,3,0
134,14850116,2026-06-24,city scrape,Entire Executive Townhome-Ottawa,92957424,JFred,9,9,2,10,"Ottawa, Canada",f,1,t,Cumberland,45.44786,-75.48281,Entire townhouse,Entire home/apt,6,2.5,3.0,3.0,137.91,2027-01-08,2027-02-07,4137.21,137.91,30.0,1125.0,t,1,2,2,169,2026-06-24,62,2,9,2023-08-05,2026-03-05,4.9,4.9,4.98,4.97,4.82,4.84,1.76,1,1
135,15105694,2026-06-24,city scrape,Charme Urbain dans la Capitale (parking inclu),40854055,Pierre,10,10,9,9,"Ottawa, Canada",t,3,t,Rideau-Rockcliffe,45.43653,-75.6386,Private room in townhouse,Private room,2,1.0,2.0,2.0,61.0,2026-07-06,2026-07-08,122.0,61.0,2.0,1125.0,t,10,28,52,52,2026-06-24,247,27,19,2017-03-18,2026-06-20,4.77,4.8,4.86,4.83,4.78,4.76,2.19,3,0
136,15147398,2026-06-24,city scrape,"Perfect downtown location, walk to all attractions",72873454,Jessica,10,1,6,11,"Ottawa, Canada",f,5,t,Somerset,45.41106,-75.69491,Entire home,Entire home/apt,6,2.5,3.0,4.0,254.03,2026-10-01,2026-10-31,7620.9,254.03,30.0,360.0,t,8,25,32,203,2026-06-24,243,8,14,2016-12-18,2026-05-26,4.77,4.88,4.96,4.88,4.9,4.73,2.1,1,1
137,15253138,2026-06-24,city scrape,Newly built 3bdm family house Entire house,97004119,Eric,9,8,9,8,"Ottawa, Canada",f,1,t,Cumberland,45.45095,-75.46063,Entire home,Entire home/apt,6,2.5,3.0,3.0,490.6,2026-06-25,2026-07-25,14718.0,490.6,30.0,700.0,t,29,59,89,269,2026-06-24,20,0,0,2016-10-22,2019-07-28,4.65,4.75,4.95,4.9,4.68,4.79,0.17,1,1
138,15264522,2026-07-02,previous scrape,Chic Unit in Sandy Hill / Access to quint Backyard,103924808,Chris,9,7,9,7,"Ottawa, Canada",f,1,t,Rideau-Vanier,45.42194,-75.67201,Entire rental unit,Entire home/apt,2,1.4,1.0,2.0,123.34,2026-12-24,2027-01-23,3700.16,123.34,30.0,730.0,t,5,5,6,101,2026-07-02,431,15,36,2016-11-20,2026-01-11,4.96,4.96,4.99,4.98,4.85,4.86,3.68,1,1
139,15494034,2026-06-24,city scrape,Little Gem in Central Ottawa-3bd,99500083,Westhaven,9,8,9,8,"Ottawa, Canada",t,6,t,River,45.38116,-75.72676,Entire rental unit,Entire home/apt,6,1.0,3.0,3.0,116.95,2026-07-31,2026-08-30,3508.57,116.95,30.0,1125.0,t,0,23,53,328,2026-06-24,234,1,2,2016-10-23,2025-10-06,4.21,4.62,4.8,4.79,4.46,4.44,1.99,6,6
140,15584895,2026-06-24,city scrape,The ZenDen - Relax in peaceful tranquility.,15991087,Heather,12,0,3,6,"Ottawa, Canada",f,1,t,College,45.35087,-75.77672,Entire home,Entire home/apt,2,1.0,2.0,1.0,153.02,2026-06-27,2026-07-27,4590.63,153.02,30.0,180.0,t,27,57,87,177,2026-06-24,1,0,0,2024-09-30,2024-09-30,4.0,5.0,5.0,5.0,5.0,4.0,0.05,1,1
141,15639698,2026-06-24,city scrape,"Private room, art filled home in trendy hood",838516,Anne,14,11,12,5,"Ottawa, Canada",f,1,t,Kitchissippi,45.40416,-75.7287,Private room in home,Private room,1,0.5,2.0,1.0,79.19,2026-06-26,2026-07-27,2454.74,79.19,31.0,50.0,t,28,58,88,268,2026-06-24,13,2,0,2017-04-30,2026-05-24,5.0,5.0,5.0,5.0,4.92,5.0,0.12,1,0
142,15665820,2026-06-24,city scrape,Architect's Modern Cottage Oasis,101142398,Jian,9,7,2,8,"Ottawa, Canada",f,1,t,Knoxdale-Merivale,45.32493,-75.70921,Entire home,Entire home/apt,10,2.5,4.0,5.0,259.25,2026-06-26,2026-07-26,7777.53,259.25,30.0,365.0,t,28,58,88,363,2026-06-24,1,1,1,2025-06-25,2025-06-25,1.0,1.0,1.0,1.0,1.0,1.0,0.08,1,1
143,15716974,2026-06-24,city scrape,Queen guest apartment,414369985,Emman,4,11,4,11,"Ottawa, Canada",f,2,t,Rideau-Goulbourn,45.26130676269531,-75.8248062133789,Entire guest suite,Entire home/apt,4,1.0,2.0,2.0,227.5,2026-08-08,2026-08-10,455.0,227.5,2.0,180.0,t,2,10,24,299,2026-06-24,110,39,48,2020-03-16,2026-06-19,4.77,4.82,4.86,4.95,4.85,4.78,1.44,2,2
144,15732621,2026-06-24,city scrape,Luxury 2-Story Downtown Apartment-Queen & Sofa Bed,101501830,PARLOUR Hotel,9,7,9,6,"Ottawa, Canada",t,6,t,Rideau-Vanier,45.43107,-75.69243,Entire rental unit,Entire home/apt,2,1.5,1.0,2.0,580.0,2026-07-31,2026-08-01,580.0,580.0,1.0,365.0,t,0,20,50,325,2026-06-24,130,5,9,2017-02-05,2026-06-12,4.97,4.99,5.0,4.99,4.98,4.89,1.14,6,6
145,15835076,2026-06-24,city scrape,Lovely 3 bedroom Townhome,90779543,Zed,9,10,9,7,"Ottawa, Canada",f,5,t,Gloucester-Southgate,45.37639,-75.64076,Private room in home,Private room,2,1.0,1.0,2.0,37.83,2026-06-25,2026-07-25,1135.0,37.83,30.0,365.0,t,29,59,89,89,2026-06-24,0,0,0,10,10,4.8,4.8,4.9,4.9,4.8,4.7,1.8,4,0
146,15972312,2026-06-24,city scrape,Little Jewel in Central Ottawa 3bd,99500083,Westhaven,9,8,9,8,"Ottawa, Canada",t,6,t,River,45.38233,-75.72707,Entire rental unit,Entire home/apt,6,1.0,3.0,3.0,98.66,2026-08-15,2026-09-14,2959.91,98.66,30.0,1125.0,t,9,17,47,322,2026-06-24,174,2,1,2016-12-04,2026-05-31,3.95,4.24,4.7,4.62,4.38,4.13,1.5,6,6
147,16145283,2026-06-24,city scrape,Heritage Jewel in the Byward Market,58249523,Pat,10,4,9,6,"Ottawa, Canada",t,1,t,Rideau-Vanier,45.43275,-75.69263,Entire home,Entire home/apt,4,1.0,2.0,3.0,318.5,2026-10-01,2026-10-03,637.0,318.5,1.0,5.0,t,1,3,4,47,2026-06-24,522,45,53,2016-12-22,2026-06-14,4.95,4.97,4.99,4.99,4.94,4.94,4.51,1,1
148,16174841,2026-06-24,city scrape,Perfect Location,102101487,Alexander,9,7,9,6,"Ottawa, Canada",f,1,t,Capital,45.39914,-75.68761,Private room in home,Private room,2,1.5,2.0,1.0,43.51,2026-08-15,2026-09-14,1305.29,43.51,30.0,365.0,t,8,16,46,46,2026-06-24,17,2,1,2017-01-22,2026-04-01,4.88,4.88,5.0,5.0,4.94,4.94,0.15,1,0
149,16175714,2026-06-24,city scrape,Chao’s full house single bedroom,104013797,Chao,9,7,9,6,"Ottawa, Canada",f,2,t,Gloucester-South Nepean,45.27446,-75.72717,Private room in home,Private room,1,1.0,1.0,1.0,37.46,2026-08-01,2026-08-31,1123.88,37.46,30.0,1125.0,t,17,39,69,159,2026-06-24,0,0,0,10,10,4.8,4.8,4.9,4.9,4.8,4.7,1.8,2,0
150,16207710,2026-06-24,city scrape,Barrhaven Homestay - Spacious room #1 in basement,102979663,Katherine Van Nguyen,9,7,9,6,"Ottawa, Canada",t,3,t,Gloucester-South Nepean,45.28096,-75.71958,Private room in home,Private room,1,1.0,2.0,1.0,31.86,2026-07-01,2026-07-31,955.74,31.86,30.0,365.0,t,23,53,83,83,2026-06-24,27,0,1,2016-12-29,2025-04-13,4.78,4.7,5.0,5.0,4.93,4.74,0.23,2,0
151,16207919,2026-06-24,city scrape,Barrhaven- Spacious room #3 in the basement,102979663,Katherine Van Nguyen,9,7,9,6,"Ottawa, Canada",t,3,t,Gloucester-South Nepean,45.28249,-75.71991,Private room in home,Private room,3,1.0,2.0,2.0,34.84,2026-06-25,2026-07-25,1045.34,34.84,30.0,365.0,t,29,59,89,364,2026-06-24,12,0,0,2017-02-19,2023-11-19,4.67,4.5,4.67,4.67,4.67,4.58,0.11,2,0
152,16288592,2026-06-24,city scrape,Private Downtown Condo in Ottawa near Parliament2,79847570,May,9,11,9,6,Canada,t,4,t,Rideau-Vanier,45.42981,-75.69482,Entire rental unit,Entire home/apt,7,1.0,4.0,4.0,428.0,2026-07-05,2026-07-06,428.0,428.0,1.0,1125.0,t,4,6,13,255,2026-06-24,592,77,72,2016-12-29,2026-06-10,4.73,4.8,4.89,4.92,4.94,4.72,5.13,5,5
153,16290914,2026-06-24,city scrape,Elcho's Explore Ottawa Luxury for 6 - Parking,106574036,Elcho Pronounced Elco,9,6,9,6,"Ottawa, Canada",f,4,t,Rideau-Vanier,45.42553,-75.67413,Entire guest suite,Entire home/apt,6,1.4,2.0,3.0,222.5,2026-06-24,2026-06-26,445.0,222.5,2.0,1125.0,t,3,9,11,151,2026-06-24,53,6,7,2017-01-01,2026-05-18,4.66,4.74,4.67,4.64,4.73,4.4,0.46,4,3
154,16299087,2026-06-24,city scrape,Luxury Apartment |Byward Market| Queen & Sofa Bed,101501830,PARLOUR Hotel,9,7,9,6,"Ottawa, Canada",t,6,t,Rideau-Vanier,45.42941,-75.69252,Entire rental unit,Entire home/apt,2,1.0,1.0,2.0,398.0,2026-06-24,2026-06-25,398.0,398.0,1.0,365.0,t,14,42,72,347,2026-06-24,113,9,22,2017-02-19,2026-05-22,4.89,4.9,4.85,4.91,4.97,4.8,0.99,6,6
155,16311937,2026-06-24,city scrape,Prestige Meets Luxury In 3B Heritage Gold Triangle,40970397,Margaret,10,10,10,10,"Prescott, AZ",t,5,t,Somerset,45.41837,-75.68693,Entire home,Entire home/apt,7,2.5,3.0,4.0,546.5,2026-07-09,2026-07-13,2186.0,546.5,1.0,1125.0,t,5,7,20,270,2026-06-24,96,10,9,2017-06-28,2026-01-25,4.78,4.8,4.91,4.97,4.98,4.79,0.88,1,1
156,16313005,2026-06-24,city scrape,Modern townhome in Kanata w/ direct forest access,81875539,Breathe Vacation Rentals,9,11,9,7,"Prince Edward, Canada",t,34,t,Kanata South,45.27806,-75.84238,Entire townhouse,Entire home/apt,6,2.5,3.0,3.0,349.15,2026-07-15,2026-08-02,6284.64,349.15,18.0,365.0,t,9,39,69,159,2026-06-24,57,3,4,2016-12-22,2025-12-12,4.79,4.81,4.98,4.88,4.85,4.64,0.49,4,4
157,16348342,2026-06-24,city scrape,Clean & Modern Living in Little Italy & Chinatown,32258023,Nathan,11,1,11,1,"Ottawa, Canada",t,1,t,Somerset,45.40866,-75.71527,Entire guest suite,Entire home/apt,2,1.0,1.0,1.0,201.0,2026-07-22,2026-07-25,603.0,201.0,3.0,1125.0,t,2,3,18,18,2026-06-24,257,21,18,2017-02-12,2026-06-19,5.0,5.0,4.99,5.0,4.91,4.98,2.25,1,1
158,16379102,2026-06-24,city scrape,Spacious Fully Equipped Studio in Trendy Westboro,10876672,Michelle,12,5,12,4,"Ottawa, Canada",t,2,t,Kitchissippi,45.3842,-75.74418,Entire guesthouse,Entire home/apt,2,1.0,1.0,1.0,86.0,2026-07-06,2026-07-08,172.0,86.0,2.0,1125.0,t,6,21,30,284,2026-06-24,672,60,70,2017-01-01,2026-06-14,4.87,4.91,4.96,4.98,4.89,4.89,5.82,2,2
159,16479165,2026-06-24,city scrape,"Westboro BeachHouse - Outdoor Jacuzzi, Netflix",51131943,Brenda,10,6,8,9,"Ottawa, Canada",t,2,t,Kitchissippi,45.39424,-75.76009,Entire home,Entire home/apt,6,1.0,3.0,4.0,626.0,2026-06-29,2026-07-02,1878.0,626.0,2.0,1125.0,t,7,21,50,312,2026-06-24,131,21,20,2017-09-12,2026-06-14,4.93,4.94,4.98,4.98,4.98,4.73,1.23,1,1
160,16491956,2026-06-24,city scrape,"Quiet Downtown, 2 level, Family-friendly Apartment",1265877,Andreas,14,8,9,5,"Ottawa, Canada",f,1,t,Somerset,45.4082,-75.6984,Entire home,Entire home/apt,7,1.0,2.0,3.0,111.37,2026-07-04,2026-08-03,3341.0,111.37,30.0,120.0,t,20,50,59,59,2026-06-24,206,3,3,2017-01-29,2026-03-07,4.89,4.93,4.98,4.98,4.91,4.89,1.8,1,1
161,16536507,2026-06-24,city scrape,Elcho's ExplOre Ottawa #3. Parking,106574036,Elcho Pronounced Elco,9,6,9,6,"Ottawa, Canada",f,4,t,Rideau-Vanier,45.42517,-75.67358,Entire guest suite,Entire home/apt,4,1.0,1.0,2.0,167.0,2026-07-28,2026-07-30,334.0,167.0,1.0,1125.0,t,2,8,10,180,2026-06-24,28,8,3,2017-05-05,2026-06-21,4.75,4.71,4.93,4.79,4.93,4.68,0.25,4,3
162,16555596,2026-06-24,city scrape,Elcho's Lovely Guest Room,106574036,Elcho Pronounced Elco,9,6,9,6,"Ottawa, Canada",f,4,t,Rideau-Vanier,45.42689,-75.67447,Private room in guest suite,Private room,2,1.4,2.0,1.0,130.0,2026-07-01,2026-07-03,260.0,130.0,2.0,5.0,t,17,40,49,103,2026-06-24,134,18,18,2018-02-18,2026-06-20,4.83,4.85,4.93,4.91,4.87,4.73,1.32,4,3
163,16646606,2026-06-24,city scrape,Rideau Canal Luxurious 1BD/kitchenette/studio,38156157,Jean-Paul,10,11,9,4,"Ottawa, Canada",f,1,t,Capital,45.40301,-75.67984,Private room in home,Private room,2,1.0,2.0,1.0,85.87,2026-06-25,2026-07-25,2576.12,85.87,30.0,1125.0,t,29,59,89,364,2026-06-24,25,0,0,2017-02-20,2020-02-27,4.92,4.92,5.0,4.96,4.96,4.96,0.22,1,0
164,16766230,2026-06-24,city scrape,2 Bedroom Overlooking the Rideau Canal w Parking,56227747,Dimitri,10,4,9,5,"Ottawa, Canada",f,2,t,Capital,45.41192,-75.68184,Entire home,Entire home/apt,4,1.4,2.0,3.0,233.0,2026-08-24,2026-08-26,466.0,233.0,2.0,31.0,t,3,5,20,20,2026-06-24,538,70,62,2017-01-29,2026-06-10,4.82,4.86,4.86,4.86,4.84,4.82,4.7,2,2
165,17033109,2026-06-24,city scrape,Private room: Only 20 mins from Downtown,62205260,Harsimran,10,3,3,10,"Ottawa, Canada",f,1,t,Stittsville-Kanata West,45.28569,-75.93653,Private room in home,Private room,1,1.5,2.0,1.0,49.1,2026-06-24,2026-07-24,1473.0,49.1,30.0,1125.0,t,30,60,90,270,2026-06-24,0,0,0,10,10,4.8,4.8,4.9,4.9,4.8,4.7,1.8,1,0
166,17265279,2026-06-24,city scrape,Elegant 1 Bedroom in Beechwood Village (Suite 2),21702498,Jane,11,9,11,9,"Ottawa, Canada",f,2,t,Rideau-Vanier,45.4393,-75.66783,Entire home,Entire home/apt,2,1.0,1.0,2.0,79.87,2027-03-11,2027-04-10,2395.98,79.87,30.0,720.0,t,0,0,0,109,2026-06-24,23,0,0,2017-04-30,2024-02-02,4.83,4.87,4.96,4.91,4.74,4.78,0.21,2,2
167,17345085,2026-06-24,city scrape,"Waterfront property, 17 kms to downtown Ottawa.",110457614,Maureen & Albert,9,5,9,4,"Ottawa, Canada",t,1,t,Gloucester-South Nepean,45.30137,-75.69919,Private room in bungalow,Private room,4,1.0,2.0,3.0,139.0,2026-07-17,2026-07-19,278.0,139.0,2.0,1125.0,t,7,18,28,303,2026-06-24,124,13,11,2017-05-28,2026-06-08,4.96,4.95,4.98,4.99,4.94,4.92,1.12,1,0
168,17478679,2026-06-24,city scrape,Chester Copperpot Loft - Industrial Chic  -,85297148,Short And Suite BnB,9,11,9,4,"Ottawa, Canada",t,51,t,Somerset,45.413,-75.7024,Entire rental unit,Entire home/apt,2,1.0,1.0,1.0,282.0,2026-06-29,2026-06-30,282.0,282.0,1.0,1125.0,t,7,15,27,280,2026-06-24,383,62,69,2017-03-19,2026-06-19,4.78,4.8,4.85,4.83,4.72,4.71,3.39,28,28
169,17480172,2026-07-02,previous scrape,Entire Single Family Home with Heated Pool,118414937,Susan,9,4,9,4,"Ottawa, Canada",f,1,t,Barrhaven,45.27003,-75.77176,Entire home,Entire home/apt,10,1.4,3.0,2.0,173.3,0000-00-00,"""0000-00-00""",2246.7,173.3,30.0,35.0,t,0,0,0,0,2026-07-02,85,0,0,2017-03-19,2020-01-19,4.95,4.95,4.96,4.91,4.86,4.82,0.75,1,1
170,17495093,2026-06-24,city scrape,Le Petit Palais - Brand New - Art Deco - French,85297148,Short And Suite BnB,9,11,9,4,"Ottawa, Canada",t,51,t,Somerset,45.413,-75.7024,Entire rental unit,Entire home/apt,2,1.0,1.0,1.0,376.0,2026-07-08,2026-07-09,376.0,376.0,1.0,1125.0,t,2,13,22,242,2026-06-24,499,66,65,2017-03-19,2026-06-19,4.78,4.86,4.88,4.88,4.73,4.75,4.42,28,28
171,17495287,2026-06-24,city scrape,The GREENBERG FLAT - BRAND NEW - Mid Century -,85297148,Short And Suite BnB,9,11,9,4,"Ottawa, Canada",t,51,t,Somerset,45.413,-75.7024,Entire rental unit,Entire home/apt,2,1.0,1.0,1.0,306.98,2026-07-03,2026-07-05,613.95,306.98,1.0,1125.0,t,7,18,31,266,2026-06-24,458,69,65,2017-03-16,2026-06-22,4.72,4.8,4.86,4.87,4.78,4.74,4.06,28,28
172,17531690,2026-06-24,city scrape,Clean and Comfortable Studio + Amazing Location,19290752,Mojgan,11,10,11,10,"Ottawa, Canada",t,3,t,Rideau-Vanier,45.43331,-75.69076,Entire rental unit,Entire home/apt,2,1.4,2.0,2.0,77.4,2026-06-24,2026-07-24,2321.87,77.4,30.0,730.0,t,30,60,90,365,2026-06-24,163,2,4,2017-04-30,2026-05-31,4.78,4.89,4.87,4.9,4.86,4.78,1.46,3,3
173,17719014,2026-06-24,city scrape,Sandy Hill-3 Bedroom Immaculate Apt.-Walk downtown,34602819,Christine,11,0,11,0,"Ottawa, Canada",t,13,t,Rideau-Vanier,45.42686,-75.6767,Entire rental unit,Entire home/apt,3,1.0,3.0,3.0,145.84,2026-08-18,2026-09-17,4375.15,145.84,30.0,1125.0,t,4,9,39,314,2026-06-24,8,1,2,2018-09-30,2025-12-22,4.88,4.63,4.75,5.0,5.0,4.63,0.08,13,3
174,17778357,2026-06-24,city scrape,Quiet & Cozy Retreat near Downtown Ottawa,44539171,Nicole,10,9,9,3,"Ottawa, Canada",t,1,t,Rideau-Vanier,45.44204,-75.65829,Private room in bungalow,Private room,5,1.0,2.0,2.0,217.0,2026-07-15,2026-07-16,217.0,217.0,1.0,7.0,t,1,9,26,165,2026-06-24,190,31,27,2017-05-14,2026-06-14,4.92,4.91,4.97,4.95,4.84,4.83,1.71,1,0
175,17887021,2026-06-24,city scrape,Nicely appointed In-Law Suite with amenities.,84582723,Suzie,9,11,9,2,"Ottawa, Canada",t,3,t,Orleans,45.47875,-75.52769,Entire rental unit,Entire home/apt,2,1.0,1.0,1.0,123.67,2026-12-01,2026-12-04,371.0,123.67,3.0,125.0,t,0,0,0,205,2026-06-24,104,0,1,2017-04-01,2025-01-03,4.97,4.94,4.97,4.97,4.81,4.93,0.93,3,1
176,17887616,2026-06-24,city scrape,Queen size Guest Room in luxurious home,84582723,Suzie,9,11,9,2,"Ottawa, Canada",t,3,t,Orleans,45.47797,-75.52718,Private room in home,Private room,2,1.0,2.0,1.0,86.5,2026-07-01,2026-07-03,173.0,86.5,1.0,240.0,t,5,9,21,215,2026-06-24,201,54,29,2017-04-29,2026-06-22,4.98,4.99,5.0,5.0,4.88,4.97,1.8,3,1
177,17888974,2026-06-24,city scrape,Elegant Queen bed guest room with ensuite bath,84582723,Suzie,9,11,9,2,"Ottawa, Canada",t,3,t,Orleans,45.47797,-75.52718,Private room in home,Private room,2,1.0,2.0,1.0,112.98,2026-07-04,2026-07-05,112.98,112.98,1.0,240.0,t,8,17,23,285,2026-06-24,395,71,43,2017-04-06,2026-06-21,4.99,4.99,4.99,4.99,4.89,4.99,3.52,3,1
178,18007422,2026-06-24,city scrape,Glebe suite on Monk with small parking spot,28026087,Bartholomew Martin,11,4,9,2,"Ottawa, Canada",f,5,t,Capital,45.3985563,-75.6869,Entire rental unit,Entire home/apt,2,1.0,1.0,1.0,175.9,2027-02-01,2027-03-03,5277.0,175.9,2.0,1125.0,t,0,1,16,163,2026-06-24,350,4,4,2017-04-26,2026-06-10,4.9,4.93,4.95,4.91,4.99,4.84,3.14,3,3
179,18018307,2026-07-02,previous scrape,Spacious Executive Condo in Ottawa's Best Location,9369499,Carlos,12,8,9,3,"Ottawa, Canada",f,1,t,Somerset,45.4195,-75.69429,Entire rental unit,Entire home/apt,2,1.4,1.0,2.0,40.62,2026-07-09,2026-10-17,4062.26,40.62,100.0,1125.0,t,23,53,83,358,2026-07-02,0,0,0,10,10,4.8,4.8,4.9,4.9,4.8,4.7,1.8,1,1
180,18074764,2026-06-24,city scrape,Bright heritage Westboro home for the plant lover!,2969861,Naomi,13,11,9,2,"Ottawa, Canada",f,1,t,Kitchissippi,45.38978,-75.7542,Entire home,Entire home/apt,3,1.0,1.0,1.0,133.13,2026-06-26,2026-07-26,3994.0,133.13,30.0,30.0,t,28,58,88,178,2026-06-24,34,0,0,2017-05-08,2020-02-25,4.91,4.94,4.91,4.94,4.94,4.74,0.31,1,1
181,18075244,2026-06-24,city scrape,King guest apartment,414369985,Emman,4,11,4,11,"Ottawa, Canada",f,2,t,Rideau-Goulbourn,45.25994,-75.82544,Entire guest suite,Entire home/apt,2,1.0,1.0,1.0,188.5,2026-07-12,2026-07-14,377.0,188.5,2.0,120.0,t,13,30,48,138,2026-06-24,174,36,41,2020-10-31,2026-06-13,4.9,4.94,4.95,4.97,4.87,4.87,2.53,2,2
182,18086347,2026-06-24,city scrape,Cute & Cozy Private Guest Suite at Raimi Rentals,35819080,Lisa,11,0,9,1,"Ottawa, Canada",t,1,t,College,45.34824,-75.78209,Entire guest suite,Entire home/apt,2,1.0,1.0,1.0,136.0,2026-08-03,2026-08-05,272.0,136.0,2.0,120.0,t,2,15,40,315,2026-06-24,179,33,29,2017-05-14,2026-04-05,4.84,4.9,4.95,4.97,4.83,4.84,1.61,1,1
183,18162196,2026-07-02,previous scrape,Amazing 3 Bedroom with Free Parking,68953018,Prea,10,2,10,2,"Toronto, Canada",t,16,t,Orleans,45.483,-75.46997,Entire guest suite,Entire home/apt,6,1.4,3.0,2.0,173.3,0000-00-00,"""0000-00-00""",2246.7,173.3,2.0,21.0,t,0,0,0,0,2026-07-02,227,22,39,2017-05-03,2026-03-06,4.78,4.86,4.88,4.88,4.85,4.76,2.03,2,2
184,18239506,2026-07-02,previous scrape,Private in-law Suite with Ensuite+bath.,126010146,Sabina & Shahbaz,9,2,9,2,"Ottawa, Canada",f,2,t,Orleans,45.48444,-75.47199,Private room in home,Private room,2,1.4,2.0,2.0,173.3,0000-00-00,"""0000-00-00""",2246.7,173.3,30.0,1125.0,t,0,0,0,0,2026-07-02,108,0,0,2017-05-21,2023-09-11,4.91,4.93,4.92,4.93,4.77,4.75,0.97,1,0
185,18309281,2026-06-24,city scrape,Clean Spacious 4Bd Home Manor Park 10mins Downtown,109368552,Nita,9,5,9,2,"Ottawa, Canada",f,1,t,Rideau-Rockcliffe,45.45694,-75.65451,Entire home,Entire home/apt,7,1.0,4.0,4.0,114.21,2026-10-20,2026-11-19,3426.23,114.21,26.0,180.0,t,4,4,4,76,2026-06-24,510,18,50,2017-05-07,2026-05-01,4.94,4.95,4.99,4.98,4.89,4.91,4.59,1,1
186,18412501,2026-06-24,city scrape,Constance Bay Sandy Beach Paradise/Winter Retreat,420527634,Eliane,4,9,4,6,"Ottawa, Canada",f,1,t,West Carleton-March,45.49933,-76.07645,Entire cottage,Entire home/apt,6,1.0,3.0,3.0,392.5,2026-09-14,2026-09-18,1570.0,392.5,3.0,30.0,t,8,8,20,195,2026-06-24,204,16,19,2017-12-02,2026-06-12,4.93,4.96,4.99,4.97,4.91,4.84,1.96,1,1
187,18461573,2026-06-24,city scrape,"Fully furnished ""G"" Studio in downtown Ottawa",128012874,Andriy & Nataliya,9,1,9,1,"Ottawa, Canada",t,3,t,Rideau-Vanier,45.429346,-75.68887,Entire condo,Entire home/apt,2,1.0,2.0,1.0,87.81,2026-08-01,2026-09-01,2722.0,87.81,31.0,1125.0,t,0,22,31,85,2026-06-24,270,3,3,2017-06-01,2025-12-20,4.86,4.96,4.91,4.96,4.85,4.82,2.45,2,2
188,18475199,2026-06-24,city scrape,Bright Bedroom for Two - One bus to town centre,110406,Linda,16,2,10,11,"Ottawa, Canada",f,1,t,Gloucester-Southgate,45.37273,-75.61818,Private room in home,Private room,2,1.5,2.0,1.0,117.0,2026-07-01,2026-07-03,234.0,117.0,2.0,1125.0,t,23,53,83,173,2026-06-24,19,1,1,2017-09-04,2026-05-30,4.89,5.0,5.0,5.0,4.89,4.95,0.18,1,0
189,18594015,2026-06-24,city scrape,Beautiful House - 15 Min from Downtown Ottawa,18189653,Anastasia,11,11,9,1,"Ottawa, Canada",t,3,t,Barrhaven,45.26723,-75.77395,Entire home,Entire home/apt,6,2.5,4.0,4.0,216.07,2026-07-31,2026-08-30,6482.2,216.07,30.0,1125.0,t,0,23,53,328,2026-06-24,19,2,3,2017-05-20,2025-08-29,4.84,5.0,5.0,4.95,4.63,4.74,0.17,3,3
190,18600996,2026-06-24,city scrape,Delightful spring/summer/ fall getaway!,129134593,Arda,9,1,9,1,"Ottawa, Canada",f,1,t,West Carleton-March,45.47364,-76.21515,Private room in home,Private room,2,1.5,2.0,1.0,172.0,2026-06-25,2026-06-26,172.0,172.0,1.0,1125.0,t,26,56,86,176,2026-06-24,35,6,6,2019-04-29,2026-05-18,4.94,4.94,4.97,4.97,4.91,4.89,0.4,1,0
191,18690012,2026-06-24,city scrape,Downtown apartment - walk to everything,26248637,Alana,11,5,11,4,"Ottawa, Canada",f,1,t,Somerset,45.40265,-75.71204,Entire rental unit,Entire home/apt,3,1.0,2.0,2.0,111.17,2026-06-24,2026-07-24,3335.12,111.17,30.0,120.0,t,30,60,90,365,2026-06-24,18,0,0,2019-06-21,2020-05-30,4.78,4.89,4.89,4.89,4.83,4.78,0.21,1,1
192,18757065,2026-06-24,city scrape,"Bright Room (L-desk), river near",130509033,Paul,9,1,9,1,"Ottawa, Canada",f,3,t,Orleans,45.47751,-75.55163,Private room in home,Private room,1,1.0,2.0,1.0,34.8,2026-10-01,2026-10-31,1044.0,34.8,30.0,90.0,t,0,0,0,81,2026-06-24,16,0,0,2017-06-04,2021-12-10,5.0,5.0,5.0,5.0,4.79,4.93,0.15,3,0
193,18809375,2026-06-24,city scrape,"Airy Room, river near, (buses)",130509033,Paul,9,1,9,1,"Ottawa, Canada",f,3,t,Orleans,45.47655,-75.55031,Private room in home,Private room,1,1.0,2.0,1.0,27.1,2026-08-03,2026-09-02,813.04,27.1,30.0,90.0,t,0,20,50,140,2026-06-24,41,0,0,2017-06-11,2021-01-04,4.83,4.88,4.9,4.85,4.85,4.87,0.37,3,0
194,18820761,2026-06-24,city scrape,"800 SF.Chinatown,2nd floor duplex,1 Br",45396448,William,10,8,9,0,"Ottawa, Canada",t,1,t,Somerset,45.40904,-75.70581,Entire rental unit,Entire home/apt,2,1.0,1.0,1.0,206.0,2026-06-25,2026-06-26,206.0,206.0,1.0,1125.0,t,9,22,41,79,2026-06-24,410,78,77,2019-04-14,2026-06-23,4.91,4.95,4.98,4.97,4.86,4.84,4.68,1,1
195,18865841,2026-06-24,city scrape,"Beautiful room near Airport. TV, table, Free park",131438126,Rebecca,9,1,8,6,"Ottawa, Canada",t,3,t,Gloucester-South Nepean,45.31773,-75.59541,Private room in villa,Private room,2,1.4,2.0,1.0,63.0,2026-07-01,2026-07-03,126.0,63.0,2.0,1125.0,t,15,37,67,342,2026-06-24,188,43,26,2018-02-20,2026-06-19,4.91,4.9,4.96,4.95,4.84,4.89,1.85,3,0
196,18894018,2026-06-24,city scrape,1 Bedroom in the Glebe of Ottawa,131662713,Isabel,9,1,9,1,"Ottawa, Canada",f,1,t,Capital,45.40524,-75.69737,Private room in home,Private room,1,1.0,2.0,1.0,212.94,2026-06-24,2026-07-24,6388.17,212.94,30.0,1125.0,t,30,60,90,365,2026-06-24,34,0,0,2017-05-28,2021-09-27,4.85,4.85,4.84,4.91,4.94,4.78,0.31,1,0
197,18894606,2026-06-24,city scrape,"Refinished, Gorgeous Brick, Parking, Near Downtown",7354245,Lisa,12,11,12,10,"Ontario, Canada",t,29,t,Somerset,45.4119,-75.70051,Entire rental unit,Entire home/apt,4,1.0,1.0,1.0,108.63,2026-06-24,2026-07-25,3367.63,108.63,31.0,1125.0,t,30,60,90,365,2026-06-24,119,2,2,2017-05-28,2026-05-20,4.83,4.89,4.93,4.86,4.88,4.64,1.08,20,20
198,18917214,2026-06-24,city scrape,Downtown suite with parking and no additional fees,131853395,Scott,9,0,9,0,"Ottawa, Canada",t,1,t,Rideau-Vanier,45.4308,-75.68188,Entire rental unit,Entire home/apt,2,1.0,2.0,1.0,144.0,2026-07-02,2026-07-04,288.0,144.0,1.0,1125.0,t,4,14,21,151,2026-06-24,536,62,62,2017-06-06,2026-06-19,4.83,4.92,4.98,4.97,4.87,4.87,4.86,1,1
199,19029980,2026-07-02,previous scrape,Tranquil One Bedroom in Hintonburg,13600939,Ida,12,2,8,9,"Ottawa, Canada",t,4,t,Kitchissippi,45.40578,-75.7291,Entire rental unit,Entire home/apt,1,1.4,1.0,2.0,21.97,2026-10-02,2026-12-31,1977.27,21.97,90.0,1125.0,t,0,0,0,268,2026-07-02,39,2,2,2017-09-14,2025-12-01,4.95,4.92,4.95,5.0,4.89,4.79,0.36,3,3
200,19038528,2026-06-24,city scrape,Cozy Studio Apartment in Ottawa (Nepean),132869424,John,9,0,9,0,"Ottawa, Canada",t,1,t,College,45.3406,-75.7533,Entire rental unit,Entire home/apt,2,1.0,2.0,1.0,106.4,2026-07-08,2026-08-07,3192.0,106.4,30.0,1125.0,t,16,46,76,351,2026-06-24,145,3,4,2017-06-26,2025-11-26,4.93,4.89,4.98,4.97,4.88,4.81,1.32,1,1
201,19102364,2026-06-24,city scrape,Home away from Home,7990977,Natasha,12,10,9,0,"Ottawa, Canada",f,1,t,Knoxdale-Merivale,45.35278,-75.71864,Entire guest suite,Entire home/apt,2,1.0,1.0,2.0,78.98,2026-08-30,2026-09-29,2369.43,78.98,30.0,1125.0,t,0,0,23,203,2026-06-24,48,1,1,2017-06-23,2025-08-31,4.65,4.73,4.9,4.65,4.73,4.71,0.44,1,1
202,19121063,2026-06-24,city scrape,Elegant bedroom with balcony,133619706,Sara,9,0,9,0,"Ottawa, Canada",f,1,t,Bay,45.34940719604492,-75.79713439941406,Private room in guesthouse,Private room,1,1.4,1.0,1.0,143.0,2026-08-28,2026-08-30,286.0,143.0,2.0,60.0,t,0,0,25,115,2026-06-24,9,0,0,2017-10-01,2024-04-30,5.0,4.89,4.89,4.89,4.89,5.0,0.08,1,0
203,19228584,2026-06-24,city scrape,Ottawa (Westboro) | Cozy 2 Bedroom Guest Suite,134616045,Anna + Jonathan,9,0,9,0,"Ottawa, Canada",t,1,t,Kitchissippi,45.39236,-75.75768,Entire rental unit,Entire home/apt,4,1.0,2.0,2.0,170.33,2026-09-21,2026-09-24,511.0,170.33,1.0,1125.0,t,0,3,9,77,2026-06-24,172,22,0,2017-07-02,2026-06-21,4.97,4.97,5.0,4.99,4.96,4.91,1.57,1,1
204,19270941,2026-06-24,city scrape,Bright Downtown Apartment - Walk to Everything! EV,134945313,Todd And Lesley,9,0,9,0,"Ottawa, Canada",t,1,t,Capital,45.40727,-75.69212,Entire rental unit,Entire home/apt,2,1.0,1.0,1.0,160.0,2026-08-18,2026-08-19,160.0,160.0,1.0,1000.0,t,0,2,8,76,2026-06-24,812,117,111,2017-06-24,2026-06-12,4.87,4.91,4.93,4.94,4.92,4.81,7.41,1,1
205,19290126,2026-07-02,previous scrape,Downtown Canal 2 BDR w/ Parking. Walk Everywhere!,7354245,Lisa,12,11,12,10,"Ontario, Canada",t,29,t,Capital,45.41302,-75.6814,Entire rental unit,Entire home/apt,4,1.4,2.0,2.0,131.13,2026-08-27,2026-09-26,3934.0,131.13,30.0,1125.0,t,26,30,60,335,2026-07-02,106,4,9,2017-06-24,2026-06-20,4.6,4.67,4.88,4.83,4.83,4.52,0.96,20,20
206,19347820,2026-06-24,city scrape,Zen at Ten,75720140,Sandra,10,0,9,5,"Ottawa, Canada",t,4,t,Bay,45.35159,-75.80243,Entire bungalow,Entire home/apt,3,1.0,1.0,2.0,97.96,2026-10-31,2026-11-30,2938.67,97.96,30.0,400.0,t,0,0,0,236,2026-06-24,28,5,5,2019-10-31,2026-04-25,5.0,5.0,4.96,4.96,4.96,4.89,0.35,4,4
207,19363746,2026-06-24,city scrape,Cozy House with parking in Center of Ottawa .,134770370,Felix,9,0,9,0,"Ottawa, Canada",f,2,t,River,45.36527,-75.67806,Entire bungalow,Entire home/apt,6,1.0,3.0,5.0,88.87,2026-08-29,2026-09-28,2666.0,88.87,30.0,1125.0,t,1,21,46,136,2026-06-24,89,7,7,2017-07-06,2026-02-20,4.64,4.74,4.9,4.86,4.83,4.64,0.82,2,2
208,19378846,2026-06-24,city scrape,Entire Single House - 15 min from Downtown,18189653,Anastasia,11,11,9,1,"Ottawa, Canada",t,3,t,Barrhaven,45.2894,-75.74158,Entire home,Entire home/apt,6,3.5,5.0,5.0,219.48,2026-09-27,2026-10-28,6803.83,219.48,31.0,1125.0,t,0,0,0,270,2026-06-24,22,1,0,2017-07-02,2026-05-15,4.86,4.86,4.95,4.95,4.91,4.86,0.2,3,3
209,19433911,2026-06-24,city scrape,Essentially Whitehaven,46506836,James,10,8,9,0,"Ottawa, Canada",f,1,t,Bay,45.35266,-75.7927,Private room in home,Private room,2,1.5,2.0,1.0,94.83,2026-06-25,2026-07-25,2844.76,94.83,30.0,90.0,t,29,59,89,89,2026-06-24,9,0,0,2017-07-02,2019-12-01,5.0,5.0,4.89,5.0,5.0,5.0,0.08,1,0
210,19457458,2026-06-24,city scrape,A Nest,136465954,Satinder,9,0,9,0,"Ottawa, Canada",f,2,t,Gloucester-South Nepean,45.28305,-75.71361,Private room in townhouse,Private room,1,1.5,2.0,2.0,53.13,2026-08-01,2026-08-31,1593.78,53.13,30.0,1125.0,t,0,22,52,52,2026-06-24,82,0,0,2017-07-03,2020-08-14,4.68,4.79,4.83,4.8,4.55,4.65,0.75,1,0
211,19472777,2026-06-24,city scrape,1 bedroom apartment,133296105,Linda,9,0,9,0,"Ottawa, Canada",f,1,t,Rideau-Rockcliffe,45.43822,-75.65225,Entire bungalow,Entire home/apt,2,1.0,1.0,1.0,63.05,2027-05-01,2027-05-31,1891.56,63.05,30.0,1125.0,t,0,0,0,54,2026-06-24,124,0,0,2017-07-02,2024-05-31,4.94,4.97,4.99,5.0,4.87,4.94,1.13,1,1
212,19506818,2026-06-24,city scrape,Clean and comfortable room downtown Ottawa,9953913,Taylor,12,7,8,11,"London, United Kingdom",f,1,t,Somerset,45.41494,-75.70501,Private room in rental unit,Private room,2,1.0,2.0,1.0,290.7,2026-06-26,2026-07-26,8721.0,290.7,30.0,1125.0,t,28,58,88,88,2026-06-24,0,0,0,10,10,4.8,4.8,4.9,4.9,4.8,4.7,1.8,1,0
213,19522101,2026-06-24,city scrape,Two Large Adjoining Rooms in Ottawa South,81885971,Richard,9,11,8,11,"Ottawa, Canada",f,1,t,Alta Vista,45.38597,-75.64536,Private room in bungalow,Private room,6,1.0,2.0,3.0,297.7,2026-06-25,2026-07-25,8931.0,297.7,30.0,40.0,t,29,59,89,89,2026-06-24,43,0,0,2017-08-05,2020-02-27,4.91,4.88,4.98,4.95,4.83,4.83,0.4,1,0
214,19580578,2026-06-24,city scrape,"Westboro, Centrally Located New 2 bedroom Home",61074483,Jim,10,3,10,3,"Ottawa, Canada",f,1,t,Kitchissippi,45.40366,-75.74618,Entire home,Entire home/apt,4,1.0,2.0,2.0,117.81,2026-06-26,2026-07-26,3534.24,117.81,30.0,240.0,t,28,58,88,363,2026-06-24,5,0,0,2017-09-04,2022-06-04,5.0,4.8,5.0,5.0,5.0,4.8,0.05,1,1
215,19595661,2026-06-24,city scrape,Cozy studio steps to the canal  glebe Elgin  T.d.,60310090,Chris,10,3,8,11,"Ottawa, Canada",f,3,t,Capital,45.41041,-75.6772,Entire rental unit,Entire home/apt,2,1.0,1.0,3.0,68.65,2026-09-18,2026-10-18,2059.61,68.65,15.0,1125.0,t,3,16,20,194,2026-06-24,839,11,45,2017-07-17,2026-02-22,4.88,4.9,4.96,4.91,4.85,4.82,7.71,2,2
216,19621814,2026-06-24,city scrape,Private House in Center of Ottawa with 5 parking,134770370,Felix,9,0,9,0,"Ottawa, Canada",f,2,t,River,45.36675,-75.67928,Entire bungalow,Entire home/apt,10,2.0,5.0,9.0,146.33,2026-08-31,2026-09-30,4390.0,146.33,30.0,1125.0,t,19,39,61,151,2026-06-24,128,26,20,2017-08-06,2026-06-14,4.7,4.76,4.9,4.84,4.84,4.55,1.18,2,2
217,19889581,2026-06-24,city scrape,TopView onto Ottawa River from Stylish Pad,2697550,Alex & Katya,14,0,10,5,"Ottawa, Canada",f,3,t,Bay,45.37214,-75.78235,Entire condo,Entire home/apt,1,1.0,1.0,1.0,91.09,2026-07-01,2026-07-31,2732.7,91.09,30.0,360.0,t,23,30,30,145,2026-06-24,6,2,2,2021-01-31,2025-10-01,5.0,5.0,5.0,5.0,5.0,4.83,0.09,3,3
218,19985701,2026-06-24,city scrape,Wyndale,141760512,Pouyan,8,11,8,9,"San Jose, CA",f,1,t,Alta Vista,45.38283,-75.64529,Entire home,Entire home/apt,5,3.0,4.0,2.0,190.12,2026-07-14,2026-08-13,5703.61,190.12,30.0,400.0,t,10,40,70,345,2026-06-24,3,0,0,2017-09-19,2017-09-24,4.67,4.67,5.0,5.0,4.67,5.0,0.03,1,1
219,20133965,2026-06-24,city scrape,Bedroom available in family house.,11301616,Luisa,12,5,8,10,"Ottawa, Canada",t,2,t,River,45.34982,-75.67991,Private room in home,Private room,1,1.5,3.0,2.0,36.69,2026-08-15,2026-09-14,1100.65,36.69,30.0,180.0,t,17,25,55,235,2026-06-24,14,0,1,2017-09-30,2025-01-29,4.79,4.64,4.79,4.64,4.64,4.86,0.13,2,0
220,20169000,2026-06-24,city scrape,Elcho's ExplOre Ottawa #2 for 4 - Parking,106574036,Elcho Pronounced Elco,9,6,9,6,"Ottawa, Canada",f,4,t,Rideau-Vanier,45.42719,-75.67278,Entire guest suite,Entire home/apt,4,1.0,1.0,2.0,183.5,2026-06-24,2026-06-26,367.0,183.5,1.0,1125.0,t,6,11,13,248,2026-06-24,41,2,1,2017-09-26,2026-05-08,4.63,4.73,4.83,4.76,4.83,4.51,0.39,4,3
221,20419395,2026-06-24,city scrape,"Pool, Hot Tub & Pet Loving Santa Fe Style Resort!",21841911,Dwight,11,8,8,10,"Ottawa, Canada",f,1,t,Kanata North,45.33034,-75.8987,Entire bungalow,Entire home/apt,6,2.0,3.0,4.0,862.0,2026-06-27,2026-07-01,3448.0,862.0,3.0,1125.0,t,10,40,70,250,2026-06-24,29,6,6,2019-07-22,2026-05-31,4.72,4.79,4.93,4.93,4.93,4.55,0.34,1,1
222,20524065,2026-06-24,city scrape,"Central Canal, Spacious,Priv.Entrance&Priv.Parking",146518899,Tatiana,8,10,8,10,"Ottawa, Canada",t,5,t,Capital,45.41065,-75.67807,Entire rental unit,Entire home/apt,2,1.0,1.0,2.0,81.73,2026-12-15,2027-01-15,2533.74,81.73,31.0,120.0,t,0,0,7,198,2026-06-24,107,3,1,2017-09-22,2026-06-01,4.7,4.84,4.97,4.92,4.86,4.72,1.0,5,5
223,20697516,2026-06-24,city scrape,Central 1 BR unit on 2 floors in a detached house,124839598,Viet Tan,9,2,9,1,"Ottawa, Canada",f,1,t,Rideau-Vanier,45.43534,-75.66731,Entire home,Entire home/apt,4,1.0,2.0,3.0,113.19,2026-08-01,2026-08-31,3395.69,113.19,30.0,42.0,t,4,26,56,331,2026-06-24,55,2,3,2017-09-29,2025-10-11,4.64,4.71,4.96,4.87,4.78,4.58,0.52,1,1
224,20730252,2026-06-24,city scrape,"West end Ottawa, quiet neighborhood, nice locale",46038214,Helmina & Joe,10,8,8,9,"Ottawa, Canada",f,1,t,Bay,45.34544,-75.83461,Private room in bungalow,Private room,2,1.0,2.0,1.0,671.55,2026-06-24,2026-07-24,20146.58,671.55,30.0,1125.0,t,30,60,90,270,2026-06-24,35,0,0,2017-09-03,2019-12-08,4.89,4.97,4.97,4.94,4.71,4.91,0.33,1,0
225,20786500,2026-06-24,city scrape,Cozy Art Deco bedroom in a country setting,21011582,Claudette,11,9,11,9,"Ottawa, Canada",t,3,t,Cumberland,45.35003,-75.45583,Private room in home,Private room,2,1.0,2.0,1.0,126.0,2026-06-28,2026-06-29,126.0,126.0,1.0,120.0,t,17,47,77,257,2026-06-24,54,4,2,2017-10-01,2026-06-19,4.91,4.98,4.91,4.89,4.69,4.91,0.51,3,0
226,20859962,2026-06-24,city scrape,Spectacular Location. Spacious. 31 day Minimum.,13655068,Edward,12,2,8,9,"Ottawa, Canada",t,2,t,Rideau-Vanier,45.43174,-75.69475,Entire rental unit,Entire home/apt,5,1.0,3.0,5.0,132.68,2026-08-01,2026-09-01,4113.1,132.68,31.0,1125.0,t,0,22,52,327,2026-06-24,234,1,2,2017-10-24,2025-10-31,4.94,4.97,4.99,4.99,4.99,4.89,2.22,2,2
227,20909593,2026-06-24,city scrape,Clean and cozy room in Kanata Lakes (North),150252038,Elena,8,9,8,8,Canada,f,2,t,Kanata North,45.3207337631872,-75.93008744639091,Private room in townhouse,Private room,1,1.5,2.0,1.0,32.83,2026-10-01,2026-10-31,985.0,32.83,30.0,729.0,t,0,0,0,81,2026-06-24,36,0,0,2017-10-21,2019-10-27,4.89,4.89,4.97,4.89,4.89,4.97,0.34,2,0
228,21091495,2026-06-24,city scrape,Ottawa/Nepean Private Room A (book at least 30 n),42947566,⁨Hoang (Tano)⁩,10,9,8,8,"Ottawa, Canada",t,15,t,Knoxdale-Merivale,45.32614,-75.76074,Private room in bungalow,Private room,1,2.0,4.0,4.0,46.1,2026-06-25,2026-07-25,1383.0,46.1,30.0,1125.0,t,29,59,89,364,2026-06-24,34,3,3,2017-10-20,2026-03-07,4.71,4.82,4.97,4.97,4.79,4.82,0.32,14,0
229,21111795,2026-06-24,city scrape,New modern and spacious walkout basement suite.,73800239,David,10,1,8,8,"Ottawa, Canada",f,1,t,Osgoode,45.24282,-75.68078,Entire guest suite,Entire home/apt,4,1.0,2.0,3.0,183.67,2026-07-22,2026-07-25,551.0,183.67,3.0,100.0,t,2,4,11,101,2026-06-24,110,16,20,2017-10-26,2026-06-10,4.68,4.82,4.8,4.92,4.84,4.75,1.04,1,1
230,21190607,2026-06-24,city scrape,Room in a quite area in Ottawa - Orleans,82116217,Justin SS,9,11,8,8,"Ottawa, Canada",f,2,t,Innes,45.4467,-75.53942,Private room in home,Private room,1,1.0,2.0,2.0,45.06,2026-07-01,2026-07-31,1351.75,45.06,30.0,90.0,t,23,53,83,358,2026-06-24,31,1,1,2017-10-16,2025-11-29,4.52,4.74,4.94,4.94,4.61,4.68,0.29,2,0
231,21212028,2026-06-24,city scrape,Ottawa/Nepean Private Room B  (book at least 30 n),42947566,⁨Hoang (Tano)⁩,10,9,8,8,"Ottawa, Canada",t,15,t,Knoxdale-Merivale,45.3261,-75.76114,Private room in bungalow,Private room,1,2.0,2.0,1.0,40.57,2026-06-25,2026-07-25,1217.0,40.57,30.0,1125.0,t,29,59,89,269,2026-06-24,24,0,0,2017-10-13,2023-09-10,4.67,4.96,4.96,4.88,4.58,4.92,0.23,14,0
232,21215459,2026-06-24,city scrape,Glebe 1 bdrm-Steps from the Canal & Lansdowne,67728739,Kristen,10,2,8,7,"Ottawa, Canada",t,1,t,Capital,45.3987,-75.69342,Entire rental unit,Entire home/apt,2,1.0,1.0,2.0,280.0,2026-07-03,2026-07-05,560.0,280.0,2.0,1125.0,t,10,32,60,305,2026-06-24,227,31,25,2017-12-29,2026-06-10,4.92,4.89,4.99,4.97,5.0,4.75,2.2,1,1
233,21230134,2026-06-24,city scrape,Luxurious Executive Style Condo in Downtown Ottawa,77017395,Bryce,10,0,10,0,"Ottawa, Canada",f,4,t,Somerset,45.41991,-75.69897,Entire condo,Entire home/apt,2,1.0,1.0,4.0,133.6,2026-09-23,2026-10-23,4008.0,133.6,30.0,1125.0,t,26,54,82,356,2026-06-24,15,1,1,2017-10-30,2025-09-27,4.53,4.47,4.8,4.8,4.8,4.33,0.14,2,2
234,21264140,2026-06-24,city scrape,Ottawa/Nepean Private Room C (book at least 30 n),42947566,⁨Hoang (Tano)⁩,10,9,8,8,"Ottawa, Canada",t,15,t,Knoxdale-Merivale,45.32477,-75.76237,Private room in bungalow,Private room,1,2.0,2.0,1.0,40.57,2026-09-07,2026-10-07,1217.0,40.57,30.0,1125.0,t,0,0,15,290,2026-06-24,20,1,1,2017-10-15,2025-12-13,4.8,4.95,5.0,4.85,4.9,4.9,0.19,14,0
235,21380565,2026-06-24,city scrape,Explore the hidden treasures of Ottawa!,154852817,Karine,8,8,8,5,"Ottawa, Canada",f,1,t,Alta Vista,45.39647,-75.62965,Private room in guest suite,Private room,1,1.0,2.0,1.0,114.5,2026-06-28,2026-06-30,229.0,114.5,2.0,28.0,t,3,3,24,114,2026-06-24,78,1,0,2018-02-07,2026-02-14,4.77,4.78,4.83,4.87,4.85,4.72,0.76,1,0
236,21409442,2026-06-24,city scrape,"Entire 1-bed, 1-bath exec apartment, next to canal",101386944,Conor,9,7,8,8,"Ottawa, Canada",f,1,t,Somerset,45.41965,-75.68437,Entire rental unit,Entire home/apt,2,1.0,1.0,1.0,80.93,2026-07-02,2026-08-01,2427.93,80.93,30.0,1125.0,t,22,52,60,147,2026-06-24,54,1,10,2021-08-28,2025-07-08,4.41,4.5,4.94,4.76,4.91,4.37,0.92,1,1
237,21482167,2026-06-24,city scrape,CentralCanalSpacious 1Bdrm priv.entrance&parking,146518899,Tatiana,8,10,8,10,"Ottawa, Canada",t,5,t,Capital,45.41066,-75.67859,Entire rental unit,Entire home/apt,2,1.0,1.0,1.0,119.8,2026-10-31,2026-11-30,3594.0,119.8,30.0,180.0,t,0,0,0,236,2026-06-24,111,2,4,2021-11-14,2025-12-28,4.86,4.92,4.9,4.96,4.84,4.77,1.98,5,5
238,21516081,2026-06-24,city scrape,"★ Beautiful, modern, Glebe Loft with free parking★",28026087,Bartholomew Martin,11,4,9,2,"Ottawa, Canada",f,5,t,Capital,45.39936,-75.68683,Entire loft,Entire home/apt,2,1.0,1.0,1.0,244.0,2027-02-28,2027-03-03,732.0,244.0,3.0,90.0,t,1,1,1,117,2026-06-24,158,3,3,2017-11-05,2025-10-26,4.94,4.96,4.97,4.96,4.99,4.91,1.5,3,3
239,21567813,2026-06-24,city scrape,Room in quiet  (Orleans -  Ottawa).,82116217,Justin SS,9,11,8,8,"Ottawa, Canada",f,2,t,Innes,45.44612,-75.53923,Private room in guesthouse,Private room,1,1.0,2.0,1.0,44.53,2026-07-01,2026-07-31,1335.82,44.53,30.0,90.0,t,23,53,83,358,2026-06-24,53,1,2,2017-11-02,2025-08-31,4.58,4.65,4.79,4.83,4.63,4.68,0.5,2,0
240,21645353,2026-06-24,city scrape,Ottawa/Nepean Private Room 2 (book at least 30 n),42947566,⁨Hoang (Tano)⁩,10,9,8,8,"Ottawa, Canada",t,15,t,Knoxdale-Merivale,45.32673,-75.7613,Private room in bungalow,Private room,1,1.5,2.0,1.0,40.57,2026-08-01,2026-08-31,1217.0,40.57,30.0,1125.0,t,0,22,52,153,2026-06-24,8,0,0,2017-12-30,2024-05-10,5.0,5.0,5.0,5.0,4.75,5.0,0.08,14,0
241,21725451,2026-06-24,city scrape,1 Bdrm Executive Suite Free Parking & Wi-Fi.,100203631,Josseline,9,8,8,7,"Ottawa, Canada",t,1,t,Knoxdale-Merivale,45.35802,-75.73048,Entire guest suite,Entire home/apt,4,1.0,1.0,2.0,199.5,2026-07-02,2026-07-04,399.0,199.5,2.0,1125.0,t,13,29,52,327,2026-06-24,272,35,37,2017-11-25,2026-06-19,4.89,4.89,4.94,4.95,4.93,4.85,2.6,1,1
242,21844046,2026-07-02,previous scrape,Private Guest Suite in the Glebe,95266991,Jennifer,9,9,8,7,"Ottawa, Canada",f,1,t,Capital,45.39996,-75.68904,Entire guest suite,Entire home/apt,2,1.4,1.0,2.0,173.3,0000-00-00,"""0000-00-00""",2246.7,173.3,2.0,1125.0,t,0,0,0,0,2026-07-02,180,0,3,2017-11-27,2025-02-23,4.91,4.96,4.98,4.98,4.99,4.84,1.72,1,1
243,21907127,2026-06-24,city scrape,Executive Suite & Gardens,145040852,Peter,8,10,8,7,"Ottawa, Canada",f,1,t,Bay,45.35822,-75.78246,Entire bungalow,Entire home/apt,6,1.0,2.0,3.0,257.0,2026-07-11,2026-07-13,514.0,257.0,2.0,30.0,t,9,35,65,340,2026-06-24,136,22,19,2017-12-17,2026-06-22,4.82,4.82,4.94,4.93,4.88,4.79,1.31,1,1
244,21961250,2026-06-24,city scrape,Luxury Estate Sunroom Sauna Spa Gym Pool (6-10),18292018,Lily,11,2,11,2,"Ottawa, Canada",t,6,t,Barrhaven,45.29307,-75.74367,Entire home,Entire home/apt,6,3.5,4.0,4.0,460.93,2026-07-01,2026-07-31,13828.0,460.93,30.0,1125.0,t,23,53,83,358,2026-06-24,3,0,0,2018-07-02,2021-08-27,5.0,4.67,4.67,4.67,4.67,4.67,0.03,3,3
245,22001867,2026-06-24,city scrape,The moon room with Free Parking,157447906,Asma,8,7,8,6,"Ottawa, Canada",t,2,t,Gloucester-South Nepean,45.31678,-75.5953,Private room in townhouse,Private room,2,1.4,2.0,1.0,88.0,2026-08-09,2026-08-10,88.0,88.0,1.0,10.0,t,0,14,44,319,2026-06-24,413,29,19,2018-01-04,2026-06-07,4.85,4.9,4.92,4.93,4.76,4.84,4.0,2,0
246,22164539,2026-06-24,city scrape,Urban Town Near Airport,161188706,Philip,8,6,8,6,"Ottawa, Canada",t,1,t,Gloucester-South Nepean,45.27012,-75.69109,Entire townhouse,Entire home/apt,4,3.0,2.0,2.0,159.87,2026-10-01,2026-10-31,4796.0,159.87,30.0,240.0,t,0,0,0,266,2026-06-24,36,1,2,2018-02-22,2025-09-24,5.0,5.0,5.0,4.97,4.83,4.92,0.35,1,1
247,22164708,2026-06-24,city scrape,Ottawa/Nepean Private Room 8 (book at least 30 n),42947566,⁨Hoang (Tano)⁩,10,9,8,8,"Ottawa, Canada",t,15,t,Knoxdale-Merivale,45.32549,-75.76289,Private room in bungalow,Private room,1,1.5,2.0,1.0,45.73,2026-10-01,2026-10-31,1372.0,45.73,30.0,1125.0,t,6,6,6,272,2026-06-24,40,1,2,2018-01-01,2025-08-21,4.95,4.98,4.98,4.98,4.9,4.9,0.39,14,0
248,22176880,2026-07-02,previous scrape,"Cozy private Room, 10 minutes from the airport",162003502,Dorothy,8,6,8,6,"Ottawa, Canada",f,2,t,Gloucester-Southgate,45.3612,-75.64089,Private room in home,Private room,2,1.4,2.0,2.0,173.3,0000-00-00,"""0000-00-00""",2246.7,173.3,2.0,1125.0,t,0,0,0,1,2026-07-02,172,9,12,2017-12-27,2026-06-09,4.58,4.73,4.85,4.74,4.85,4.63,1.66,2,0
249,22178117,2026-06-24,city scrape,Dainty & peaceful home in Ottawa,26006944,Bettina,11,5,3,10,"Ottawa, Canada",t,1,t,Innes,45.46625,-75.53392,Entire guest suite,Entire home/apt,2,1.0,1.0,2.0,225.0,2026-06-30,2026-07-01,225.0,225.0,1.0,14.0,t,10,29,51,141,2026-06-24,214,38,38,2022-08-27,2026-06-21,4.82,4.88,4.87,4.93,4.81,4.77,4.59,1,1
250,22192588,2026-06-24,city scrape,Aqua room with  free parking,157447906,Asma,8,7,8,6,"Ottawa, Canada",t,2,t,Gloucester-South Nepean,45.31678,-75.5953,Private room in townhouse,Private room,2,1.4,2.0,1.0,75.0,2026-08-09,2026-08-10,75.0,75.0,1.0,10.0,t,0,14,41,316,2026-06-24,486,32,31,2017-12-26,2026-06-07,4.81,4.85,4.89,4.88,4.68,4.78,4.7,2,0
251,22193819,2026-07-02,previous scrape,Home Sweet One Bedroom in Hintonburg,13600939,Ida,12,2,8,9,"Ottawa, Canada",t,4,t,Kitchissippi,45.40555,-75.72821,Entire rental unit,Entire home/apt,2,1.4,1.0,2.0,24.79,2026-10-20,2027-01-18,2231.54,24.79,90.0,1125.0,t,0,0,0,160,2026-07-02,17,1,0,2018-01-02,2026-04-17,4.88,4.94,4.88,5.0,5.0,4.82,0.16,3,3
252,22295557,2026-06-24,city scrape,Bienvenue chez vous! Welcome Home!,162947600,Marie De Fatima,8,6,8,6,"Ottawa, Canada",f,2,t,Cumberland,45.45733,-75.47228,Private room in home,Private room,1,2.5,2.0,1.0,52.48,2027-01-01,2027-01-31,1574.48,52.48,30.0,1125.0,t,0,0,0,174,2026-06-24,73,0,0,2017-12-27,2024-04-21,4.85,4.85,4.92,4.81,4.67,4.86,0.71,2,0
253,22314616,2026-06-24,city scrape,Cozy bedroom in a warm and welcoming home,5575134,Martin,13,3,12,4,"Ottawa, Canada",t,1,t,Rideau-Vanier,45.43003,-75.6566,Private room in home,Private room,2,1.0,2.0,1.0,106.0,2026-07-07,2026-07-09,212.0,106.0,2.0,730.0,t,9,23,53,233,2026-06-24,113,11,9,2018-01-07,2026-06-06,4.96,4.97,4.99,4.98,4.88,4.95,1.1,1,0
254,22339272,2026-06-24,city scrape,Ottawa Inn - Beautiful 5 BR house (Close to Dtown),163330848,Anita,8,6,8,6,"Ottawa, Canada",f,1,t,Bay,45.35843,-75.7959,Entire home,Entire home/apt,9,2.0,5.0,5.0,336.13,2026-06-25,2026-07-25,10084.0,336.13,30.0,1125.0,t,29,59,89,269,2026-06-24,89,0,0,2017-12-29,2020-03-15,4.8,4.9,4.97,4.98,4.66,4.83,0.86,1,1
255,22388664,2026-06-24,city scrape,Warm Loft Apartment in Little Italy-Minimal Design,26911066,Jason,11,4,8,5,"Ottawa, Canada",f,1,t,Somerset,45.40589,-75.71293,Entire rental unit,Entire home/apt,2,1.0,1.0,1.0,142.24,2026-10-01,2026-10-31,4267.08,142.24,30.0,1125.0,t,0,0,0,266,2026-06-24,127,1,3,2018-01-22,2025-07-01,4.89,4.87,4.96,4.91,4.88,4.83,1.24,1,1
256,22389523,2026-07-02,previous scrape,Spacious bungalow in prime location,162918008,Mark,8,6,8,6,"Ottawa, Canada",f,2,t,River,45.35913,-75.68509,Entire bungalow,Entire home/apt,9,1.4,4.0,2.0,173.3,0000-00-00,"""0000-00-00""",2246.7,173.3,2.0,730.0,t,0,0,0,0,2026-07-02,28,4,4,2018-01-07,2026-02-22,4.89,4.79,4.93,4.96,4.89,4.78,0.27,1,1
257,22518472,2026-06-24,city scrape,Century old home  in old Ottawa East. Bright home.,60310090,Chris,10,3,8,11,"Ottawa, Canada",f,3,t,Capital,45.4101,-75.67911,Entire rental unit,Entire home/apt,2,1.0,1.0,2.0,81.32,2026-12-01,2026-12-31,2439.46,81.32,30.0,210.0,t,0,1,1,111,2026-06-24,670,3,5,2018-01-05,2026-05-31,4.91,4.93,4.96,4.91,4.91,4.89,6.5,2,2
258,22527917,2026-06-24,city scrape,Cozy/Beautifully Renovated Apartment to Call Home,7354245,Lisa,12,11,12,10,"Ontario, Canada",t,29,t,Somerset,45.41177,-75.70038,Entire rental unit,Entire home/apt,2,1.0,1.0,1.0,103.85,2026-07-01,2026-07-31,3115.55,103.85,30.0,1125.0,t,23,53,83,358,2026-06-24,39,1,1,2018-01-18,2026-01-25,4.72,4.72,4.85,4.72,4.85,4.69,0.38,20,20
259,22573587,2026-06-24,city scrape,Cozy room near Ottawa Airport free parking,131438126,Rebecca,9,1,8,6,"Ottawa, Canada",t,3,t,Gloucester-South Nepean,45.31831,-75.59567,Private room in villa,Private room,2,1.0,2.0,1.0,67.5,2026-08-29,2026-08-31,135.0,67.5,2.0,1125.0,t,0,0,24,294,2026-06-24,227,45,40,2018-01-08,2026-06-12,4.92,4.94,4.95,4.96,4.85,4.87,2.2,3,0
260,22637082,2026-07-02,previous scrape,2-bedroom condo in Ottawa's Byward Market,91198620,Susan,9,10,8,5,"Ottawa, Canada",f,1,t,Rideau-Vanier,45.43031,-75.69455,Entire condo,Entire home/apt,3,1.4,1.0,2.0,38.73,2026-07-05,2026-11-02,4648.0,38.73,120.0,210.0,t,27,57,87,362,2026-07-02,0,0,0,10,10,4.8,4.8,4.9,4.9,4.8,4.7,1.8,1,1
261,22731135,2026-07-02,previous scrape,Welcome home again!,162947600,Marie De Fatima,8,6,8,6,"Ottawa, Canada",f,2,t,Cumberland,45.45734,-75.47427,Private room in home,Private room,1,1.4,2.0,2.0,173.3,0000-00-00,"""0000-00-00""",2246.7,173.3,30.0,730.0,t,0,0,0,0,2026-07-02,35,0,2,2018-03-05,2025-06-23,4.66,4.91,4.91,4.91,4.71,4.74,0.35,2,0
262,22766958,2026-07-02,previous scrape,Ottawa Downtown perfect for families - long stays,168164299,Giulia,8,5,8,5,"Ottawa, Canada",f,1,t,Somerset,45.40725,-75.69838,Entire home,Entire home/apt,8,1.4,5.0,2.0,173.3,0000-00-00,"""0000-00-00""",2246.7,173.3,30.0,1125.0,t,0,0,0,0,2026-07-02,1,0,0,2018-07-21,2018-07-21,4.0,3.0,5.0,5.0,3.0,4.0,0.01,1,1
263,22918291,2026-06-24,city scrape,Gorgeous Historic Home By Civic Hospital & Transit,168893398,Mary-Anne,8,5,8,5,"Ottawa, Canada",t,1,t,Kitchissippi,45.391018,-75.724693,Entire home,Entire home/apt,6,1.4,3.0,3.0,433.8,2026-07-07,2026-07-12,2169.0,433.8,5.0,90.0,t,7,19,24,33,2026-06-24,55,13,7,2018-02-17,2026-06-21,4.93,4.93,5.0,4.93,4.89,4.85,0.54,1,1
264,22944285,2026-06-24,city scrape,Cozy Room near Downtown | Panoramic city views,169943215,Ife,8,4,7,0,"Ottawa, Canada",t,2,t,Capital,45.41436,-75.672,Private room in condo,Private room,2,1.0,2.0,1.0,39.78,2026-12-26,2027-01-25,1193.45,39.78,30.0,730.0,t,9,16,28,208,2026-06-24,20,2,1,2019-05-27,2026-01-15,4.4,4.6,4.65,4.85,4.9,4.45,0.23,2,0
265,22945187,2026-06-24,city scrape,The White House! Modern and fully equipped home!,169956932,Alina,8,4,8,4,"Ottawa, Canada",t,3,t,Cumberland,45.44841,-75.46737,Entire townhouse,Entire home/apt,8,2.5,3.0,6.0,418.0,2026-06-24,2026-06-26,836.0,418.0,2.0,60.0,t,14,32,59,133,2026-06-24,191,15,20,2018-02-16,2026-06-08,4.91,4.92,4.96,4.91,4.83,4.83,1.88,1,1
266,23170612,2026-06-24,city scrape,"Wellington West - Modern, Clean Private Unit",45533805,George,10,8,7,2,"Ottawa, Canada",f,1,t,Kitchissippi,45.39941,-75.740295,Entire guest suite,Entire home/apt,6,1.4,2.0,2.0,268.8,2026-07-19,2026-07-24,1344.0,268.8,5.0,1125.0,t,8,28,49,139,2026-06-24,141,0,0,2019-04-18,2023-12-29,4.99,4.99,4.96,4.97,4.98,4.83,1.61,1,1
267,23327109,2026-06-24,city scrape,*Near General + CHEO* Central 2 Bdrm w/ Parking,53170831,Caitlin,10,5,8,0,"Ottawa, Canada",t,1,t,Alta Vista,45.4056,-75.64082,Entire guest suite,Entire home/apt,4,1.0,2.0,2.0,186.67,2026-09-14,2026-09-17,560.0,186.67,2.0,1125.0,t,4,6,13,100,2026-06-24,189,15,18,2018-06-16,2026-01-11,4.92,4.94,4.96,4.96,4.89,4.84,1.93,1,1
268,23662242,2026-07-02,previous scrape,"Cozy Furnished Basement, 10 minutes to the Airport",162003502,Dorothy,8,6,8,6,"Ottawa, Canada",f,2,t,Gloucester-Southgate,45.36091,-75.64078,Private room in home,Private room,2,1.4,2.0,2.0,93.0,2026-09-01,2026-09-02,93.0,93.0,1.0,1125.0,t,0,1,13,68,2026-07-02,106,6,7,2018-05-14,2026-05-29,4.6,4.74,4.9,4.79,4.75,4.69,1.07,2,0
269,23669514,2026-06-24,city scrape,"Bright 1 bedroom on the park, close to everything",14246735,Michael,12,2,8,3,"Ottawa, Canada",t,1,t,Capital,45.39582,-75.6762,Entire guest suite,Entire home/apt,4,1.0,1.0,2.0,100.28,2026-06-30,2026-07-30,3008.25,100.28,30.0,180.0,t,24,54,70,250,2026-06-24,71,14,14,2018-04-16,2026-04-26,4.87,4.96,5.0,4.96,4.97,4.93,0.71,1,1
270,23789190,2026-06-24,city scrape,Amazing Condo in Downtown Ottawa,77017395,Bryce,10,0,10,0,"Ottawa, Canada",f,4,t,Somerset,45.42091,-75.69871,Entire condo,Entire home/apt,2,1.0,1.0,1.0,114.21,2026-09-21,2026-10-21,3426.38,114.21,30.0,1125.0,t,0,0,1,276,2026-06-24,16,2,2,2018-09-30,2025-12-20,4.31,4.31,4.85,4.31,5.0,3.85,0.17,2,2
271,23790873,2026-06-24,city scrape,Ottawa/Nepean Private Room 3 (book at least 30 n),42947566,⁨Hoang (Tano)⁩,10,9,8,8,"Ottawa, Canada",t,15,t,Knoxdale-Merivale,45.32479,-75.76219,Private room in bungalow,Private room,1,1.5,2.0,1.0,40.57,2026-08-15,2026-09-14,1217.0,40.57,30.0,1125.0,t,0,8,38,312,2026-06-24,37,3,3,2018-04-19,2026-06-03,4.86,4.92,4.97,4.95,4.84,4.81,0.37,14,0
272,23798529,2026-07-02,previous scrape,"Bright, Clean, Private. In the Heart of Downtown!",25132604,Helen,11,6,11,5,"Ottawa, Canada",t,2,t,Somerset,45.41261,-75.69198,Entire rental unit,Entire home/apt,5,1.4,2.0,2.0,213.87,2027-01-01,2027-01-31,6416.0,213.87,30.0,1125.0,t,0,0,0,87,2026-07-02,557,1,0,2018-03-24,2026-05-31,4.83,4.88,4.94,4.91,4.89,4.79,5.53,2,2
273,23801650,2026-07-02,previous scrape,"Bright, clean, comfortable, well maintained home",87725075,Edward,9,10,5,5,"Ottawa, Canada",f,1,t,College,45.35044,-75.74982,Entire home,Entire home/apt,6,1.4,3.0,2.0,91.45,2026-07-02,2026-08-31,5487.0,91.45,60.0,1125.0,t,30,60,90,365,2026-07-02,4,2,1,2021-07-24,2026-06-15,5.0,5.0,5.0,5.0,5.0,5.0,0.07,1,1
274,23848918,2026-06-24,city scrape,Spacious open concept kitchen and living room.,133621412,Peter,9,0,8,1,"Ottawa, Canada",t,5,t,West Carleton-March,45.48327,-76.07349,Entire home,Entire home/apt,10,3.5,5.0,5.0,348.67,2026-08-30,2026-09-02,1046.0,348.67,3.0,1125.0,t,1,4,20,278,2026-06-24,313,33,39,2018-06-27,2026-06-18,4.93,4.96,4.95,4.94,4.88,4.94,3.22,1,1
275,23890346,2026-06-24,city scrape,Welcome to Maple Ridge - Ottawa East,120221422,Laurie,9,3,7,6,"Ottawa, Canada",t,1,t,Cumberland,45.50917,-75.4076,Entire rental unit,Entire home/apt,2,1.0,1.0,1.0,80.2,2026-09-01,2026-10-01,2405.93,80.2,30.0,120.0,t,0,0,21,111,2026-06-24,37,3,4,2019-02-17,2026-05-31,5.0,5.0,5.0,5.0,4.97,5.0,0.41,1,1
276,23978619,2026-07-02,previous scrape,Cozy and Bright in Crystal Beach - West Ottawa,33060127,Frank,11,1,8,3,"Ottawa, Canada",f,1,t,Bay,45.35095,-75.83565,Entire rental unit,Entire home/apt,2,1.4,2.0,2.0,173.3,0000-00-00,"""0000-00-00""",2246.7,173.3,2.0,1125.0,t,0,0,0,0,2026-07-02,153,0,1,2018-05-13,2025-01-03,4.99,4.98,5.0,5.0,4.9,4.95,1.54,1,1
277,24021582,2026-06-24,city scrape,Central Downtown Apartment 3BED+2BATH!,99268371,Jillian,9,8,8,11,"Ottawa, Canada",f,1,t,Rideau-Vanier,45.4306622,-75.6796682,Entire rental unit,Entire home/apt,5,1.0,1.0,3.0,116.0,2026-06-25,2026-07-26,3595.86,116.0,31.0,365.0,t,29,56,56,239,2026-06-24,0,0,0,10,10,4.8,4.8,4.9,4.9,4.8,4.7,1.8,1,1
278,24166932,2026-06-24,city scrape,RUSTIC spacious room w. private bath& FREE parking,42714196,Amani,10,9,9,10,"Ottawa, Canada",t,7,t,Rideau-Rockcliffe,45.44656,-75.62861,Private room in home,Private room,2,1.5,2.0,2.0,53.36,2027-02-02,2027-03-04,1600.79,53.36,30.0,365.0,t,0,0,0,142,2026-06-24,67,3,4,2018-05-21,2026-04-01,4.93,5.0,4.99,4.97,4.9,4.88,0.68,7,1
279,24238975,2026-07-02,previous scrape,Newly Renovated Basement Apt with Own Kitchen/door,126366771,Anahita,9,2,9,1,"Ottawa, Canada",f,3,t,Barrhaven,45.25332,-75.72787,Entire guest suite,Entire home/apt,3,1.4,1.0,2.0,32.0,2026-07-09,2026-10-07,2880.0,32.0,90.0,300.0,t,23,53,83,358,2026-07-02,19,0,0,2018-05-12,2020-01-03,4.63,4.84,4.79,4.84,4.89,4.74,0.19,2,2
280,24283050,2026-06-24,city scrape,Cosy Riverside South Townhome,102430581,Abir,9,7,7,9,"Ottawa, Canada",t,1,t,Gloucester-South Nepean,45.27611,-75.67766,Entire townhouse,Entire home/apt,8,2.5,3.0,3.0,353.0,2026-08-11,2026-08-12,353.0,353.0,1.0,1125.0,t,0,3,4,147,2026-06-24,273,35,18,2018-09-16,2026-05-31,4.92,4.94,4.98,4.96,4.86,4.9,2.88,1,1
281,24285470,2026-06-24,city scrape,Little Paradise in Orléans,183182738,Huguette,8,2,8,2,"Ottawa, Canada",f,1,t,Orleans,45.47487,-75.45421,Private room in home,Private room,1,1.5,2.0,1.0,59.5,2026-06-25,2026-07-25,1785.0,59.5,30.0,1125.0,t,29,59,89,364,2026-06-24,6,0,0,2019-06-23,2021-09-01,4.33,4.17,5.0,4.67,4.83,4.17,0.07,1,0
282,24326614,2026-06-24,city scrape,The Pearl,99500083,Westhaven,9,8,9,8,"Ottawa, Canada",t,6,t,River,45.38121,-75.7253,Entire rental unit,Entire home/apt,2,1.0,1.0,1.0,72.38,2026-06-24,2026-07-24,2171.43,72.38,30.0,1125.0,t,30,60,90,365,2026-06-24,91,1,1,2018-04-29,2025-09-30,4.53,4.64,4.92,4.73,4.56,4.45,0.92,6,6
283,24408730,2026-06-24,city scrape,Private Room-Orléans.,184264728,Steve,8,2,8,2,"Ottawa, Canada",f,1,t,Cumberland,45.4517,-75.49134,Private room in townhouse,Private room,1,1.0,2.0,1.0,63.17,2026-06-27,2026-07-27,1895.0,63.17,30.0,30.0,t,27,57,87,267,2026-06-24,18,0,0,2018-07-02,2019-11-18,4.94,5.0,5.0,5.0,4.89,4.83,0.19,1,0
284,24429947,2026-06-24,city scrape,Westboro Comfort Pad,30933482,Emily,11,2,10,6,"Ottawa, Canada",f,1,t,Kitchissippi,45.3916,-75.74917,Entire rental unit,Entire home/apt,6,1.0,2.0,1.0,121.29,2026-11-01,2026-12-01,3638.77,121.29,30.0,250.0,t,1,1,1,236,2026-06-24,19,2,1,2018-05-23,2026-05-04,4.79,4.89,5.0,5.0,4.95,4.47,0.19,1,1
285,24491770,2026-06-24,city scrape,Private ensuite near airport. Free parking.,131438126,Rebecca,9,1,8,6,"Ottawa, Canada",t,3,t,Gloucester-South Nepean,45.3165,-75.59558,Private room in guest suite,Private room,3,1.0,2.0,1.0,81.5,2026-06-28,2026-06-30,163.0,81.5,2.0,1125.0,t,22,50,80,355,2026-06-24,146,22,18,2018-04-29,2026-06-17,4.8,4.81,4.84,4.85,4.76,4.73,1.47,3,0
286,24712232,2026-07-02,previous scrape,"Quiet Room (lge 5ft desk, pvt shower)",130509033,Paul,9,1,9,1,"Ottawa, Canada",f,3,t,Orleans,45.47718,-75.5524,Private room in home,Private room,1,1.4,2.0,2.0,173.3,0000-00-00,"""0000-00-00""",2246.7,173.3,30.0,120.0,t,0,0,0,0,2026-07-02,22,0,0,2018-05-06,2023-06-11,4.64,4.91,5.0,5.0,4.59,4.73,0.22,3,0
287,24771924,2026-06-24,city scrape,Charming Townhome Conveniently Located,111780473,Kristina,9,5,8,1,"Ottawa, Canada",t,3,t,Barrhaven,45.26633,-75.75383,Entire townhouse,Entire home/apt,4,1.4,2.0,2.0,281.0,2026-07-26,2026-07-29,843.0,281.0,3.0,1125.0,t,4,21,51,206,2026-06-24,159,12,22,2018-06-14,2026-06-11,4.87,4.91,4.97,4.96,4.87,4.86,1.63,1,1
288,24918111,2026-07-02,previous scrape,"Brand New, Sandy Hill Downtown Ottawa 2 Bedroom",55668311,Paul,10,5,8,1,"Ottawa, Canada",t,3,t,Rideau-Vanier,45.42179,-75.67578,Entire guest suite,Entire home/apt,4,1.4,2.0,2.0,173.3,0000-00-00,"""0000-00-00""",2246.7,173.3,365.0,365.0,t,29,59,89,269,2026-07-02,48,0,0,2018-05-20,2024-07-31,4.81,4.9,4.94,4.92,4.83,4.83,0.49,2,2
289,24970491,2026-06-24,city scrape,Kanata Luxury Bedroom with Private Bathroom,188779765,Siarhei,8,1,8,1,"Ottawa, Canada",t,3,t,Kanata South,45.27823,-75.84094,Private room in townhouse,Private room,1,1.4,2.0,1.0,102.0,2026-07-01,2026-07-04,306.0,102.0,3.0,730.0,t,23,53,83,263,2026-06-24,68,16,12,2018-05-21,2026-06-19,4.74,4.71,4.87,4.81,4.85,4.75,0.69,3,0
290,25055564,2026-06-24,city scrape,"★ Beautiful, modern, Glebe Home with Garage★",28026087,Bartholomew Martin,11,4,9,2,"Ottawa, Canada",f,5,t,Capital,45.39923,-75.68727,Entire home,Entire home/apt,6,2.5,3.0,3.0,705.33,2026-08-29,2026-09-01,2116.0,705.33,3.0,60.0,t,0,0,8,256,2026-06-24,166,30,26,2018-12-27,2026-06-10,4.98,4.97,4.95,4.94,4.99,4.9,1.82,3,3
291,25070608,2026-06-24,city scrape,Kanata Comfortable Bedroom 2 with Private Bathroom,188779765,Siarhei,8,1,8,1,"Ottawa, Canada",t,3,t,Kanata South,45.27694,-75.84228,Private room in townhouse,Private room,1,1.0,2.0,1.0,79.67,2026-07-01,2026-07-04,239.0,79.67,3.0,1125.0,t,23,53,83,263,2026-06-24,91,0,0,2018-05-20,2024-09-01,4.7,4.69,4.67,4.69,4.77,4.76,0.92,3,0
292,25160423,2026-07-02,previous scrape,Clean & Cozy private room in a house.,187592779,Wei,8,1,8,1,"Ottawa, Canada",t,7,t,Knoxdale-Merivale,45.35231,-75.70801,Private room in home,Private room,1,1.4,2.0,2.0,173.3,0000-00-00,"""0000-00-00""",2246.7,173.3,30.0,1125.0,t,0,0,0,0,2026-07-02,14,0,0,2019-12-23,2024-01-04,4.71,4.93,4.93,4.71,4.79,4.79,0.18,6,0
293,25283892,2026-06-24,city scrape,Clean and cozy room in Kanata Lakes (North),150252038,Elena,8,9,8,8,Canada,f,2,t,Kanata North,45.31995236449119,-75.93593923490378,Private room in townhouse,Private room,1,1.5,2.0,1.0,39.47,2026-10-01,2026-10-31,1184.0,39.47,30.0,730.0,t,0,0,2,84,2026-06-24,22,1,0,2018-06-11,2026-05-31,4.77,4.91,4.95,4.82,4.82,4.86,0.22,2,0
294,25393066,2026-07-02,previous scrape,Walk to Parliament Unit W/FreeParking,147909409,David,8,10,2,1,"Ottawa, Canada",t,1,t,Rideau-Vanier,45.43179,-75.68447,Entire home,Entire home/apt,4,1.4,2.0,2.0,265.5,2026-07-06,2026-07-08,531.0,265.5,1.0,180.0,t,2,2,2,96,2026-07-02,112,56,51,2024-05-28,2026-06-12,4.8,4.81,4.92,4.97,4.68,4.73,4.39,1,1
295,25567937,2026-07-02,previous scrape,The Eight Twenty-Two,75720140,Sandra,10,0,9,5,"Ottawa, Canada",t,4,t,Bay,45.35891,-75.79452,Entire home,Entire home/apt,4,1.4,2.0,2.0,290.0,2026-07-19,2026-07-21,580.0,290.0,2.0,180.0,t,13,20,30,30,2026-07-02,62,6,6,2018-07-29,2026-06-05,4.9,4.9,4.95,4.89,4.87,4.84,0.64,4,4
296,25681816,2026-06-24,city scrape,General Hospital & CHEO Private Pad+Parking Space,33033666,Darlene,11,1,8,0,"Ottawa, Canada",t,1,t,Alta Vista,45.39625,-75.64742,Entire guest suite,Entire home/apt,2,1.0,1.0,2.0,170.0,2026-07-07,2026-07-12,850.0,170.0,5.0,1125.0,t,17,29,33,286,2026-06-24,92,14,10,2018-06-20,2026-06-17,4.89,4.92,4.92,4.95,4.93,4.75,0.94,1,1
297,25778371,2026-06-24,city scrape,Self check in spacious apartment with full kitchen,193728628,Tanvira,8,0,8,0,"Ottawa, Canada",f,1,t,Cumberland,45.46992,-75.46652,Entire guest suite,Entire home/apt,6,1.0,2.0,3.0,191.0,2026-07-27,2026-07-29,382.0,191.0,1.0,1125.0,t,6,12,39,39,2026-06-24,289,45,45,2018-06-17,2026-06-21,4.7,4.79,4.88,4.81,4.74,4.66,2.96,1,1
298,25779866,2026-06-24,city scrape,Entire 1 Bedroom Apt - Kanata Tech Park - Monthly,30645063,Karthik,11,2,8,0,"Ottawa, Canada",t,1,t,Kanata North,45.35518,-75.93711,Entire home,Entire home/apt,3,1.0,1.0,1.0,65.64,2027-01-01,2027-01-31,1969.22,65.64,30.0,1125.0,t,0,0,0,169,2026-06-24,44,3,3,2018-06-14,2026-06-07,4.84,4.93,4.98,4.95,4.86,4.8,0.45,1,1
299,26037054,2026-06-24,city scrape,Exclusive ZEN-STAY   +  free parking spot,47383724,Ana,10,7,8,0,"Ottawa, Canada",f,1,t,College,45.34254,-75.76482,Entire townhouse,Entire home/apt,6,2.5,3.0,3.0,365.5,2026-06-24,2026-06-26,731.0,365.5,1.0,1125.0,t,2,4,32,212,2026-06-24,67,0,0,2018-06-23,2024-04-14,4.69,4.72,4.72,4.78,4.78,4.63,0.69,1,1
300,26137200,2026-06-24,city scrape,Modern 2 bedroom suite centrally located. Free (P),21146125,Sakar,11,9,8,0,"Ottawa, Canada",t,1,t,Rideau-Rockcliffe,45.43806,-75.63836,Entire guest suite,Entire home/apt,4,1.0,2.0,2.0,79.41,2026-11-01,2026-11-29,2223.42,79.41,28.0,1125.0,t,0,0,0,235,2026-06-24,52,3,3,2018-06-24,2026-03-22,4.81,4.92,4.98,4.98,4.88,4.87,0.53,1,1
301,26138206,2026-06-24,city scrape,Absolutely Fabulous Westboro Home Perfect Location,89558452,Carole,9,10,9,10,"St. John's, Canada",f,1,t,Kitchissippi,45.3923,-75.74499,Entire home,Entire home/apt,6,2.5,3.0,3.0,504.33,2027-06-01,2027-06-04,1513.0,504.33,1.0,28.0,t,0,0,0,23,2026-06-24,135,14,17,2018-12-10,2026-04-29,4.79,4.81,4.82,4.84,4.81,4.75,1.47,1,1
302,26168287,2026-06-24,city scrape,Cozy Basement Space( No seperate entrance),124307344,Yetti,9,2,8,0,"Ottawa, Canada",t,1,t,Kanata North,45.34586,-75.9352,Private room in home,Private room,1,0.5,2.0,1.0,93.0,2026-06-26,2026-06-27,93.0,93.0,1.0,29.0,t,5,5,6,180,2026-06-24,178,44,44,2018-07-02,2026-06-03,4.78,4.93,4.92,4.95,4.88,4.9,1.83,1,0
303,26178074,2026-06-24,city scrape,Tiny Room Across uOttawa Steps To Downtown Ottawa,146743514,Frits,8,10,8,2,"Mexicali, Mexico",f,74,t,Rideau-Vanier,45.42361,-75.67912,Private room in condo,Private room,1,1.0,2.0,1.0,57.42,2026-06-24,2026-07-24,1722.54,57.42,30.0,1125.0,t,30,60,90,365,2026-06-24,10,0,0,2020-10-01,2022-06-26,3.6,3.7,4.1,3.6,4.6,3.6,0.14,28,0
304,26199268,2026-07-02,previous scrape,Heritage Building Facing Rideau Hall (90 day min),68579191,Martin,10,2,10,2,"Ottawa, Canada",f,2,t,Rideau-Rockcliffe,45.44395,-75.68331,Entire rental unit,Entire home/apt,4,1.4,2.0,2.0,39.43,2026-12-01,2027-03-01,3549.0,39.43,90.0,1125.0,t,0,0,0,118,2026-07-02,37,1,3,2018-08-05,2025-10-01,5.0,5.0,5.0,5.0,5.0,5.0,0.38,1,1
305,26270793,2026-06-24,city scrape,2 Storey 2 Bedroom Penthouse steps from Parliament,23585304,Aidan,11,7,11,7,"Ottawa, Canada",f,1,t,Somerset,45.42074,-75.70008,Entire condo,Entire home/apt,6,1.5,2.0,3.0,151.64,2027-01-03,2027-02-02,4549.15,151.64,30.0,1125.0,t,0,0,0,172,2026-06-24,1,0,0,2018-08-03,2018-08-03,5.0,5.0,5.0,5.0,5.0,5.0,0.01,1,1
306,26394484,2026-06-24,city scrape,Cozy private room with huge private bathroom,40418881,Regina,10,10,7,11,"Ottawa, Canada",t,1,t,Gloucester-Southgate,45.33915,-75.66909,Private room in home,Private room,2,1.0,2.0,1.0,72.0,2026-07-06,2026-07-08,144.0,72.0,1.0,1125.0,t,16,30,34,87,2026-06-24,243,48,48,2018-07-10,2026-06-21,4.84,4.91,4.93,4.81,4.81,4.9,2.51,1,0
307,26398272,2026-07-02,previous scrape,A cozy bedroom close to Airport w/ parking,52123395,Will,10,6,7,11,"Ottawa, Canada",f,2,t,Gloucester-Southgate,45.36679,-75.63246,Private room in home,Private room,2,1.4,2.0,2.0,77.31,2027-01-01,2027-01-31,2319.16,77.31,30.0,30.0,t,0,0,0,87,2026-07-02,14,0,0,2018-08-02,2020-02-02,4.57,4.71,4.79,4.57,4.79,4.71,0.15,2,0
308,26399678,2026-06-24,city scrape,Luxurious Cozy Guest Suite,137682924,Narjisse,8,11,7,11,"Ottawa, Canada",f,1,t,Cumberland,45.44345,-75.48228,Entire guest suite,Entire home/apt,4,1.0,2.0,1.0,116.97,2026-06-25,2026-07-25,3509.0,116.97,30.0,30.0,t,29,59,89,269,2026-06-24,235,1,10,2018-07-01,2025-06-24,4.84,4.82,4.95,4.94,4.85,4.8,2.42,1,1
309,26446422,2026-06-24,city scrape,Private room in a 4 bedroom house in Ottawa (K),147118525,Peter,8,10,7,11,"Ottawa, Canada",t,3,t,Barrhaven,45.26533,-75.76557,Private room in home,Private room,2,1.0,2.0,1.0,92.0,2026-07-03,2026-07-04,92.0,92.0,1.0,35.0,t,21,45,66,241,2026-06-24,82,10,12,2018-08-31,2026-05-23,4.94,4.94,4.93,4.99,4.89,4.89,0.86,3,0
310,26469292,2026-06-24,city scrape,One Bedroom Oasis in Hintonburg,13600939,Ida,12,2,8,9,"Ottawa, Canada",t,4,t,Kitchissippi,45.40606,-75.72494,Entire rental unit,Entire home/apt,2,1.0,1.0,1.0,85.21,2026-12-28,2027-01-27,2556.15,85.21,30.0,1125.0,t,0,20,27,200,2026-06-24,26,2,2,2018-08-25,2025-09-19,4.81,4.81,4.96,4.85,4.88,4.62,0.27,3,3
311,26707453,2026-06-24,city scrape,Luxurious Waterfront house on Ottawa River,111780946,Awtar,9,5,5,2,"Ottawa, Canada",t,1,t,West Carleton-March,45.50893,-76.09389,Entire home,Entire home/apt,6,3.0,3.0,3.0,524.0,2026-06-24,2026-06-26,1048.0,524.0,2.0,1125.0,t,2,6,17,228,2026-06-24,119,17,17,2021-05-20,2026-05-18,4.93,4.95,4.99,4.93,4.96,4.9,1.92,1,1
312,26891777,2026-06-24,city scrape,Double guest room with shared bath in large home,155791470,Badri,8,8,7,11,"Ottawa, Canada",f,3,t,Gloucester-Southgate,45.36771,-75.63217,Private room in home,Private room,1,1.5,2.0,1.0,44.8,2026-10-01,2026-10-31,1344.01,44.8,30.0,120.0,t,23,40,52,138,2026-06-24,52,1,1,2018-07-31,2025-09-30,4.92,4.98,4.98,4.98,4.71,4.9,0.54,3,0
313,26985828,2026-06-24,city scrape,Peloton House Garden Suite,1878522,Ursula,14,3,14,3,"Ottawa, Canada",t,2,t,Rideau-Rockcliffe,45.44165,-75.68457,Entire rental unit,Entire home/apt,2,1.0,1.0,1.0,231.25,2026-09-27,2026-10-01,925.0,231.25,4.0,90.0,t,0,1,1,86,2026-06-24,148,20,18,2018-08-07,2026-05-18,4.99,4.97,4.95,4.99,4.97,4.95,1.54,2,2
314,27026537,2026-06-24,city scrape,Calm Haven,117440724,Elsy,9,4,7,11,"Ottawa, Canada",f,1,t,Cumberland,45.46121,-75.45145,Private room in bed and breakfast,Private room,1,1.0,2.0,1.0,53.51,2026-06-24,2026-07-24,1605.28,53.51,30.0,365.0,t,30,60,90,365,2026-06-24,3,0,3,2025-02-04,2025-05-21,5.0,5.0,5.0,5.0,5.0,5.0,0.18,1,0
315,27159614,2026-06-24,city scrape,GLEBE Canal home steps to TD Place Lansdowne,80606723,Donna,9,11,7,10,"Ottawa, Canada",t,1,t,Capital,45.40319061279297,-75.68450927734375,Entire home,Entire home/apt,6,1.0,2.0,4.0,685.0,2026-07-06,2026-07-07,685.0,685.0,1.0,1125.0,t,4,9,11,282,2026-06-24,303,29,39,2018-09-01,2026-06-21,4.96,4.91,4.96,4.98,4.97,4.84,3.19,1,1
316,27339117,2026-06-24,city scrape,2 rooms fully serviced apartment / suite,92695002,Plamen,9,9,7,10,"Ottawa, Canada",t,1,t,Alta Vista,45.38018,-75.64259,Entire rental unit,Entire home/apt,3,1.0,1.0,2.0,99.4,2026-07-26,2026-08-25,2981.99,99.4,30.0,730.0,t,20,48,78,78,2026-06-24,620,61,72,2018-07-31,2026-06-21,4.87,4.92,4.95,4.92,4.76,4.86,6.44,1,1
317,27340397,2026-06-24,city scrape,3Bdrm Stittsville/Kanata Townhouse/Dbl Car Garage,62841595,Pete,10,3,7,10,"Ottawa, Canada",t,2,t,Stittsville-Kanata West,45.28611,-75.92934,Entire townhouse,Entire home/apt,6,1.5,3.0,4.0,125.04,2026-09-13,2026-10-13,3751.05,125.04,30.0,1125.0,t,9,26,49,324,2026-06-24,201,27,27,2018-08-30,2026-06-17,4.96,4.96,4.99,4.98,4.93,4.93,2.11,2,2
318,27357825,2026-06-24,city scrape,Ottawa Guest Suite,49790709,Nadia,10,7,10,7,"Ottawa, Canada",t,4,t,Bay,45.33912,-75.89582,Entire guest suite,Entire home/apt,4,1.0,2.0,2.0,87.64,2026-10-01,2026-11-01,2716.77,87.64,31.0,1125.0,t,7,7,7,273,2026-06-24,47,1,0,2018-12-29,2026-04-10,4.66,4.7,4.72,4.83,4.66,4.68,0.52,3,3
319,27436497,2026-07-02,previous scrape,Westboro bright spacious comfortable suite of rooms,26444850,Brenda,11,5,11,2,"Ottawa, Canada",f,2,t,Kitchissippi,45.37748,-75.75818,Private room in home,Private room,1,1.4,2.0,2.0,173.3,0000-00-00,"""0000-00-00""",2246.7,173.3,30.0,365.0,t,0,4,4,5,2026-07-02,3,0,0,2018-09-01,2020-05-31,5.0,5.0,5.0,5.0,5.0,5.0,0.03,2,0
320,27439023,2026-06-24,city scrape,Blissful Ottawa Home (Private Room 1),206785800,Raunak,7,10,7,10,"Ottawa, Canada",f,1,t,Barrhaven,45.27787,-75.73146,Private room in home,Private room,2,1.0,2.0,1.0,51.69,2026-06-25,2026-07-25,1550.64,51.69,30.0,730.0,t,29,59,89,89,2026-06-24,21,1,1,2018-08-05,2025-09-01,4.86,4.9,4.95,4.95,4.86,4.81,0.22,1,0
321,27507815,2026-06-24,city scrape,Indian Summer Town 1st floor,207396329,Jing Ping,7,10,7,10,"Ottawa, Canada",f,4,t,Rideau-Vanier,45.43105,-75.69247,Private room in home,Private room,1,1.5,2.0,1.0,48.92,2026-07-26,2026-08-25,1467.72,48.92,30.0,1125.0,t,1,29,59,239,2026-06-24,131,2,2,2018-08-09,2025-08-12,4.83,4.82,4.93,4.94,4.9,4.79,1.37,4,0
322,27576756,2026-06-24,city scrape,Ottawa Bed,202913304,Yetunde,7,11,7,10,Canada,f,2,t,Gloucester-South Nepean,45.27101,-75.69107,Private room in home,Private room,1,1.0,2.0,1.0,39.73,2026-08-09,2026-09-08,1191.87,39.73,30.0,30.0,t,0,14,44,319,2026-06-24,115,0,0,2018-09-04,2020-03-13,4.82,4.92,4.89,4.94,4.78,4.92,1.21,2,0
323,27637373,2026-06-24,city scrape,Spacious Quiet Home near Airport w/ Free Parking,43596839,Marko,10,9,2,6,"Ottawa, Canada",f,1,t,Gloucester-Southgate,45.37077713012695,-75.61666870117188,Entire home,Entire home/apt,4,1.4,4.0,4.0,204.43,2026-07-27,2026-08-27,6337.29,204.43,31.0,270.0,t,0,27,52,204,2026-06-24,51,12,18,2024-01-14,2026-04-10,4.96,4.94,4.96,4.96,4.9,4.84,1.71,1,1
324,27670091,2026-07-02,previous scrape,Rusticity in the city,19413797,Garaudy,11,10,6,11,"Ottawa, Canada",f,1,t,Rideau-Rockcliffe,45.44532,-75.65768,Entire rental unit,Entire home/apt,6,1.4,2.0,2.0,101.45,2027-01-01,2027-01-31,3043.62,101.45,30.0,1125.0,t,0,0,0,87,2026-07-02,36,0,0,2019-08-09,2023-07-15,4.61,4.83,4.92,4.97,4.75,4.61,0.43,1,1
325,27766377,2026-06-24,city scrape,Room B biggest @ 2st floor in High Tech Kanata.,42947566,⁨Hoang (Tano)⁩,10,9,8,8,"Ottawa, Canada",t,15,t,Kanata North,45.35206,-75.92689,Private room in home,Private room,2,1.0,2.0,1.0,54.97,2026-08-02,2026-09-01,1649.0,54.97,30.0,1125.0,t,0,21,51,325,2026-06-24,5,1,0,2018-11-30,2026-05-31,4.2,4.2,5.0,4.8,4.8,4.0,0.05,14,0
326,27766513,2026-06-24,city scrape,Room UC in High Tech Centre (book at least 30 n),42947566,⁨Hoang (Tano)⁩,10,9,8,8,"Ottawa, Canada",t,15,t,Kanata North,45.35329,-75.92539,Private room in home,Private room,2,1.0,1.0,1.0,51.27,2026-09-01,2026-10-01,1538.0,51.27,30.0,1125.0,t,1,1,22,297,2026-06-24,18,0,0,2018-08-24,2022-11-01,4.78,5.0,5.0,4.94,4.89,4.78,0.19,14,0
327,27816842,2026-06-24,city scrape,Room MT in Kanata HighTech Centre (min 30 n),42947566,⁨Hoang (Tano)⁩,10,9,8,8,"Ottawa, Canada",t,15,t,Kanata North,45.35211,-75.92466,Private room in home,Private room,2,1.0,1.0,2.0,53.87,2026-11-01,2026-12-01,1616.0,53.87,30.0,1125.0,t,6,7,21,254,2026-06-24,11,0,0,2019-06-28,2024-04-30,4.82,4.91,4.91,4.91,4.73,4.55,0.13,14,0
328,27816956,2026-06-24,city scrape,Room MB in Kanata High Tech center (min 30 n),42947566,⁨Hoang (Tano)⁩,10,9,8,8,"Ottawa, Canada",t,15,t,Kanata North,45.35217,-75.92538,Private room in home,Private room,2,1.0,2.0,1.0,51.63,2026-09-08,2026-10-08,1549.0,51.63,30.0,1125.0,t,0,0,14,278,2026-06-24,20,1,0,2018-08-31,2026-03-03,4.8,4.8,5.0,4.95,4.9,4.8,0.21,14,0
329,27817173,2026-06-24,city scrape,Room MS in Kanata High Tech Centre (min 30 n),42947566,⁨Hoang (Tano)⁩,10,9,8,8,"Ottawa, Canada",t,15,t,Kanata North,45.35277,-75.92542,Private room in home,Private room,2,1.0,2.0,1.0,51.63,2026-11-01,2026-12-01,1549.0,51.63,30.0,1125.0,t,6,6,6,240,2026-06-24,13,1,1,2018-10-07,2025-10-01,4.62,4.77,4.85,4.77,4.54,4.46,0.14,14,0
330,27882593,2026-06-24,city scrape,Room LW  in High Tech Centre (book at least 30 n),42947566,⁨Hoang (Tano)⁩,10,9,8,8,"Ottawa, Canada",t,15,t,Kanata North,45.35318,-75.92652,Private room in home,Private room,1,1.0,2.0,1.0,40.57,2026-11-01,2026-12-01,1217.0,40.57,30.0,1125.0,t,0,5,5,240,2026-06-24,16,2,3,2019-01-12,2025-12-19,4.63,4.81,5.0,4.81,4.94,4.69,0.18,14,0
331,27883185,2026-07-02,previous scrape,Room LA1 in Kanata High Tech Centre (min 30 n),42947566,⁨Hoang (Tano)⁩,10,9,8,8,"Ottawa, Canada",t,15,t,Kanata North,45.35281,-75.92658,Private room in home,Private room,1,1.4,2.0,2.0,173.3,0000-00-00,"""0000-00-00""",2246.7,173.3,30.0,1125.0,t,0,0,0,1,2026-07-02,22,2,2,2018-09-03,2026-03-31,4.86,4.77,5.0,4.86,4.77,4.86,0.23,14,0
332,27883291,2026-06-24,city scrape,Room LB in Kanata High Tech Centre (min 30 n),42947566,⁨Hoang (Tano)⁩,10,9,8,8,"Ottawa, Canada",t,15,t,Kanata North,45.35271,-75.92485,Private room in home,Private room,1,1.0,2.0,1.0,40.57,2026-11-01,2026-12-01,1217.0,40.57,30.0,1125.0,t,0,0,0,235,2026-06-24,12,1,1,2018-09-03,2025-12-20,4.42,4.58,4.92,4.75,4.75,4.58,0.13,14,0
333,27908481,2026-06-24,city scrape,Comfortable Clean Suite in Private House,119134007,Cyrus,9,3,8,2,"Ottawa, Canada",f,1,t,River,45.36565,-75.74152,Entire guest suite,Entire home/apt,2,1.0,1.0,1.0,94.23,2026-10-01,2026-10-31,2827.0,94.23,30.0,180.0,t,0,0,0,266,2026-06-24,90,0,0,2018-08-31,2023-07-03,4.88,4.97,5.0,5.0,4.84,4.82,0.95,1,1
334,28007283,2026-07-02,previous scrape,Modern and Cozy Private Room!,66819187,Suhail,10,2,9,3,"Ottawa, Canada",f,3,t,Barrhaven,45.24754,-75.73691,Private room in townhouse,Private room,1,1.4,2.0,2.0,173.3,0000-00-00,"""0000-00-00""",2246.7,173.3,30.0,1125.0,t,0,0,0,0,2026-07-02,105,1,1,2018-08-31,2025-08-17,4.63,4.81,4.62,4.77,4.4,4.72,1.1,3,0
335,28082973,2026-06-24,city scrape,Modern luxury waterfront home in Sandy Hill,7852370,Zed,12,10,7,9,"Ottawa, Canada",f,1,t,Rideau-Vanier,45.42599,-75.67231,Entire home,Entire home/apt,8,3.0,4.0,5.0,864.33,2026-07-12,2026-07-15,2593.0,864.33,3.0,1125.0,t,9,24,49,320,2026-06-24,98,14,14,2018-09-09,2026-06-18,4.92,4.96,4.93,4.96,4.94,4.82,1.03,1,1
336,28104197,2026-06-24,city scrape,Private room in a house in Ottawa (Barrhaven) (A),147118525,Peter,8,10,7,11,"Ottawa, Canada",t,3,t,Barrhaven,45.26515,-75.76469,Private room in home,Private room,2,1.0,2.0,1.0,92.0,2026-06-24,2026-06-25,92.0,92.0,1.0,35.0,t,22,46,68,243,2026-06-24,91,15,21,2018-09-03,2026-06-13,4.97,4.95,4.99,4.99,4.91,4.9,0.96,3,0
337,28161097,2026-06-24,city scrape,Your suburban neck of the woods,73947471,Jay,10,0,3,7,"Ottawa, Canada",f,1,t,Cumberland,45.43988,-75.48838,Private room in home,Private room,2,1.0,2.0,1.0,155.0,2026-06-25,2026-06-26,155.0,155.0,1.0,6.0,t,29,59,89,89,2026-06-24,0,0,0,10,10,4.8,4.8,4.9,4.9,4.8,4.7,1.8,1,0
338,28187641,2026-06-24,city scrape,Petrie Island Aroma Studio,54568570,Quantumluv,10,5,7,9,"Ottawa, Canada",f,3,t,Orleans,45.48871,-75.47532,Entire loft,Entire home/apt,5,1.0,2.0,1.0,68.67,2026-06-25,2026-07-25,2060.0,68.67,30.0,365.0,t,29,59,89,364,2026-06-24,160,0,0,2018-09-23,2024-09-02,4.55,4.66,4.84,4.81,4.74,4.64,1.69,3,3
339,28220270,2026-06-24,city scrape,"Beautifully Cultured, Modern 3 Bed in Westboro",7354245,Lisa,12,11,12,10,"Ontario, Canada",t,29,t,Kitchissippi,45.39465,-75.75987,Entire home,Entire home/apt,6,2.5,3.0,3.0,283.44,2026-08-22,2026-09-22,8786.64,283.44,31.0,999.0,t,0,1,31,121,2026-06-24,24,0,0,2018-10-09,2023-02-03,4.96,4.88,4.96,4.79,4.92,4.96,0.26,20,20
340,28254784,2026-06-24,city scrape,Indian Summer Town 2nd floor room 2A,207396329,Jing Ping,7,10,7,10,"Ottawa, Canada",f,4,t,Rideau-Vanier,45.43279,-75.69318,Private room in home,Private room,1,1.5,2.0,1.0,52.56,2026-07-18,2026-08-17,1576.74,52.56,30.0,1125.0,t,6,36,66,341,2026-06-24,88,0,0,2018-09-16,2024-09-01,4.74,4.83,4.9,4.89,4.89,4.8,0.93,4,0
341,28256323,2026-06-24,city scrape,Indian Summer Town 3rd Floor,207396329,Jing Ping,7,10,7,10,"Ottawa, Canada",f,4,t,Rideau-Vanier,45.43283,-75.69185,Private room in home,Private room,1,2.5,2.0,1.0,60.28,2026-07-15,2026-08-14,1808.33,60.28,30.0,1125.0,t,9,39,69,249,2026-06-24,83,1,1,2018-09-18,2025-10-26,4.9,4.87,4.96,4.98,4.9,4.75,0.88,4,0
342,28288351,2026-06-24,city scrape,Cozy apartment downtown w/ free parking,27712287,Christian,11,4,8,3,"Gatineau, Canada",f,6,t,Rideau-Vanier,45.43294,-75.69245,Entire rental unit,Entire home/apt,3,1.0,1.0,2.0,74.5,2026-11-04,2026-12-04,2235.0,74.5,30.0,1125.0,t,28,57,85,268,2026-06-24,280,1,0,2018-09-09,2026-06-01,4.43,4.63,4.73,4.64,4.84,4.43,2.95,3,3
343,28288945,2026-06-24,city scrape,Beautiful apartment in heart of dt byward market,27712287,Christian,11,4,8,3,"Gatineau, Canada",f,6,t,Rideau-Vanier,45.43294,-75.69214,Entire rental unit,Entire home/apt,3,1.0,1.0,1.0,68.97,2026-08-01,2026-08-31,2069.0,68.97,30.0,1125.0,t,0,22,52,327,2026-06-24,206,0,0,2018-09-08,2023-10-16,4.48,4.56,4.78,4.73,4.77,4.49,2.17,3,3
344,28438655,2026-06-24,city scrape,Clean quiet private room for you in a cosy home!,101032559,Maria,9,8,7,9,"Ottawa, Canada",f,1,t,Gloucester-South Nepean,45.27478,-75.71723,Private room in home,Private room,2,1.0,2.0,1.0,57.03,2026-07-01,2026-07-31,1711.0,57.03,30.0,1125.0,t,23,53,83,263,2026-06-24,46,0,0,2018-10-01,2022-06-08,4.89,4.96,4.98,4.98,4.87,4.93,0.49,1,0
345,28486811,2026-06-24,city scrape,Stunning 2 bedroom Basement Suite,40739332,Maureen,10,10,7,9,"Ottawa, Canada",f,1,t,Beacon Hill-Cyrville,45.44203,-75.599,Entire rental unit,Entire home/apt,4,1.0,2.0,2.0,190.33,2026-07-17,2026-07-20,571.0,190.33,1.0,730.0,t,10,23,26,76,2026-06-24,109,15,22,2018-09-27,2026-06-22,4.94,4.94,4.97,4.97,4.94,4.94,1.16,1,1
346,28606702,2026-06-24,city scrape,Basement  in a house,202913304,Yetunde,7,11,7,10,Canada,f,2,t,Gloucester-South Nepean,45.271992897814,-75.69254683584764,Private room in home,Private room,2,1.4,2.0,1.0,109.0,2026-07-02,2026-07-03,109.0,109.0,1.0,30.0,t,22,52,82,355,2026-06-24,14,14,9,2025-08-29,2026-05-12,4.64,4.71,4.71,4.86,4.86,4.71,1.4,2,0
347,28742137,2026-07-02,previous scrape,Ottawa's Golden Triangle Haven!,10233343,Roshanak,12,7,7,9,"Ottawa, Canada",f,1,t,Somerset,45.41935,-75.69281,Entire rental unit,Entire home/apt,3,1.4,2.0,2.0,173.3,0000-00-00,"""0000-00-00""",2246.7,173.3,50.0,90.0,t,0,0,16,16,2026-07-02,27,0,0,2018-10-03,2020-08-30,4.63,4.78,4.7,4.78,4.89,4.63,0.29,1,1
348,28833982,2026-06-24,city scrape,The Annex Hideaway,84620083,Yu,9,11,7,8,"Ottawa, Canada",f,1,t,Cumberland,45.37313,-75.26836,Entire guesthouse,Entire home/apt,4,1.0,2.0,1.0,183.0,2026-06-28,2026-06-30,366.0,183.0,2.0,250.0,t,16,29,59,59,2026-06-24,5,0,0,2018-10-17,2019-11-03,4.2,4.2,4.2,4.6,4.6,4.0,0.05,1,1
349,28836403,2026-06-24,city scrape,Modern Design Luxury- ByWardMarket/UofO/Parliament,2676852,Luc,14,0,10,5,"Montreal, Canada",t,6,t,Rideau-Vanier,45.42838,-75.6881,Entire condo,Entire home/apt,4,1.0,1.0,2.0,158.39,2026-06-24,2026-07-24,4751.58,158.39,30.0,1125.0,t,30,37,55,330,2026-06-24,29,2,3,2018-10-01,2026-05-12,5.0,5.0,4.97,5.0,4.9,4.9,0.31,1,1
350,28890866,2026-06-24,city scrape,Modern Lūx Apartment In Quiet Neighborhood,47934714,Mélanie,10,7,7,8,"Ottawa, Canada",f,1,t,Beacon Hill-Cyrville,45.42171,-75.60637,Entire guest suite,Entire home/apt,5,1.0,2.0,3.0,151.0,2026-06-25,2026-07-25,4530.0,151.0,30.0,1125.0,t,29,59,89,364,2026-06-24,218,3,17,2018-11-02,2025-08-03,4.89,4.93,4.96,4.95,4.85,4.84,2.34,1,1
351,29021384,2026-06-24,city scrape,*Modern Suite + Underground Parking [Downtown],6237251,Joy,13,1,9,0,"Ottawa, Canada",t,13,t,Somerset,45.41221237182617,-75.69603729248047,Entire condo,Entire home/apt,2,1.0,1.0,3.0,100.87,2026-06-27,2026-07-27,3026.0,100.87,30.0,180.0,t,27,57,87,308,2026-06-24,19,0,0,2019-01-22,2024-07-31,4.95,4.95,5.0,5.0,4.95,4.74,0.21,3,3
352,29103113,2026-07-02,previous scrape,"Downtown Air BnB Apartment 3 bedroom, free parking",59083027,Daniel,10,4,10,4,"Ottawa, Canada",f,2,t,Somerset,45.41326,-75.69892,Entire rental unit,Entire home/apt,6,1.4,3.0,2.0,182.0,2026-11-15,2026-11-16,182.0,182.0,1.0,1125.0,t,0,0,0,134,2026-07-02,164,0,0,2018-10-21,2023-08-27,4.3,4.41,4.79,4.84,4.72,4.33,1.75,2,2
353,29121732,2026-06-24,city scrape,Hidden Gem in Beautiful Downtown Ottawa,66318421,Olivier,10,2,7,8,"Ottawa, Canada",t,1,t,Rideau-Vanier,45.42799,-75.68211,Entire condo,Entire home/apt,3,1.0,1.0,1.0,107.51,2026-07-12,2026-08-11,3225.17,107.51,30.0,1125.0,t,12,42,51,317,2026-06-24,132,2,3,2018-11-17,2026-02-24,4.91,4.95,4.95,5.0,4.96,4.86,1.43,1,1
354,29145428,2026-06-24,city scrape,Alta Vista Studio,51015489,Simon,10,6,10,6,"Ottawa, Canada",f,1,t,Alta Vista,45.40817,-75.64118,Entire guest suite,Entire home/apt,2,1.0,2.0,1.0,65.67,2026-09-04,2026-10-04,1970.1,65.67,30.0,300.0,t,4,4,22,112,2026-06-24,45,1,1,2018-10-20,2026-03-28,4.93,4.98,4.89,4.98,4.91,4.98,0.48,1,1
355,29164783,2026-06-24,city scrape,CARLINGWOOD ACCOMMODATIONS - Just West of Downtown,31409437,Brenan,11,2,7,8,"Ottawa, Canada",t,1,t,Bay,45.37085,-75.76777,Entire rental unit,Entire home/apt,2,1.0,1.0,2.0,158.0,2026-07-28,2026-07-31,474.0,158.0,3.0,135.0,t,5,11,34,198,2026-06-24,178,28,26,2018-10-26,2026-06-17,4.9,4.92,4.97,4.95,4.94,4.9,1.91,1,1
356,29261600,2026-06-24,city scrape,1 Bedroom Entire Apartment Downtown Ottawa!,203101865,⁨Jahan ( Said )⁩,7,11,7,8,"Ottawa, Canada",f,1,t,Rideau-Vanier,45.42799,-75.68389,Entire rental unit,Entire home/apt,2,1.0,1.0,1.0,77.43,2026-06-24,2026-07-24,2323.0,77.43,30.0,365.0,t,30,60,90,365,2026-06-24,27,0,0,2018-10-25,2020-01-05,4.78,4.81,4.93,4.96,4.96,4.59,0.29,1,1
357,29284664,2026-06-24,city scrape,Governor's Gate,40653407,David,10,10,7,6,"Victoria, Canada",t,2,t,Rideau-Rockcliffe,45.44224,-75.68711,Entire loft,Entire home/apt,4,1.0,2.0,2.0,106.19,2027-01-01,2027-01-31,3185.79,106.19,30.0,1125.0,t,3,15,29,115,2026-06-24,53,0,0,2018-12-23,2020-05-05,4.94,4.96,4.92,4.98,5.0,4.91,0.58,1,1
358,29367845,2026-06-24,city scrape,2ByWard Market with Parking //Unbeatable Location!,217647211,Alison,7,8,7,8,"Ottawa, Canada",t,1,t,Rideau-Vanier,45.43239,-75.69201,Entire home,Entire home/apt,3,1.0,1.0,2.0,72.3,2026-11-30,2026-12-30,2169.0,72.3,30.0,1125.0,t,2,2,3,101,2026-06-24,290,1,1,2018-10-21,2025-07-31,4.44,4.6,4.78,4.62,4.85,4.44,3.1,1,1
359,29428883,2026-06-24,city scrape,VIP Home.a. with rooms and free parking,28278044,Dragan,11,4,10,2,"Ottawa, Canada",t,3,t,Beacon Hill-Cyrville,45.45449,-75.61792,Private room in home,Private room,5,1.5,3.0,3.0,188.0,2026-07-06,2026-07-07,188.0,188.0,1.0,3.0,t,11,13,13,13,2026-06-24,56,1,1,2019-02-17,2025-09-27,4.96,4.89,4.95,4.98,4.93,4.95,0.63,3,0
360,29563771,2026-06-24,city scrape,Central & Clean 2bdrm Apartment with Parking for 2,7354245,Lisa,12,11,12,10,"Ontario, Canada",t,29,t,College,45.36282,-75.7533,Entire rental unit,Entire home/apt,4,1.0,2.0,2.0,144.98,2026-11-29,2026-12-29,4349.27,144.98,30.0,1125.0,t,0,0,0,207,2026-06-24,36,5,2,2018-11-17,2026-05-31,4.53,4.58,4.94,4.72,4.83,4.36,0.39,20,20
361,29684857,2026-06-24,city scrape,Your Home away from Home,104766537,Marc,9,7,7,7,"Ottawa, Canada",t,1,t,Capital,45.37246,-75.66813,Entire guest suite,Entire home/apt,2,1.0,1.0,1.0,143.0,2026-07-07,2026-07-08,143.0,143.0,1.0,7.0,t,8,12,21,249,2026-06-24,830,141,124,2018-12-15,2026-06-21,4.94,4.97,4.98,4.96,4.85,4.91,9.06,1,1
362,29729578,2026-06-24,city scrape,Heritage home near Byward Market downtown Ottawa,81875539,Breathe Vacation Rentals,9,11,9,7,"Prince Edward, Canada",t,34,t,Rideau-Vanier,45.43243469999999,-75.6948158,Entire townhouse,Entire home/apt,6,3.0,3.0,4.0,506.0,2026-06-24,2026-06-25,506.0,506.0,1.0,1125.0,t,10,10,18,78,2026-06-24,298,40,36,2018-11-08,2026-05-31,4.84,4.85,4.92,4.9,4.92,4.78,3.21,4,4
363,29756753,2026-06-24,city scrape,Your Home Away From Home in Historic Carlington,66467315,Ahmed,10,2,6,9,"Ottawa, Canada",t,3,t,River,45.38038,-75.7288,Entire guest suite,Entire home/apt,2,1.0,1.0,3.0,146.5,2026-08-22,2026-08-24,293.0,146.5,2.0,730.0,t,0,1,8,282,2026-06-24,110,11,8,2019-09-16,2026-06-19,4.91,4.96,4.96,4.99,4.93,4.85,1.33,2,2
364,30154567,2026-06-24,city scrape,Lovely home in trendy Hintonburg,3588890,Justyna,13,9,13,4,"Ottawa, Canada",t,1,t,Kitchissippi,45.40208,-75.7216,Entire townhouse,Entire home/apt,4,1.0,3.0,3.0,115.12,2026-07-31,2026-08-30,3453.71,115.12,30.0,200.0,t,0,23,53,53,2026-06-24,8,3,5,2018-11-24,2025-10-02,5.0,5.0,5.0,5.0,5.0,4.75,0.09,1,1
365,30348817,2026-07-02,previous scrape,basement  apt with own kitchen and separate door,126366771,Anahita,9,2,9,1,"Ottawa, Canada",f,3,t,Barrhaven,45.25326,-75.7277,Entire guesthouse,Entire home/apt,3,1.4,1.0,2.0,32.74,2026-07-09,2026-10-07,2947.0,32.74,90.0,300.0,t,23,53,83,358,2026-07-02,5,0,0,2019-01-13,2019-08-18,4.8,5.0,5.0,5.0,5.0,4.8,0.05,2,2
366,30398354,2026-06-24,city scrape,Beautiful Modern Three Bedroom with Parking!,7354245,Lisa,12,11,12,10,"Ontario, Canada",t,29,t,College,45.36266,-75.7521,Entire home,Entire home/apt,6,1.0,3.0,3.0,237.8,2026-07-16,2026-08-15,7133.85,237.8,30.0,1125.0,t,8,38,68,343,2026-06-24,49,2,4,2019-01-21,2025-10-02,4.88,4.92,4.94,4.98,4.94,4.65,0.54,20,20
367,30398918,2026-06-24,city scrape,"Large 5 Bed Home for Families, Groups, Colleagues",7354245,Lisa,12,11,12,10,"Ontario, Canada",t,29,t,College,45.36307,-75.75333,Entire home,Entire home/apt,10,2.0,5.0,5.0,272.58,2026-07-01,2026-08-01,8450.09,272.58,31.0,999.0,t,23,53,83,358,2026-06-24,2,0,1,2021-04-05,2025-01-08,4.5,4.5,5.0,5.0,5.0,5.0,0.03,20,20
368,30429886,2026-06-24,city scrape,IN THE HEART OF DOWNTOWN OTTAWA 2BR APARTMENT,22350228,Jenny,11,8,7,5,"Ottawa, Canada",t,20,t,Rideau-Vanier,45.43072,-75.69282,Entire rental unit,Entire home/apt,4,1.0,2.0,2.0,280.0,2026-07-03,2026-07-04,280.0,280.0,1.0,1125.0,t,6,13,19,273,2026-06-24,553,72,68,2019-01-01,2026-06-07,4.77,4.86,4.92,4.93,4.91,4.76,6.07,15,15
369,30448355,2026-06-24,city scrape,JstLikeHome - Downtown Suites Family Suite,27076237,Roy,11,4,9,8,"Ottawa, Canada",f,5,t,Rideau-Vanier,45.43126,-75.6755,Entire rental unit,Entire home/apt,8,1.0,2.0,4.0,173.3,2026-10-19,2026-11-18,2246.7,173.3,30.0,1125.0,t,6,9,24,287,2026-06-24,259,0,0,2018-12-08,2023-11-03,4.58,4.66,4.79,4.78,4.69,4.61,2.82,5,2
370,30468125,2026-06-24,city scrape,CHARMING AND CLEAN BEDROOM + PRIVATE BATHROOM,228746089,Annie,7,6,7,6,"Ottawa, Canada",f,1,t,Bay,45.38022,-75.77411,Private room in home,Private room,2,1.0,2.0,1.0,99.87,2026-06-24,2026-07-24,2996.0,99.87,30.0,90.0,t,30,60,90,270,2026-06-24,2,0,0,2019-05-11,2019-08-13,5.0,5.0,5.0,5.0,5.0,5.0,0.02,1,0
371,30593477,2026-07-02,previous scrape,Hanging in Hip Hintonburg / Little Italy,24143587,Nick,11,7,7,6,"Ottawa, Canada",f,2,t,Somerset,45.40693,-75.71062,Entire home,Entire home/apt,5,1.4,2.0,2.0,173.3,0000-00-00,"""0000-00-00""",2246.7,173.3,30.0,1125.0,t,0,0,0,0,2026-07-02,7,0,0,2018-12-23,2019-01-27,4.71,4.43,5.0,4.57,5.0,5.0,0.08,1,1
372,31015568,2026-06-24,city scrape,4 BD 2.5 BA Home by Centrum Mall & Signature Plaza,128158398,Samuel And Jonathan,9,1,9,1,"Ottawa, Canada",f,1,f,Kanata North,45.311641693115234,-75.92218780517578,Entire home,Entire home/apt,8,2.5,4.0,4.0,172.19,2026-08-30,2026-09-29,5165.74,172.19,30.0,365.0,t,1,7,30,304,2026-06-24,192,2,4,2018-12-26,2025-12-20,4.84,4.85,4.95,4.9,4.94,4.76,2.1,1,1
373,31122166,2026-06-24,city scrape,Private Coach House with a Loft,140940544,Nathan,8,11,7,5,"Ottawa, Canada",t,1,t,Rideau-Rockcliffe,45.42478,-75.66144,Entire guesthouse,Entire home/apt,2,1.0,1.0,3.0,143.74,2026-10-21,2026-11-20,4312.19,143.74,30.0,180.0,t,18,46,56,207,2026-06-24,357,12,30,2018-12-30,2026-05-31,4.92,4.94,4.97,4.93,4.84,4.88,3.92,1,1
374,31123774,2026-06-24,city scrape,"Entertaining 3BD/2BA w/parking, pool table & Wi-Fi",1139877,Camille,14,9,7,5,"Ottawa, Canada",t,1,t,River,45.3547,-75.66978,Entire bungalow,Entire home/apt,6,2.0,3.0,3.0,349.0,2026-07-05,2026-07-06,349.0,349.0,1.0,1125.0,t,3,6,12,19,2026-06-24,390,66,69,2019-01-04,2026-06-15,4.87,4.86,4.9,4.95,4.89,4.82,4.29,1,1
375,31161223,2026-06-24,city scrape,Queen Mary Double Bed,99145370,Christopher,9,8,9,5,"Ottawa, Canada",f,3,t,Rideau-Rockcliffe,45.42593,-75.65416,Private room in home,Private room,1,1.0,2.0,1.0,39.65,2026-08-01,2026-09-01,1229.0,39.65,30.0,700.0,t,0,22,52,327,2026-06-24,25,0,0,2019-01-02,2024-08-01,4.8,4.72,4.84,4.88,4.68,4.8,0.27,2,0
376,31221402,2026-06-24,city scrape,Space in a family home: very close to the airport!,233515498,Catherine And Buuma,7,5,7,5,Canada,f,1,t,Gloucester-South Nepean,45.32749,-75.59417,Entire home,Entire home/apt,4,1.0,2.0,2.0,93.2,2026-06-25,2026-07-25,2796.08,93.2,30.0,1125.0,t,29,59,89,179,2026-06-24,11,0,0,2019-01-28,2020-03-01,4.64,4.73,4.91,4.91,4.91,4.73,0.12,1,1
377,31257925,2026-06-24,city scrape,One Bed Walk-Out Apt with Office/ Beautiful View,27699005,Wei,11,4,7,5,"Ottawa, Canada",t,3,t,Kanata North,45.31898,-75.94293,Entire rental unit,Entire home/apt,2,1.0,1.0,1.0,97.58,2026-08-01,2026-09-01,3025.0,97.58,31.0,360.0,t,0,22,52,232,2026-06-24,29,4,3,2019-01-31,2026-03-12,4.97,4.97,5.0,5.0,4.97,4.79,0.32,3,3
378,31288863,2026-06-24,city scrape,Kanata Comfortable Bedroom 1 with Private Bathroom,188779765,Siarhei,8,1,8,1,"Ottawa, Canada",t,3,t,Kanata South,45.27848,-75.84293,Private room in townhouse,Private room,1,1.4,2.0,1.0,80.33,2026-08-01,2026-08-04,241.0,80.33,3.0,1125.0,t,0,22,52,327,2026-06-24,56,1,1,2019-06-30,2025-12-15,4.71,4.61,4.82,4.84,4.79,4.79,0.66,3,0
379,31308462,2026-06-24,city scrape,Chic and Central Pied a Terre,18327084,Sheelagh,8,9,7,5,"Ottawa, Canada",f,1,t,Capital,45.39356,-75.68198,Entire rental unit,Entire home/apt,4,1.0,2.0,2.0,222.3,2026-06-24,2026-07-24,6669.0,222.3,30.0,90.0,t,30,60,90,270,2026-06-24,0,0,0,10,10,4.8,4.8,4.9,4.9,4.8,4.7,1.8,1,1
380,31339111,2026-06-24,city scrape,Stylish and Comfortable  2BdRm Townhouse,199967704,Laibin,7,11,7,1,"Ottawa, Canada",f,1,t,Rideau-Goulbourn,45.23963,-75.73147,Entire townhouse,Entire home/apt,4,1.5,2.0,2.0,173.6,2026-07-19,2026-08-18,5207.88,173.6,30.0,1125.0,t,5,35,65,340,2026-06-24,106,2,3,2019-05-05,2025-12-26,4.93,4.98,4.98,4.98,4.83,4.92,1.22,1,1
381,31406491,2026-07-02,previous scrape,Modern studio 5 min to airport - separate entrance,235240133,Ivan,7,5,7,5,"Ottawa, Canada",f,3,t,Gloucester-Southgate,45.35363,-75.64229,Entire rental unit,Entire home/apt,2,1.4,2.0,2.0,173.3,0000-00-00,"""0000-00-00""",2246.7,173.3,45.0,200.0,t,0,0,0,31,2026-07-02,99,1,2,2019-01-30,2025-08-20,4.8,4.88,4.96,4.87,4.91,4.85,1.1,3,3
382,31437343,2026-06-24,city scrape,Luxury Exec Apt Top Floor (Long term Ottawa South),170048687,Rose-Alexis,8,4,7,5,"Ottawa, Canada",f,1,t,River,45.36729,-75.68831,Entire rental unit,Entire home/apt,2,1.0,1.0,1.0,112.72,2026-08-01,2026-08-31,3381.58,112.72,30.0,365.0,t,0,22,52,327,2026-06-24,63,1,0,2019-01-25,2026-02-04,4.94,4.92,4.9,4.92,4.92,4.86,0.7,1,1
383,31512851,2026-06-24,city scrape,Camping in Ottawa in this beautiful new RV,29052150,Jean,11,3,11,3,"Ottawa, Canada",f,1,t,Gloucester-Southgate,45.34741,-75.62446,Camper/RV,Entire home/apt,6,1.0,1.0,4.0,178.09,2026-06-25,2026-07-25,5342.83,178.09,30.0,1125.0,t,29,59,89,179,2026-06-24,0,0,0,10,10,4.8,4.8,4.9,4.9,4.8,4.7,1.8,1,1
384,31519126,2026-06-24,city scrape,Superb Location. Bright & Cozy. 31 Day Minimum.,13655068,Edward,12,2,8,9,"Ottawa, Canada",t,2,t,Rideau-Vanier,45.42971,-75.6945,Entire rental unit,Entire home/apt,4,1.0,2.0,3.0,109.05,2026-12-31,2027-01-31,3380.59,109.05,31.0,1125.0,t,12,12,20,195,2026-06-24,105,1,2,2019-02-03,2025-08-30,4.75,4.84,4.95,4.98,4.97,4.72,1.17,2,2
385,31895390,2026-06-24,city scrape,Country Paradise in Beckwith,200839127,Sherry,7,11,7,4,"Ontario, Canada",f,1,t,Rideau-Goulbourn,45.14182,-75.94983,Entire guest suite,Entire home/apt,2,1.0,1.0,1.0,90.04,2026-07-01,2026-07-31,2701.28,90.04,30.0,1125.0,t,23,53,83,83,2026-06-24,8,0,0,2019-02-07,2022-05-31,4.75,4.75,4.25,5.0,4.63,4.88,0.09,1,1
386,32004058,2026-06-24,city scrape,"Fully furnished ""R"" Studio in downtown Ottawa",128012874,Andriy & Nataliya,9,1,9,1,"Ottawa, Canada",t,3,t,Rideau-Vanier,45.429346,-75.68887,Entire condo,Entire home/apt,2,1.0,2.0,1.0,87.81,2026-12-23,2027-01-23,2722.0,87.81,31.0,1125.0,t,0,0,0,183,2026-06-24,103,2,2,2019-02-12,2026-05-02,4.88,4.92,4.91,4.87,4.82,4.83,1.15,2,2
387,32113836,2026-06-24,city scrape,Comfortable Bedroom in Kanata w/Queen Bed,240922340,Roushan,7,4,7,4,"Ottawa, Canada",f,1,t,Kanata North,45.35324,-75.91905,Private room in townhouse,Private room,2,1.5,2.0,1.0,54.23,2026-06-24,2026-07-24,1627.0,54.23,30.0,1125.0,t,30,60,90,90,2026-06-24,83,0,0,2019-03-05,2022-06-03,4.66,4.8,4.86,4.9,4.8,4.61,0.93,1,0
388,32195113,2026-07-02,previous scrape,Fully furnished 3-bdrm Townhouse in Halfmoon Bay,124771357,Sophia,9,2,7,4,"Ottawa, Canada",f,1,t,Barrhaven,45.24694337681008,-75.74174542804558,Entire townhouse,Entire home/apt,6,1.4,3.0,2.0,124.42,2026-12-04,2027-01-03,3732.72,124.42,30.0,1125.0,t,0,0,0,115,2026-07-02,4,1,1,2023-12-08,2026-01-10,5.0,5.0,5.0,5.0,4.75,5.0,0.13,1,1
389,32466471,2026-06-24,city scrape,Private Room in a Friendly Family Home,1755714,Janice And Garry,14,4,14,4,"Ontario, Canada",t,10,t,College,45.34876,-75.78437,Private room in home,Private room,1,1.0,2.0,2.0,33.2,2026-08-01,2026-08-31,996.0,33.2,30.0,1125.0,t,0,22,34,178,2026-06-24,23,2,1,2019-08-01,2026-01-07,4.78,4.74,4.96,5.0,4.74,4.78,0.27,3,0
390,32597828,2026-06-24,city scrape,"1 Bedroom Apartment, 5m to Hwy417, 15m to Downtown",176833153,Sarel,8,3,7,4,"Ottawa, Canada",t,2,t,River,45.37514,-75.7302,Entire guest suite,Entire home/apt,4,1.0,1.0,3.0,136.94,2026-06-29,2026-06-30,136.94,136.94,1.0,28.0,t,10,30,58,148,2026-06-24,387,58,57,2019-03-07,2026-06-21,4.8,4.89,4.94,4.93,4.81,4.78,4.35,2,2
391,32694919,2026-06-24,city scrape,"Newly Renovated Flat with Everything, Free Parking",148389483,Phil,8,9,7,3,"Ottawa, Canada",f,2,t,Somerset,45.40484,-75.71257,Entire rental unit,Entire home/apt,4,1.4,1.0,1.0,96.05,2026-09-30,2026-10-30,2881.59,96.05,30.0,1125.0,t,0,0,0,267,2026-06-24,37,0,0,2019-03-24,2020-12-24,4.97,4.95,4.92,5.0,4.89,4.95,0.42,2,2
392,32741339,2026-07-02,previous scrape,Basement apt br in quiet & safe area(2),79022943,Yunjung & Jason,10,0,7,11,"Ottawa, Canada",f,1,t,College,45.34664,-75.77762,Private room in bungalow,Private room,1,1.4,2.0,2.0,11.03,2026-09-06,2026-12-15,1102.51,11.03,100.0,360.0,t,0,0,24,299,2026-07-02,17,1,2,2019-08-17,2025-12-20,4.94,4.94,5.0,4.82,4.94,4.88,0.2,1,0
393,32813522,2026-06-24,city scrape,Modern Multi-Level Apartment in Centretown Ottawa,243989772,Remote Host,7,4,7,3,"Ottawa, Canada",f,2,t,Somerset,45.409,-75.69487,Entire rental unit,Entire home/apt,4,2.0,2.0,2.0,148.63,2026-06-24,2026-07-24,4459.0,148.63,30.0,730.0,t,30,60,90,365,2026-06-24,145,1,1,2019-04-02,2025-08-22,4.8,4.88,4.7,4.82,4.77,4.74,1.65,2,2
394,32910956,2026-06-24,city scrape,Desirable Private Bedroom in Female Only Residence,247607805,Murray,7,3,7,3,"Ottawa, Canada",t,10,t,Rideau-Vanier,45.42355,-75.67918,Private room in townhouse,Private room,1,1.5,2.0,1.0,53.58,2027-01-01,2027-01-31,1607.28,53.58,30.0,1125.0,t,0,0,0,174,2026-06-24,30,0,0,2019-04-17,2024-08-30,4.87,4.87,4.97,5.0,5.0,4.87,0.34,10,0
395,32983146,2026-06-24,city scrape,★ Mid Century Condo ★ Steps from Parliament Hill ♛,17208404,Joel,12,0,10,0,"Ottawa, Canada",t,2,t,Somerset,45.41933,-75.69998,Entire condo,Entire home/apt,2,1.0,1.0,1.0,90.37,2026-12-31,2027-01-30,2711.0,90.37,30.0,365.0,t,16,16,24,199,2026-06-24,111,4,6,2019-03-16,2026-03-02,4.93,4.91,4.93,4.93,4.97,4.88,1.25,2,2
396,33244827,2026-06-24,city scrape,Furnished Basement Appt,63526467,Calvin,10,3,7,3,"Toronto, Canada",f,1,t,Gloucester-South Nepean,45.31561,-75.59842,Private room in townhouse,Private room,1,1.0,2.0,1.0,120.35,2026-06-24,2026-07-24,3610.56,120.35,30.0,1125.0,t,30,60,90,90,2026-06-24,4,0,0,2019-04-10,2020-06-18,5.0,5.0,5.0,5.0,5.0,5.0,0.05,1,0
397,33286171,2026-06-24,city scrape,Big basement close to airport,250668148,Basem And Catherine,7,3,7,2,"Ottawa, Canada",t,1,t,Gloucester-South Nepean,45.26983,-75.72757,Private room in townhouse,Private room,6,1.0,2.0,2.0,111.0,2026-06-29,2026-06-30,111.0,111.0,1.0,1125.0,t,12,22,38,301,2026-06-24,422,66,70,2019-04-27,2026-06-21,4.95,4.94,4.97,4.97,4.89,4.88,4.84,1,0
398,33288082,2026-06-24,city scrape,Traveller's Nest - Your Cozy Home in Ottawa,2133136,Scott & Hong,14,2,7,1,"Ottawa, Canada",t,1,t,Capital,45.41009,-75.67785,Entire guest suite,Entire home/apt,4,1.0,2.0,3.0,179.67,2026-08-31,2026-09-06,1078.0,179.67,5.0,62.0,t,0,5,19,21,2026-06-24,117,20,26,2019-06-10,2026-05-05,4.93,4.92,4.97,4.98,4.97,4.88,1.36,1,1
399,33308545,2026-06-24,city scrape,Bright Room near Ottawa Airport in Riverside South,7579497,Helene,12,11,7,2,"Ottawa, Canada",f,1,t,Gloucester-South Nepean,45.28551,-75.68119,Private room in home,Private room,2,1.0,2.0,1.0,45.92,2026-06-26,2026-07-26,1377.48,45.92,30.0,90.0,t,28,58,88,88,2026-06-24,0,0,0,10,10,4.8,4.8,4.9,4.9,4.8,4.7,1.8,1,0
400,33353050,2026-06-24,city scrape,1 - Long Term Room w Desk & TV in Little Italy,251248610,Maxim,7,2,7,2,"Ottawa, Canada",t,1,t,Somerset,45.41036,-75.718,Private room in townhouse,Private room,2,2.0,2.0,1.0,80.77,2026-06-25,2026-07-25,2423.0,80.77,30.0,730.0,t,29,59,89,364,2026-06-24,37,2,2,2019-05-16,2025-10-22,4.73,4.89,4.95,4.86,4.92,4.78,0.43,1,0
401,33543642,2026-06-24,city scrape,Belle Gite in Historic Downtown Ottawa,45069707,Beth,10,8,8,8,"Ottawa, Canada",t,1,t,Rideau-Vanier,45.43376,-75.69165,Entire townhouse,Entire home/apt,4,1.0,2.0,2.0,229.0,2026-08-10,2026-08-11,229.0,229.0,1.0,180.0,t,0,3,3,111,2026-06-24,159,27,35,2022-06-05,2026-06-20,4.8,4.89,4.94,4.92,4.9,4.77,3.22,1,1
402,33630592,2026-07-02,previous scrape,Heritage home in prime Byward Market location,81875539,Breathe Vacation Rentals,9,11,9,7,"Prince Edward, Canada",t,34,t,Rideau-Vanier,45.43050890000001,-75.69402699999999,Entire home,Entire home/apt,4,1.4,2.0,2.0,173.3,0000-00-00,"""0000-00-00""",2246.7,173.3,25.0,1125.0,t,0,0,0,0,2026-07-02,97,5,7,2019-04-10,2025-12-30,4.78,4.84,4.94,4.9,4.88,4.59,1.1,4,4
403,33658868,2026-06-24,city scrape,Private room in a 4 bedroom home in Barrhaven (R),147118525,Peter,8,10,7,11,"Ottawa, Canada",t,3,t,Barrhaven,45.26711,-75.76476,Private room in home,Private room,2,1.4,2.0,1.0,103.0,2026-06-29,2026-06-30,103.0,103.0,1.0,35.0,t,25,48,69,158,2026-06-24,22,0,3,2019-04-22,2025-05-25,4.91,4.95,4.82,4.82,4.73,4.68,0.25,3,0
404,33910089,2026-06-24,city scrape,Shadi's place,208380498,Shadi,7,10,7,2,"Ottawa, Canada",f,1,t,Rideau-Vanier,45.43931,-75.6756,Private room in condo,Private room,2,1.5,2.0,1.0,124.63,2026-06-24,2026-07-24,3739.0,124.63,30.0,1125.0,t,30,60,90,365,2026-06-24,72,0,0,2019-04-21,2023-10-22,4.65,4.72,4.92,4.86,4.83,4.57,0.82,1,0
405,33912137,2026-07-02,previous scrape,Unique Coach House Experience right Downtown,85297148,Short And Suite BnB,9,11,9,4,"Ottawa, Canada",t,51,t,Kitchissippi,45.40376,-75.72085,Entire guesthouse,Entire home/apt,2,1.4,2.0,2.0,173.3,0000-00-00,"""0000-00-00""",2246.7,173.3,30.0,1125.0,t,0,0,0,0,2026-07-02,217,26,48,2019-04-30,2026-03-02,4.81,4.9,4.87,4.85,4.88,4.76,2.48,28,28
406,33912534,2026-06-24,city scrape,Charming Private Bedroom in Female Only Residence,247607805,Murray,7,3,7,3,"Ottawa, Canada",t,10,t,Rideau-Vanier,45.42352,-75.67917,Private room in townhouse,Private room,1,1.5,2.0,1.0,40.52,2026-08-01,2026-08-31,1215.69,40.52,30.0,1125.0,t,7,29,37,212,2026-06-24,18,2,2,2019-05-14,2026-05-01,4.78,4.89,5.0,5.0,5.0,4.94,0.21,10,0
407,33915245,2026-07-02,previous scrape,Master Bedroom & Bathroom in Female only Residence,247607805,Murray,7,3,7,3,"Ottawa, Canada",t,10,t,Rideau-Vanier,45.42352,-75.67917,Private room in townhouse,Private room,1,1.4,2.0,2.0,173.3,0000-00-00,"""0000-00-00""",2246.7,173.3,30.0,1125.0,t,0,0,0,0,2026-07-02,14,0,0,2019-05-04,2019-08-31,4.93,5.0,5.0,4.93,5.0,5.0,0.16,10,0
408,33944799,2026-06-24,city scrape,Queen Mary Master Bedroom,99145370,Christopher,9,8,9,5,"Ottawa, Canada",f,3,t,Rideau-Rockcliffe,45.425133487341085,-75.65237015014503,Private room in home,Private room,2,1.0,2.0,1.0,50.58,2026-09-01,2026-10-02,1568.0,50.58,31.0,730.0,t,0,0,21,201,2026-06-24,11,0,0,2019-04-24,2023-05-28,4.91,4.91,4.91,4.91,4.82,5.0,0.13,2,0
409,33972402,2026-06-24,city scrape,Reno'd 2 BD in Hintonburg  Balcony & Parking,256527069,Jennifer,7,2,7,0,"Ottawa, Canada",t,1,t,Kitchissippi,45.40439,-75.72244,Entire rental unit,Entire home/apt,4,1.0,2.0,2.0,259.0,2026-08-09,2026-08-10,259.0,259.0,1.0,1125.0,t,0,2,7,85,2026-06-24,633,101,102,2019-06-14,2026-06-21,4.96,4.98,4.98,4.97,4.95,4.92,7.39,1,1
410,34107502,2026-06-24,city scrape,Great Location! Modern 1 Bedroom with Parking,7354245,Lisa,12,11,12,10,"Ontario, Canada",t,29,t,Somerset,45.41093,-75.69473,Entire condo,Entire home/apt,2,1.0,1.0,2.0,152.53,2026-07-13,2026-08-12,4575.92,152.53,30.0,1125.0,t,11,41,71,346,2026-06-24,13,4,2,2019-08-13,2026-05-09,4.54,4.54,4.46,4.69,4.54,4.15,0.16,20,20
411,34116706,2026-06-24,city scrape,Carsonby Garden Farms,257602414,Tanya,7,2,7,1,"Ottawa, Canada",f,1,t,Rideau-Goulbourn,45.18093,-75.70855,Entire home,Entire home/apt,8,2.0,4.0,5.0,236.29,2026-06-24,2026-07-24,7088.82,236.29,30.0,1125.0,t,30,60,90,270,2026-06-24,5,0,0,2019-07-01,2020-01-02,5.0,5.0,5.0,5.0,5.0,5.0,0.06,1,1
412,34342509,2026-06-24,city scrape,Private Unit byAirport/Southkeys/CarletonU,259277411,Nidaa,7,1,7,1,"Ottawa, Canada",f,1,t,Gloucester-Southgate,45.36239,-75.64872,Entire guest suite,Entire home/apt,2,1.0,1.0,1.0,69.7,2026-07-12,2026-08-11,2091.0,69.7,30.0,1125.0,t,13,43,73,174,2026-06-24,7,0,0,2019-06-06,2024-11-03,4.86,4.86,5.0,5.0,5.0,4.86,0.08,1,1
413,34450100,2026-06-24,city scrape,"Bright, central, spacious 2 BR, 2 bath with den",1479863,Linda,14,6,7,1,"Ottawa, Canada",t,1,t,College,45.36189,-75.76489,Entire rental unit,Entire home/apt,4,2.0,2.0,2.0,244.21,2026-06-29,2026-07-01,488.42,244.21,1.0,31.0,t,13,24,24,79,2026-06-24,298,35,37,2019-05-18,2026-05-31,4.96,4.98,4.97,4.97,4.9,4.93,3.45,1,1
414,34506323,2026-06-24,city scrape,"Luxury 2 BR, 2 Bath Condo, 5 min from the Canal!",260436209,Luka,7,1,7,1,"Ottawa, Canada",f,1,t,Somerset,45.42102,-75.69876,Entire condo,Entire home/apt,6,2.0,2.0,2.0,167.95,2026-06-24,2026-07-24,5038.64,167.95,30.0,1125.0,t,30,46,57,332,2026-06-24,58,3,5,2019-05-16,2026-06-12,4.9,4.93,4.9,4.98,4.93,4.84,0.67,1,1
415,34511425,2026-06-24,city scrape,Master Bedroom with En-suite in Modern Townhouse,229890764,Ray,7,6,7,1,"Ottawa, Canada",t,2,t,College,45.31123,-75.8257,Private room in townhouse,Private room,1,1.5,2.0,1.0,106.0,2026-06-28,2026-06-30,212.0,106.0,2.0,1125.0,t,22,52,82,357,2026-06-24,48,12,10,2020-09-13,2026-06-22,4.88,4.88,4.98,4.98,4.79,4.85,0.68,2,0
416,34512835,2026-06-24,city scrape,Séjour agréable et sécuritaire,248583680,Marie Noel,7,3,7,3,"Ottawa, Canada",f,1,t,Cumberland,45.4724,-75.47585,Private room in home,Private room,3,1.0,2.0,2.0,88.51,2026-08-08,2026-09-07,2655.16,88.51,30.0,1125.0,t,3,18,48,323,2026-06-24,19,0,0,2019-06-23,2022-02-22,4.58,4.68,4.53,4.68,4.68,4.63,0.22,1,0
417,34543472,2026-06-24,city scrape,Spacious Modern Townhouse In Quiet Area,229890764,Ray,7,6,7,1,"Ottawa, Canada",t,2,t,College,45.31042,-75.82679,Private room in townhouse,Private room,1,1.5,2.0,2.0,117.0,2026-06-25,2026-06-27,234.0,117.0,2.0,90.0,t,19,40,70,345,2026-06-24,39,7,5,2019-05-22,2026-05-28,4.9,4.92,4.92,4.95,4.97,4.9,0.45,2,0
418,34753591,2026-06-24,city scrape,The Craftsman’s Home,4255358,Patrick,13,6,9,0,"Ottawa, Canada",t,1,t,River,45.38684,-75.7257,Entire home,Entire home/apt,6,2.5,3.0,3.0,455.4,2026-07-19,2026-07-24,2277.0,455.4,5.0,1125.0,t,7,24,24,24,2026-06-24,103,13,18,2019-05-19,2026-05-30,4.98,4.94,4.99,4.99,4.88,4.89,1.19,1,1
419,34895985,2026-06-24,city scrape,Urban Elegance Ottawa,263020445,Tony,7,1,7,1,"Ottawa, Canada",t,1,t,Somerset,45.40928,-75.70393,Entire guest suite,Entire home/apt,4,1.0,2.0,3.0,145.24,2026-10-13,2026-11-12,4357.18,145.24,30.0,1125.0,t,0,22,29,278,2026-06-24,104,2,3,2019-06-08,2025-08-07,4.96,4.95,4.98,5.0,4.87,4.72,1.21,1,1
420,35037773,2026-06-24,city scrape,Private Lower Level Walkout Suite,254619986,Cory,7,2,7,2,"Ottawa, Canada",f,2,t,Gloucester-South Nepean,45.26041,-75.7098,Entire guest suite,Entire home/apt,4,1.0,2.0,3.0,173.3,2026-06-24,2026-07-24,2246.7,173.3,30.0,1125.0,t,30,60,90,365,2026-06-24,0,0,0,10,10,4.8,4.8,4.9,4.9,4.8,4.7,1.8,2,2
421,35154955,2026-06-24,city scrape,Spacious Basement Apt. 5 Mins from Carleton & Bank,152737295,Fahimeh,8,8,8,2,Canada,f,1,t,River,45.35779,-75.70538,Entire condo,Entire home/apt,2,1.0,1.0,2.0,207.0,2026-07-03,2026-07-05,414.0,207.0,2.0,28.0,t,22,38,58,148,2026-06-24,29,4,4,2019-09-02,2026-05-24,4.72,4.79,4.79,4.72,4.72,4.55,0.35,1,1
422,35164641,2026-06-24,city scrape,OTTAWA  VACATION,198897726,George,7,11,7,0,"Ajax, Canada",f,1,t,Gloucester-Southgate,45.35829,-75.65087,Private room in condo,Private room,2,1.0,2.0,1.0,83.17,2026-06-24,2026-07-24,2495.0,83.17,30.0,30.0,t,30,60,90,90,2026-06-24,4,0,0,2019-06-12,2022-06-27,4.75,4.25,4.75,4.75,4.5,4.5,0.05,1,0
423,35217926,2026-06-24,city scrape,The Upper Ten,75720140,Sandra,10,0,9,5,"Ottawa, Canada",t,4,t,Bay,45.35223,-75.80376,Entire bungalow,Entire home/apt,4,1.0,2.0,2.0,109.87,2026-10-16,2026-11-15,3296.0,109.87,30.0,365.0,t,19,19,29,280,2026-06-24,19,2,4,2019-07-30,2026-05-15,4.95,4.84,4.95,5.0,4.95,4.95,0.23,4,4
424,35231014,2026-06-24,city scrape,Penthouse Living! Luxury Home Heart of Downtown,109726562,Tara,9,5,7,0,"Ottawa, Canada",t,2,t,Somerset,45.41255,-75.70089,Entire rental unit,Entire home/apt,4,2.0,2.0,2.0,449.75,2026-06-29,2026-07-03,1799.0,449.75,4.0,365.0,t,9,25,50,136,2026-06-24,134,31,27,2019-06-15,2026-06-21,4.99,4.99,4.99,4.97,4.84,4.94,1.57,2,2
425,35263279,2026-06-24,city scrape,Golden Comfy Relaxation.,184084496,Temi,8,2,7,0,"Ottawa, Canada",f,1,t,Beacon Hill-Cyrville,45.44643,-75.59853,Private room in townhouse,Private room,1,1.0,2.0,1.0,42.46,2026-06-24,2026-07-24,1273.76,42.46,30.0,30.0,t,30,60,90,365,2026-06-24,4,0,0,2019-07-16,2021-10-02,5.0,4.5,5.0,5.0,5.0,4.5,0.05,1,0
426,35282859,2026-06-24,city scrape,Private basement suite with free parking,265631185,Mathew,7,0,7,0,"Ottawa, Canada",t,1,t,Stittsville-Kanata West,45.27005,-75.94646,Entire home,Entire home/apt,2,1.0,1.0,2.0,67.0,2026-11-01,2026-12-01,2010.0,67.0,30.0,1125.0,t,0,0,0,140,2026-06-24,95,2,4,2019-06-04,2025-12-01,4.87,4.92,4.94,4.89,4.78,4.86,1.11,1,1
427,35339049,2026-06-24,city scrape,ByWard Market/Downtown Ottawa Bachelor Apartement,266054606,Danielle,7,0,7,0,"Ottawa, Canada",t,5,t,Rideau-Vanier,45.43046,-75.69466,Entire loft,Entire home/apt,2,1.0,2.0,1.0,112.5,2026-07-18,2026-08-17,3375.0,112.5,30.0,1125.0,t,6,36,66,246,2026-06-24,171,5,5,2019-06-24,2026-05-31,4.82,4.89,4.95,4.95,4.94,4.73,2.01,5,5
428,35348834,2026-07-02,previous scrape,Chez Clö/Cozy basement apartment,59741737,Claudine,10,4,7,0,"Ottawa, Canada",f,1,t,Rideau-Rockcliffe,45.43602,-75.64761,Entire rental unit,Entire home/apt,1,1.4,1.0,2.0,173.3,0000-00-00,"""0000-00-00""",2246.7,173.3,30.0,365.0,t,0,0,0,26,2026-07-02,3,1,0,2019-07-19,2026-04-30,5.0,5.0,5.0,5.0,5.0,5.0,0.04,1,1
429,35352676,2026-06-24,city scrape,Fully Furnished Clean & Cozy Private Bedroom,187592779,Wei,8,1,8,1,"Ottawa, Canada",t,7,t,Knoxdale-Merivale,45.35237,-75.70992,Private room in home,Private room,1,1.0,2.0,1.0,32.1,2026-08-31,2026-09-30,963.0,32.1,30.0,1125.0,t,0,0,22,202,2026-06-24,16,1,1,2020-01-21,2025-07-01,4.44,4.75,4.44,4.75,4.75,4.56,0.2,6,0
430,35465673,2026-07-02,previous scrape,Indian Summer Town 2nd floor Room 2B,207396329,Jing Ping,7,10,7,10,"Ottawa, Canada",f,4,t,Rideau-Vanier,45.4317,-75.69294,Private room in home,Private room,1,1.4,2.0,2.0,173.3,0000-00-00,"""0000-00-00""",2246.7,173.3,30.0,1125.0,t,0,13,14,42,2026-07-02,94,1,1,2019-06-13,2026-06-23,4.89,4.9,4.91,4.91,4.94,4.81,1.09,4,0
431,35489413,2026-06-24,city scrape,Co-habit w young professionals Ottawa ED 4,3201295,Greg And Valerie,13,10,13,10,"Ottawa, Canada",t,8,t,College,45.35930160318273,-75.74668929976151,Private room in home,Private room,1,2.0,2.0,1.0,41.42,2026-08-02,2026-09-02,1284.0,41.42,31.0,365.0,t,0,21,32,96,2026-06-24,1,0,0,2020-04-28,2020-04-28,5.0,5.0,5.0,5.0,5.0,5.0,0.01,8,4
432,35564596,2026-07-02,previous scrape,Emerald Meadows (Kanata South) 2-bdrm Townhouse,2510838,Kelly,14,1,7,0,"Uxbridge, Canada",f,1,t,Kanata South,45.27516,-75.84442,Entire townhouse,Entire home/apt,4,1.4,2.0,2.0,173.3,0000-00-00,"""0000-00-00""",2246.7,173.3,30.0,120.0,t,0,0,0,0,2026-07-02,64,1,2,2019-06-20,2026-03-28,4.95,5.0,5.0,5.0,4.81,4.88,0.75,1,1
433,35576045,2026-06-24,city scrape,Central Park area - 15-20 minutes to Parliament,265631651,Alina,7,0,7,0,"Ottawa, Canada",f,1,t,River,45.36881,-75.74179,Private room in guest suite,Private room,5,1.0,2.0,2.0,90.46,2026-06-24,2026-07-24,2713.84,90.46,30.0,1125.0,t,30,60,90,365,2026-06-24,17,0,0,2019-06-13,2024-06-01,4.35,4.47,4.82,4.24,4.76,4.35,0.2,1,0
434,35684908,2026-06-24,city scrape,Very clean and Zen home !,31505688,Philippe,11,2,3,1,"Ottawa, Canada",f,1,t,Rideau-Vanier,45.43324,-75.66386,Private room in rental unit,Private room,1,1.4,2.0,2.0,45.21,2026-09-04,2026-10-04,1356.17,45.21,30.0,600.0,t,0,0,18,293,2026-06-24,20,1,3,2024-02-05,2025-07-25,5.0,5.0,5.0,5.0,4.95,5.0,0.69,1,0
435,35795770,2026-06-24,city scrape,1 Guest in shared Furn’d beautiful 3 bedrooms Apt.,34602819,Christine,11,0,11,0,"Ottawa, Canada",t,13,t,Rideau-Vanier,45.4271,-75.67817,Private room in rental unit,Private room,1,1.0,2.0,1.0,49.21,2026-07-01,2026-07-31,1476.19,49.21,30.0,1125.0,t,23,53,60,242,2026-06-24,11,2,2,2019-12-21,2026-05-01,4.73,4.36,5.0,4.91,5.0,4.0,0.14,13,3
436,35848407,2026-06-24,city scrape,Spacious 1 BR w/ free parking & private patio,5148584,Alex,13,4,4,4,Canada,t,1,t,Rideau-Rockcliffe,45.42597,-75.66461,Entire rental unit,Entire home/apt,3,1.0,1.0,1.0,481.5,2026-06-27,2026-06-29,963.0,481.5,2.0,1125.0,t,6,15,29,192,2026-06-24,168,33,32,2022-02-25,2026-06-05,4.9,4.92,4.94,4.91,4.88,4.85,3.19,1,1
437,35871225,2026-06-24,city scrape,1 Guest in Shared Immaculate Furn'd 3 bedroom Apt.,34602819,Christine,11,0,11,0,"Ottawa, Canada",t,13,t,Rideau-Vanier,45.42571,-75.67829,Private room in rental unit,Private room,1,1.0,2.0,1.0,49.21,2026-09-14,2026-10-14,1476.19,49.21,30.0,1125.0,t,7,7,15,290,2026-06-24,18,2,1,2019-09-22,2026-05-02,4.83,4.61,5.0,4.83,5.0,4.44,0.22,13,3
438,36118178,2026-06-24,city scrape,5bdrm Sauna/Hottub/Arcades/Close to DT and Beach,36571261,Lianna,11,0,6,10,"Ottawa, Canada",f,3,t,Bay,45.35685,-75.7947,Entire home,Entire home/apt,10,2.0,5.0,6.0,899.0,2026-07-06,2026-07-07,899.0,899.0,1.0,1125.0,t,9,23,50,138,2026-06-24,329,39,45,2019-09-08,2026-05-28,4.87,4.87,4.91,4.91,4.78,4.78,3.98,2,1
439,36146582,2026-07-02,previous scrape,"Beautiful, Clean, Quiet 2 BR- In Downtown Ottawa.",25132604,Helen,11,6,11,5,"Ottawa, Canada",t,2,t,Somerset,45.41256,-75.69302,Entire rental unit,Entire home/apt,5,1.4,2.0,2.0,284.0,2026-08-26,2026-08-27,284.0,284.0,1.0,1125.0,t,0,1,1,1,2026-07-02,396,29,57,2019-09-02,2026-06-28,4.82,4.92,4.94,4.91,4.94,4.82,4.76,2,2
440,36258929,2026-07-02,previous scrape,Luxury Downtown 1BR Suite,61161542,Maysa,10,4,9,0,"Ottawa, Canada",f,4,t,Somerset,45.41991,-75.69897,Entire condo,Entire home/apt,2,1.4,1.0,2.0,54.73,2026-07-27,2026-09-25,3284.0,54.73,40.0,365.0,t,5,35,65,158,2026-07-02,13,0,0,2019-08-02,2020-01-03,4.92,4.85,4.92,5.0,5.0,4.92,0.15,3,3
441,36314081,2026-06-24,city scrape,Luxury 2 Bedrooms with Parking close to Airport,190825443,Shabnam,8,1,6,11,"Ottawa, Canada",t,2,t,Gloucester-Southgate,45.34334,-75.66476,Entire townhouse,Entire home/apt,4,1.0,2.0,2.0,108.04,2026-07-05,2026-08-04,3241.1,108.04,30.0,1125.0,t,19,30,30,173,2026-06-24,139,39,54,2019-08-04,2026-01-25,4.84,4.9,4.94,4.94,4.88,4.76,1.66,1,1
442,36344364,2026-06-24,city scrape,"Private, one bedroom apt. No pets. No smoking.",261074186,Dory,7,1,7,1,"Ottawa, Canada",t,2,t,Beacon Hill-Cyrville,45.44632,-75.6093,Entire rental unit,Entire home/apt,2,1.0,1.0,1.0,70.07,2026-08-23,2026-09-22,2102.0,70.07,30.0,1125.0,t,16,16,46,194,2026-06-24,246,34,51,2021-03-26,2026-05-17,4.76,4.87,4.94,4.89,4.78,4.78,3.85,2,2
443,36564617,2026-06-24,city scrape,Immaculate Furnished compact Studio in Sandy Hill,34602819,Christine,11,0,11,0,"Ottawa, Canada",t,13,t,Rideau-Vanier,45.42707,-75.67646,Entire rental unit,Entire home/apt,1,1.0,1.0,1.0,67.94,2027-05-02,2027-06-01,2038.13,67.94,30.0,1125.0,t,4,4,8,61,2026-06-24,21,5,5,2020-07-31,2026-05-15,4.95,4.9,5.0,5.0,5.0,4.76,0.29,13,3
444,36566037,2026-06-24,city scrape,3 bedroom west end town home close to CTC,41637724,Caroline,10,10,6,11,"Ottawa, Canada",f,1,t,Stittsville-Kanata West,45.2828,-75.92524,Entire home,Entire home/apt,6,1.5,3.0,3.0,128.32,2026-07-01,2026-07-31,3849.5,128.32,30.0,1125.0,t,24,53,53,267,2026-06-24,65,0,2,2019-07-16,2025-04-20,4.98,4.98,5.0,5.0,4.83,4.86,0.77,1,1
445,36652563,2026-06-24,city scrape,Les Suites Hotel - Modern 1 Bedroom Queen Suite,257766547,Les Suites Hotel Ottawa,7,2,6,10,"Ottawa, Canada",f,3,t,Rideau-Vanier,45.4263,-75.68849,Room in hotel,Hotel room,4,1.0,1.0,2.0,280.0,2026-06-25,2026-06-26,280.0,280.0,1.0,1125.0,t,15,34,55,315,2026-06-24,66,15,14,2019-08-15,2026-06-09,4.39,4.62,4.47,4.61,4.77,4.29,0.79,3,0
446,36652931,2026-06-24,city scrape,Les Suites Hotel - Modern 1 Bedroom King Suite,257766547,Les Suites Hotel Ottawa,7,2,6,10,"Ottawa, Canada",f,3,t,Rideau-Vanier,45.4263,-75.68849,Room in hotel,Hotel room,4,1.0,1.0,2.0,303.0,2026-06-25,2026-06-26,303.0,303.0,1.0,1125.0,t,19,41,68,343,2026-06-24,61,6,9,2019-12-29,2026-05-27,4.38,4.44,4.39,4.48,4.69,4.28,0.77,3,0
447,36652933,2026-06-24,city scrape,Les Suites Hotel - Modern Two Bedroom Family Suite,257766547,Les Suites Hotel Ottawa,7,2,6,10,"Ottawa, Canada",f,3,t,Rideau-Vanier,45.4263,-75.68904,Room in hotel,Hotel room,6,2.0,2.0,4.0,417.0,2026-06-25,2026-06-26,417.0,417.0,1.0,1125.0,t,6,15,33,297,2026-06-24,176,33,28,2019-08-31,2026-06-07,4.49,4.44,4.56,4.64,4.78,4.36,2.12,3,0
448,36694535,2026-06-24,city scrape,Renovated 2 Bdrm with Parking minutes to Downtown,7354245,Lisa,12,11,12,10,"Ontario, Canada",t,29,t,Rideau-Rockcliffe,45.42669,-75.65637,Entire rental unit,Entire home/apt,5,1.0,2.0,2.0,113.03,2026-08-02,2026-09-01,3390.99,113.03,5.0,1125.0,t,1,22,32,278,2026-06-24,38,5,4,2019-08-08,2026-05-26,4.89,4.92,4.92,4.95,4.79,4.61,0.45,20,20
449,36732379,2026-06-24,city scrape,Sandy Hill Beauty,276103947,Emilie,6,11,6,1,"Ottawa, Canada",f,1,t,Rideau-Vanier,45.43077,-75.67467,Entire rental unit,Entire home/apt,4,2.0,2.0,2.0,152.67,2026-06-24,2026-07-24,4580.0,152.67,30.0,1125.0,t,30,60,90,365,2026-06-24,31,0,0,2020-07-05,2023-08-31,4.94,4.9,4.94,4.74,4.9,4.9,0.43,1,1
450,36831364,2026-06-24,city scrape,"Family home in Barrhaven, Ottawa Canada.",256351425,Chikezirim,7,2,6,11,"Ottawa, Canada",t,1,t,Gloucester-South Nepean,45.2734,-75.72669,Entire home,Entire home/apt,5,2.5,3.0,3.0,243.67,2026-07-28,2026-07-31,731.0,243.67,3.0,1125.0,t,3,10,29,194,2026-06-24,123,39,29,2019-08-24,2026-06-21,4.8,4.85,4.91,4.84,4.87,4.76,1.48,1,1
451,36967806,2026-07-02,previous scrape,La Petite Maison,138035398,Eric,9,0,6,11,"Ottawa, Canada",f,1,t,Alta Vista,45.39569,-75.63286,Entire rental unit,Entire home/apt,2,1.4,1.0,2.0,173.3,0000-00-00,"""0000-00-00""",2246.7,173.3,30.0,1125.0,t,0,0,0,0,2026-07-02,68,1,0,2019-07-27,2026-05-24,5.0,4.99,5.0,4.99,4.93,4.9,0.81,1,1
452,37056126,2026-07-02,previous scrape,Turn Key 100 percent Fully Furnished House,198521862,Ali,8,0,8,0,"Ottawa, Canada",f,1,t,Bay,45.3558,-75.79333,Entire home,Entire home/apt,3,1.4,2.0,2.0,173.3,0000-00-00,"""0000-00-00""",2246.7,173.3,30.0,30.0,t,0,0,0,0,2026-07-02,50,0,0,2019-07-28,2022-06-06,4.54,4.56,4.74,4.58,4.8,4.52,0.59,1,1
453,37061257,2026-06-24,city scrape,"Private Room close to airport, female guest only",175818482,Cristine,8,3,8,0,"Ottawa, Canada",t,6,t,River,45.349,-75.66149,Private room in townhouse,Private room,1,1.0,2.0,1.0,115.0,2026-07-01,2026-07-02,115.0,115.0,1.0,1125.0,t,23,53,83,358,2026-06-24,14,1,1,2019-08-08,2025-09-06,4.64,4.79,4.64,4.64,4.57,4.57,0.17,2,0
454,37297206,2026-06-24,city scrape,cozy 2 bedrooms semi-basment. Close to downtown,160515742,Leilany,8,6,8,6,"Ottawa, Canada",t,4,t,Rideau-Rockcliffe,45.42668,-75.65425,Entire rental unit,Entire home/apt,4,1.0,2.0,2.0,220.0,2026-07-25,2026-07-27,440.0,220.0,2.0,1125.0,t,3,10,34,309,2026-06-24,276,45,57,2019-08-05,2026-06-19,4.78,4.84,4.95,4.94,4.76,4.73,3.29,1,1
455,37333944,2026-06-24,city scrape,Victoria ! 1890's Victorian Downtown Ottawa .,55668311,Paul,10,5,8,1,"Ottawa, Canada",t,3,t,Rideau-Vanier,45.42147,-75.67539,Entire home,Entire home/apt,8,1.4,5.0,5.0,491.0,2026-07-26,2026-07-28,982.0,491.0,2.0,1125.0,t,1,11,33,91,2026-06-24,297,54,50,2019-08-05,2026-06-20,4.93,4.93,4.98,4.97,4.93,4.87,3.54,2,2
456,37530280,2026-06-24,city scrape,Cozy Double Guest Room with Shared Bath,155791470,Badri,8,8,7,11,"Ottawa, Canada",f,3,t,Gloucester-Southgate,45.36805,-75.6311,Private room in home,Private room,1,1.0,2.0,1.0,44.8,2026-11-01,2026-12-01,1344.01,44.8,30.0,120.0,t,4,13,21,98,2026-06-24,40,0,0,2019-08-16,2022-01-02,4.98,4.95,4.95,4.9,4.83,4.93,0.48,3,0
457,37599915,2026-06-24,city scrape,Westboro Townhouse 1 Bedroom & Office Free Parking,131074974,Tim,9,1,9,1,"Ottawa, Canada",f,1,t,Kitchissippi,45.39688,-75.75064,Private room in townhouse,Private room,2,1.5,2.0,2.0,79.7,2026-06-25,2026-07-25,2391.11,79.7,30.0,1125.0,t,29,59,89,89,2026-06-24,0,0,0,10,10,4.8,4.8,4.9,4.9,4.8,4.7,1.8,1,0
458,37855919,2026-06-24,city scrape,Beautiful townhouse in Orleans near everything,63527294,Anita,10,3,6,10,"Ottawa, Canada",f,1,t,Orleans,45.48468,-75.50457,Entire townhouse,Entire home/apt,4,2.5,2.0,2.0,203.19,2026-06-25,2026-07-25,6095.59,203.19,30.0,60.0,t,29,59,89,364,2026-06-24,2,0,0,2019-09-02,2019-09-16,5.0,5.0,5.0,5.0,5.0,5.0,0.02,1,1
459,37943891,2026-07-02,previous scrape,Safe Haven,140340117,Fatima,8,11,6,10,"Ottawa, Canada",f,1,t,Rideau-Rockcliffe,45.43636,-75.63948,Private room in home,Private room,4,1.4,2.0,2.0,173.3,0000-00-00,"""0000-00-00""",2246.7,173.3,30.0,60.0,t,0,0,0,0,2026-07-02,42,0,0,2019-09-12,2022-08-25,4.83,4.93,4.93,4.88,4.74,4.76,0.51,1,0
460,38018009,2026-07-02,previous scrape,"Plan a Peaceful, comfortable stay by choosing us",885067,Mest,14,11,8,10,"Ottawa, Canada",f,8,t,Bay,45.351,-75.82681,Entire home,Entire home/apt,7,1.4,4.0,2.0,173.3,0000-00-00,"""0000-00-00""",2246.7,173.3,30.0,1125.0,t,0,0,0,0,2026-07-02,17,1,2,2019-12-30,2025-07-31,4.82,4.94,4.76,4.82,4.88,4.65,0.21,1,1
461,38128159,2026-06-24,city scrape,Cozy home steps to ByWard Market and Parliament,7389275,Richard,12,11,7,5,"Toronto, Canada",t,2,t,Rideau-Vanier,45.43129,-75.69216,Entire home,Entire home/apt,6,1.0,3.0,3.0,143.83,2026-08-16,2026-09-15,4315.0,143.83,30.0,1125.0,t,0,7,37,127,2026-06-24,39,2,4,2019-10-20,2025-09-02,4.77,4.85,4.9,4.95,5.0,4.69,0.48,2,2
462,38183714,2026-06-24,city scrape,"Hidden Gem, Clean 1 BDR, Charming Neighbourhood !",290148260,Vincent,6,9,6,9,"Ottawa, Canada",t,5,t,Rideau-Rockcliffe,45.44191,-75.67793,Entire guest suite,Entire home/apt,4,1.4,1.0,2.0,72.09,2026-06-24,2026-07-24,2162.58,72.09,30.0,730.0,t,30,60,90,365,2026-06-24,34,3,3,2019-08-30,2025-12-16,4.79,4.85,4.88,4.94,5.0,4.88,0.41,5,5
463,38271811,2026-06-24,city scrape,1 Guest for Immacul. Furn'd 4 Bedrms. Shared Apt.,34602819,Christine,11,0,11,0,"Ottawa, Canada",t,13,t,Rideau-Vanier,45.42747,-75.67702,Private room in rental unit,Private room,1,1.5,2.0,1.0,49.21,2026-09-26,2026-10-26,1476.19,49.21,30.0,1125.0,t,6,6,6,277,2026-06-24,8,2,1,2022-06-05,2026-05-01,4.63,4.88,4.63,4.63,5.0,4.75,0.16,13,3
464,38291331,2026-06-24,city scrape,Historic luxury townhouse - Long term flat rate,358100,Alexandre,15,5,11,1,"Ottawa, Canada",f,1,t,Rideau-Vanier,45.43341,-75.69865,Entire townhouse,Entire home/apt,4,1.0,1.0,2.0,169.37,2026-07-18,2026-08-17,5081.0,169.37,30.0,365.0,t,6,36,66,341,2026-06-24,35,0,0,2019-09-08,2024-07-01,4.94,4.94,4.91,4.89,5.0,4.86,0.42,1,1
465,38461718,2026-06-24,city scrape,Beautiful bachelor unit in the heart of Ottawa,293238292,Auday,6,9,4,3,"Ottawa, Canada",t,2,t,Alta Vista,45.39644,-75.62441,Entire guest suite,Entire home/apt,2,1.0,1.0,2.0,87.39,2026-06-30,2026-07-30,2621.64,87.39,30.0,365.0,t,24,54,84,359,2026-06-24,101,4,11,2022-03-02,2025-08-30,4.85,4.89,4.89,4.83,4.78,4.73,1.92,2,2
466,38479265,2026-06-24,city scrape,Exec master suite  w/En-suite bath/Core/Canal,126596738,Tara,9,2,9,2,"Ottawa, Canada",t,5,t,Somerset,45.41889,-75.68415,Private room in home,Private room,2,1.0,2.0,1.0,245.0,2026-06-26,2026-06-27,245.0,245.0,1.0,1125.0,t,14,36,60,325,2026-06-24,126,26,27,2019-10-05,2026-06-18,4.89,4.9,4.94,4.92,4.92,4.79,1.54,5,0
467,38481023,2026-06-24,city scrape,Downtown/Canal -Modern Quiet Suite/Deck,126596738,Tara,9,2,9,2,"Ottawa, Canada",t,5,t,Somerset,45.41922,-75.68532,Private room in home,Private room,2,1.0,2.0,1.0,165.0,2026-06-24,2026-06-25,165.0,165.0,1.0,1125.0,t,16,41,66,341,2026-06-24,161,38,37,2019-10-06,2026-06-21,4.88,4.89,4.94,4.91,4.91,4.75,1.97,5,0
468,38481844,2026-06-24,city scrape,Downtown Core/Canal-Modern Quiet Room,126596738,Tara,9,2,9,2,"Ottawa, Canada",t,5,t,Somerset,45.41887,-75.68357,Private room in home,Private room,2,1.0,2.0,1.0,166.0,2026-07-10,2026-07-11,166.0,166.0,1.0,1125.0,t,8,23,53,328,2026-06-24,172,26,25,2019-10-04,2026-05-30,4.84,4.84,4.94,4.9,4.9,4.63,2.1,5,0
469,38482681,2026-06-24,city scrape,"Downtown/Canal-Modern, ensuite room",126596738,Tara,9,2,9,2,"Ottawa, Canada",t,5,t,Somerset,45.41798,-75.68431,Private room in home,Private room,1,1.0,2.0,1.0,172.0,2026-06-28,2026-06-29,172.0,172.0,1.0,1125.0,t,4,24,48,312,2026-06-24,197,62,62,2019-10-04,2026-06-15,4.85,4.86,4.97,4.93,4.92,4.66,2.41,5,0
470,38483156,2026-06-24,city scrape,"Downtown/canal-Modern, Quiet Room w/Private Bath",126596738,Tara,9,2,9,2,"Ottawa, Canada",t,5,t,Somerset,45.41803,-75.68377,Private room in home,Private room,2,1.0,2.0,1.0,172.0,2026-06-25,2026-06-26,172.0,172.0,1.0,1125.0,t,14,36,65,335,2026-06-24,158,35,46,2019-10-05,2026-05-25,4.9,4.89,4.95,4.98,4.95,4.73,1.93,5,0
471,38679050,2026-06-24,city scrape,Master Bdrm w/ Ensuite Spa Bathroom and Breakfast,106843736,Stephanie,9,6,6,9,"Ottawa, Canada",f,1,t,Rideau-Rockcliffe,45.45522,-75.68618,Private room in townhouse,Private room,3,2.0,2.0,2.0,126.07,2026-06-25,2026-07-25,3782.0,126.07,30.0,1125.0,t,29,59,89,269,2026-06-24,3,0,0,2019-09-29,2022-06-01,4.67,5.0,5.0,5.0,5.0,5.0,0.04,1,0
472,38695120,2026-06-24,city scrape,FEMALE HOUSEHOLD accepting applications,295821451,Cynthia,6,9,6,9,"Ottawa, Canada",f,1,t,College,45.36209,-75.74745,Entire bungalow,Entire home/apt,3,2.0,3.0,3.0,258.85,2026-06-26,2026-07-26,7765.36,258.85,30.0,35.0,t,28,58,88,363,2026-06-24,0,0,0,10,10,4.8,4.8,4.9,4.9,4.8,4.7,1.8,1,1
473,38729312,2026-07-02,previous scrape,Co-habit w/young professionals Ottawa ED 2,3201295,Greg And Valerie,13,10,13,10,"Ottawa, Canada",t,8,t,College,45.35996,-75.74846,Private room in home,Private room,1,1.4,2.0,2.0,19.35,2027-04-18,2027-06-17,1161.0,19.35,60.0,200.0,t,0,3,6,117,2026-07-02,2,0,0,2023-08-26,2024-08-18,5.0,5.0,5.0,4.5,4.5,4.5,0.06,8,4
474,38746753,2026-06-24,city scrape,"Beautiful Spacious apartment, close to downtown",193272990,Bich Nguyen,8,0,6,7,"Ottawa, Canada",t,1,t,Somerset,45.4116,-75.71268,Entire rental unit,Entire home/apt,2,1.0,1.0,1.0,150.33,2026-07-20,2026-07-23,451.0,150.33,3.0,365.0,t,11,31,61,336,2026-06-24,92,20,20,2019-11-25,2026-05-25,4.84,4.87,4.89,4.95,4.85,4.74,1.15,1,1
475,38758177,2026-07-02,previous scrape,Blossom Park Cozy Basement Studio,296385586,Jonathan,6,9,6,8,"Ottawa, Canada",t,1,t,Gloucester-Southgate,45.34721,-75.63098,Entire guest suite,Entire home/apt,2,1.4,2.0,2.0,128.0,2026-07-06,2026-07-07,128.0,128.0,1.0,1.0,t,15,30,48,205,2026-07-02,384,35,37,2019-10-17,2026-06-25,4.95,4.95,4.98,4.99,4.9,4.92,4.7,1,1
476,38936178,2026-06-24,city scrape,Arc Studio-Netflix/Disney+/Pancake-Popcorn/Firepla,54568570,Quantumluv,10,5,7,9,"Ottawa, Canada",f,3,t,Orleans,45.4888,-75.47542,Entire rental unit,Entire home/apt,4,1.0,2.0,3.0,96.3,2026-06-24,2026-07-24,2889.0,96.3,30.0,1125.0,t,30,60,90,270,2026-06-24,79,2,2,2019-09-29,2025-06-29,4.33,4.42,4.57,4.49,4.54,4.35,0.96,3,3
477,39031376,2026-06-24,city scrape,Bright & Cozy Bachelor Apartment,18223493,Martin,11,11,6,8,"Ottawa, Canada",f,1,t,Rideau-Vanier,45.43618,-75.65343,Entire rental unit,Entire home/apt,3,1.0,2.0,1.0,50.85,2027-01-01,2027-01-31,1525.46,50.85,30.0,1125.0,t,0,0,0,174,2026-06-24,33,3,3,2019-12-01,2026-04-30,4.91,4.94,4.97,5.0,4.88,4.91,0.41,1,1
478,39212680,2026-07-02,previous scrape,Pied-à-Terre in the Glebe,59055077,Randa,10,4,10,3,"Ottawa, Canada",f,2,t,Capital,45.40369,-75.7002,Entire rental unit,Entire home/apt,1,1.4,2.0,2.0,173.3,0000-00-00,"""0000-00-00""",2246.7,173.3,30.0,60.0,t,0,0,0,0,2026-07-02,12,3,3,2019-11-22,2026-01-16,4.83,4.83,4.92,4.92,5.0,4.83,0.15,1,1
479,39269025,2026-06-24,city scrape,Trendy Spacious One Bedroom Apartment,34182922,Pamela,11,0,11,0,"Ottawa, Canada",f,1,t,Rideau-Vanier,45.43796,-75.67199,Entire rental unit,Entire home/apt,2,1.0,1.0,1.0,121.97,2026-06-25,2026-07-25,3659.0,121.97,30.0,365.0,t,29,59,89,179,2026-06-24,3,0,0,2020-05-29,2021-04-30,4.33,4.0,4.67,4.67,4.67,4.67,0.04,1,1
480,39389038,2026-06-24,city scrape,Zen Studio -Netflix-Popcorn-Pancakes-Disney+/beach,54568570,Quantumluv,10,5,7,9,"Ottawa, Canada",f,3,t,Orleans,45.4882,-75.47581,Entire loft,Entire home/apt,5,1.0,2.0,1.0,78.57,2026-06-24,2026-07-24,2357.0,78.57,30.0,365.0,t,30,60,90,270,2026-06-24,106,0,0,2019-10-17,2024-04-05,4.54,4.61,4.85,4.68,4.62,4.58,1.3,3,3
481,39479629,2026-06-24,city scrape,STYLISH-MODERN Condo heart DT Ottawa !,52109064,Roshan,10,6,6,8,"Ottawa, Canada",f,1,t,Somerset,45.42087,-75.69852,Entire condo,Entire home/apt,3,1.0,1.0,1.0,98.72,2026-07-26,2026-08-25,2961.68,98.72,30.0,1125.0,t,1,29,59,59,2026-06-24,17,0,0,2019-10-24,2020-11-11,4.94,4.88,5.0,4.94,5.0,4.71,0.21,1,1
482,39670284,2026-06-24,city scrape,Sunshine studio - great studio -heart of downtown,31261767,Marni,11,2,8,10,"Mississippi Mills, Canada",t,1,t,Somerset,45.41488,-75.69864,Entire rental unit,Entire home/apt,2,1.0,2.0,1.0,59.3,2026-08-31,2026-09-30,1779.0,59.3,30.0,730.0,t,0,1,23,298,2026-06-24,329,7,32,2019-11-03,2026-05-25,4.78,4.89,4.9,4.92,4.86,4.77,4.07,1,1
483,39673922,2026-06-24,city scrape,Furnished room available in uplands close airport,294930414,Iffat,6,9,6,7,"Kamloops, Canada",f,1,t,River,45.3477,-75.6702,Private room in home,Private room,2,1.0,2.0,1.0,453.63,2026-06-26,2026-07-26,13609.0,453.63,30.0,1125.0,t,28,58,88,268,2026-06-24,0,0,0,10,10,4.8,4.8,4.9,4.9,4.8,4.7,1.8,1,0
484,39796462,2026-06-24,city scrape,Cozy Quiet Carp Location,217206840,Kerry,7,8,3,5,"Ottawa, Canada",t,1,t,West Carleton-March,45.34475,-76.00824,Private room in guest suite,Private room,2,1.0,2.0,1.0,113.0,2026-06-28,2026-06-29,113.0,113.0,1.0,7.0,t,18,25,52,312,2026-06-24,37,14,11,2023-05-22,2026-06-07,5.0,4.97,5.0,5.0,4.97,4.97,0.98,1,0
485,39924808,2026-06-24,city scrape,Private basement suite,17885567,Sandra,11,11,6,7,"Ottawa, Canada",t,1,t,Gloucester-South Nepean,45.28268,-75.67294,Private room in home,Private room,2,1.0,2.0,1.0,152.0,2026-06-26,2026-06-28,304.0,152.0,2.0,28.0,t,6,7,7,92,2026-06-24,40,14,10,2019-12-16,2026-06-01,4.93,4.9,4.88,4.9,4.73,4.88,0.5,1,0
486,40002576,2026-06-24,city scrape,A private room in a cozy bungalow,170204121,Naresh,8,4,6,7,Canada,t,2,t,Alta Vista,45.39717,-75.62734,Private room in bungalow,Private room,1,1.0,2.0,1.0,38.44,2026-06-24,2026-07-24,1153.19,38.44,30.0,60.0,t,30,60,90,90,2026-06-24,50,2,3,2019-11-25,2025-10-07,4.72,4.8,4.94,4.8,4.84,4.64,0.62,2,0
487,40006872,2026-06-24,city scrape,"Old Ottawa South 1bdm apartment, #832041",47066992,Julie,10,8,8,8,"Ottawa, Canada",f,1,t,Capital,45.39528,-75.67989,Entire guest suite,Entire home/apt,2,1.0,1.0,3.0,197.0,2026-09-01,2026-09-03,394.0,197.0,2.0,5.0,t,0,0,21,107,2026-06-24,72,22,24,2020-02-17,2026-04-24,4.74,4.78,4.99,4.89,4.97,4.74,0.93,1,1
488,40287607,2026-07-02,previous scrape,Large Century Home in Glebe,6699109,Corey,10,6,10,6,"Ottawa, Canada",f,2,t,Capital,45.39935,-75.69692,Entire home,Entire home/apt,4,1.4,3.0,2.0,173.3,0000-00-00,"""0000-00-00""",2246.7,173.3,3.0,730.0,t,0,0,0,0,2026-07-02,5,1,1,2022-02-21,2026-05-19,5.0,4.8,5.0,5.0,5.0,5.0,0.09,2,2
489,40482428,2026-06-24,city scrape,Spacious Private bedroom + balcony for rent!,11301616,Luisa,12,5,8,10,"Ottawa, Canada",t,2,t,River,45.34955,-75.67881,Private room in townhouse,Private room,1,1.0,2.0,1.0,36.0,2026-08-21,2026-09-20,1079.85,36.0,30.0,180.0,t,0,2,32,307,2026-06-24,6,2,1,2023-01-20,2026-04-05,4.5,4.5,4.5,5.0,5.0,4.5,0.14,2,0
490,40597994,2026-06-24,city scrape,"Chic, Renovated Unit with Parking & All Amenities",148389483,Phil,8,9,7,3,"Ottawa, Canada",f,2,t,Somerset,45.40625,-75.71391,Entire rental unit,Entire home/apt,4,1.0,1.0,2.0,96.05,2026-09-30,2026-10-30,2881.59,96.05,30.0,1125.0,t,0,0,0,267,2026-06-24,5,0,0,2020-02-17,2020-08-31,5.0,5.0,5.0,5.0,5.0,5.0,0.06,2,2
491,40658761,2026-06-24,city scrape,BOHO BOUTIQUE IN THE HEART OF THE BYWARD MARKET,22350228,Jenny,11,8,7,5,"Ottawa, Canada",t,20,t,Rideau-Vanier,45.43008,-75.69108,Entire rental unit,Entire home/apt,2,1.0,2.0,1.0,101.03,2026-06-25,2026-07-25,3031.0,101.03,30.0,35.0,t,29,59,89,364,2026-06-24,422,19,36,2019-12-18,2025-11-25,4.76,4.83,4.88,4.88,4.81,4.72,5.32,15,15
492,40659717,2026-06-24,city scrape,Modern family home in ByWard Market,7389275,Richard,12,11,7,5,"Toronto, Canada",t,2,t,Rideau-Vanier,45.43287,-75.68955,Entire townhouse,Entire home/apt,8,1.5,3.0,5.0,200.6,2026-08-24,2026-09-23,6018.0,200.6,30.0,1125.0,t,9,9,38,313,2026-06-24,42,1,1,2019-12-27,2025-10-10,4.9,4.74,4.86,4.88,4.67,4.74,0.53,2,2
493,40753126,2026-06-24,city scrape,"Studio w/kitchen, 5m to Hwy 417, 15m to Downtown",176833153,Sarel,8,3,7,4,"Ottawa, Canada",t,2,t,River,45.37546,-75.72835,Entire guest suite,Entire home/apt,4,1.4,1.0,3.0,131.24,2026-06-29,2026-06-30,131.24,131.24,1.0,1125.0,t,17,42,71,161,2026-06-24,358,42,44,2019-12-25,2026-06-17,4.85,4.9,4.93,4.95,4.8,4.76,4.52,2,2
494,40869648,2026-06-24,city scrape,𝐖𝐡𝐨𝐥𝐞 𝐏𝐫𝐢𝐯𝐚𝐭𝐞 𝐀𝐩𝐚𝐫𝐭𝐦𝐞𝐧𝐭,529945035,Tamer,2,10,2,10,"Ottawa, Canada",f,1,t,Barrhaven,45.24541,-75.73332,Entire rental unit,Entire home/apt,2,1.0,1.0,1.0,68.7,2026-10-01,2026-10-31,2061.0,68.7,30.0,1125.0,t,0,0,0,266,2026-06-24,37,5,3,2019-12-26,2026-04-13,4.65,4.76,4.78,4.62,4.73,4.59,0.47,1,1
495,40871676,2026-06-24,city scrape,"Aroma Studio by Petrie  Netflix, Popcorn Pancakes",271817058,Quantumluv,6,11,6,6,"Ottawa, Canada",f,9,t,Orleans,45.4882,-75.47581,Entire loft,Entire home/apt,4,1.0,2.0,2.0,99.27,2026-06-24,2026-07-24,2978.0,99.27,30.0,1125.0,t,30,60,90,365,2026-06-24,60,0,0,2019-12-22,2023-02-11,4.5,4.58,4.65,4.52,4.72,4.55,0.76,2,2
496,40894715,2026-06-24,city scrape,Executive Condo (boutique hotel-like),20040528,Hue Thanh,11,10,8,7,"Ottawa, Canada",f,1,t,Knoxdale-Merivale,45.34582,-75.71336,Entire condo,Entire home/apt,2,2.0,1.0,1.0,226.0,2026-07-02,2026-07-03,226.0,226.0,1.0,730.0,t,11,23,29,302,2026-06-24,47,12,6,2020-02-02,2026-05-28,4.94,4.96,4.87,4.94,4.7,4.85,0.6,1,1
497,40938159,2026-06-24,city scrape,KASHY HOMES-Ravishing 3 story home near DT&Airport,66264674,Kashy,10,2,10,2,"Ottawa, Canada",t,7,t,Gloucester-Southgate,45.37545,-75.62151,Entire home,Entire home/apt,16,3.5,5.0,6.0,287.77,2026-06-28,2026-07-28,8633.19,287.77,30.0,1125.0,t,26,56,86,361,2026-06-24,75,0,0,2020-03-18,2024-08-06,4.79,4.8,4.96,4.91,4.77,4.76,0.98,7,7
498,40944287,2026-06-24,city scrape,"Room rental in a family home, female guest only",175818482,Cristine,8,3,8,0,"Ottawa, Canada",t,6,t,River,45.35358,-75.66055,Private room in townhouse,Private room,1,1.0,2.0,1.0,41.3,2026-06-26,2026-07-26,1238.92,41.3,30.0,365.0,t,28,58,88,363,2026-06-24,1,0,0,2024-07-31,2024-07-31,5.0,5.0,5.0,5.0,5.0,5.0,0.04,2,0
499,40948572,2026-06-24,city scrape,"Zen Studio-Netflix,Popcorn,Pancakes",271817058,Quantumluv,6,11,6,6,"Ottawa, Canada",f,9,t,Orleans,45.48899,-75.47508,Entire loft,Entire home/apt,5,1.0,2.0,2.0,90.6,2026-06-24,2026-07-24,2718.0,90.6,30.0,30.0,t,30,60,90,365,2026-06-24,29,0,0,2020-05-03,2021-08-31,4.69,4.76,4.93,4.9,4.83,4.72,0.39,2,2
500,40969761,2026-06-24,city scrape,Private room and washroom,308518900,Chelsea,6,7,6,6,"Thorold, Canada",f,1,t,Rideau-Vanier,45.42839,-75.68558,Private room in condo,Private room,2,1.0,2.0,1.0,45.91,2026-07-01,2026-07-31,1377.19,45.91,30.0,1125.0,t,23,53,83,280,2026-06-24,0,0,0,10,10,4.8,4.8,4.9,4.9,4.8,4.7,1.8,1,0
501,40999801,2026-06-24,city scrape,Modern spacious suite near hospital (free parking),131535386,Adam,9,1,6,6,"Ottawa, Canada",t,1,t,Alta Vista,45.40752,-75.63913,Entire guest suite,Entire home/apt,2,1.0,1.0,2.0,173.33,2026-07-06,2026-07-09,520.0,173.33,3.0,1125.0,t,7,15,23,44,2026-06-24,150,13,18,2020-01-21,2026-06-11,4.99,4.98,4.97,4.97,4.89,4.91,1.92,1,1
502,41009503,2026-06-24,city scrape,Stylish Private bedroom in Female Only Residence,247607805,Murray,7,3,7,3,"Ottawa, Canada",t,10,t,Rideau-Vanier,45.42368,-75.67921,Private room in townhouse,Private room,1,1.5,2.0,1.0,51.58,2026-10-31,2026-11-30,1547.54,51.58,30.0,1125.0,t,0,12,12,248,2026-06-24,12,2,2,2021-06-07,2025-12-06,4.75,4.83,5.0,5.0,4.92,4.5,0.2,10,0
503,41170993,2026-06-24,city scrape,"Clean, beautiful and affordable bedroom free wifi.",274584828,Emmanuel,6,11,6,5,"Glasgow, United Kingdom",f,1,t,Rideau-Rockcliffe,45.42666,-75.6563,Private room in rental unit,Private room,2,1.0,2.0,1.0,99.9,2026-06-24,2026-07-24,2997.0,99.9,30.0,1125.0,t,30,60,90,270,2026-06-24,0,0,0,10,10,4.8,4.8,4.9,4.9,4.8,4.7,1.8,1,0
504,41178972,2026-06-24,city scrape,Beechwood Village-dog friendly!,24836416,Kaye,11,6,6,5,"Ottawa, Canada",f,1,t,Rideau-Vanier,45.4439,-75.66698,Private room in rental unit,Private room,1,1.0,2.0,1.0,51.62,2026-06-26,2026-07-26,1548.65,51.62,30.0,1125.0,t,28,58,88,268,2026-06-24,1,0,0,2020-03-31,2020-03-31,4.0,5.0,5.0,5.0,5.0,5.0,0.01,1,0
505,41227959,2026-07-02,previous scrape,FURNISHED Large Bedroom basement General Hospital,4027790,Paul,13,8,13,8,"Ottawa, Canada",f,1,t,Alta Vista,45.39871,-75.61315,Private room in home,Private room,1,1.4,2.0,2.0,4.59,2026-07-02,2026-12-29,826.0,4.59,180.0,1125.0,t,30,60,90,180,2026-07-02,2,0,0,2020-01-17,2020-03-15,4.5,5.0,5.0,5.0,5.0,5.0,0.03,1,0
506,41256714,2026-06-24,city scrape,Enjoy your stay !,263958537,Arnise,7,1,7,0,"Ottawa, Canada",f,1,t,Orleans,45.48818,-75.50211,Private room in home,Private room,1,1.0,2.0,1.0,173.3,2026-06-25,2026-07-25,2246.7,173.3,30.0,1125.0,t,29,59,89,364,2026-06-24,6,0,0,2021-08-01,2022-10-16,5.0,5.0,4.83,5.0,5.0,5.0,0.1,1,0
507,41335118,2026-06-24,city scrape,*LONG STAYS*Downtown Ottawa  Executive Rental,212711978,Michelle,7,9,6,4,"Toronto, Canada",t,3,t,Somerset,45.41588,-75.69567,Entire condo,Entire home/apt,2,1.0,1.0,1.0,114.6,2026-08-25,2026-09-24,3438.0,114.6,30.0,1125.0,t,0,0,28,208,2026-06-24,16,2,3,2020-03-16,2026-05-01,4.75,4.81,4.81,4.81,4.75,4.56,0.21,1,1
508,41564757,2026-06-24,city scrape,Beautiful Private Loft Room on the Pond,141736289,Ann,8,11,8,2,"Ottawa, Canada",t,2,t,Stittsville-Kanata West,45.27928924560547,-75.93293762207031,Private room in home,Private room,2,1.0,1.0,1.0,132.0,2026-06-29,2026-06-30,132.0,132.0,1.0,7.0,t,17,44,70,325,2026-06-24,179,45,36,2021-07-31,2026-06-21,4.97,4.98,4.98,4.97,4.92,4.91,3.0,2,0
509,41791796,2026-06-24,city scrape,"New one bed. apt w/ parking self check in 43"" TV",53960605,Gisele,10,5,6,4,"Ottawa, Canada",t,1,t,Orleans,45.48323,-75.51605,Entire rental unit,Entire home/apt,2,1.0,1.0,2.0,84.01,2026-08-30,2026-09-30,2604.38,84.01,31.0,1125.0,t,3,14,37,158,2026-06-24,21,3,3,2020-03-05,2026-01-17,4.95,5.0,5.0,5.0,5.0,4.95,0.27,1,1
510,41820614,2026-06-24,city scrape,"6 km away from Ottawa Airport, Elegant Studio!",330496679,Sam,6,5,6,4,"Ottawa, Canada",f,2,t,Knoxdale-Merivale,45.32922,-75.70305,Entire guesthouse,Entire home/apt,2,1.0,1.0,1.0,291.0,2026-06-25,2026-06-26,291.0,291.0,1.0,1125.0,t,19,46,76,256,2026-06-24,169,28,31,2020-02-04,2026-05-13,4.89,4.88,4.99,4.95,4.81,4.76,2.17,2,2
511,41836471,2026-06-24,city scrape,Elegant full apartment! 6km away from airport!,330496679,Sam,6,5,6,4,"Ottawa, Canada",f,2,t,Knoxdale-Merivale,45.32933,-75.70289,Entire rental unit,Entire home/apt,2,1.0,1.0,1.0,270.0,2026-07-03,2026-07-05,540.0,270.0,2.0,1125.0,t,8,30,60,238,2026-06-24,166,24,27,2020-08-02,2026-05-29,4.83,4.89,4.89,4.91,4.75,4.77,2.31,2,2
512,41929951,2026-06-24,city scrape,12 mins from OTTAWA AIRPORT,142249156,Parisa,8,11,6,4,"Ottawa, Canada",f,1,t,Gloucester-South Nepean,45.27792,-75.67689,Private room in condo,Private room,1,1.0,1.0,2.0,77.67,2026-06-25,2026-07-25,2330.0,77.67,30.0,1125.0,t,29,59,89,269,2026-06-24,0,0,0,10,10,4.8,4.8,4.9,4.9,4.8,4.7,1.8,1,0
513,41951164,2026-06-24,city scrape,The Lexy,99500083,Westhaven,9,8,9,8,"Ottawa, Canada",t,6,t,River,45.38129,-75.73925,Entire home,Entire home/apt,6,1.0,3.0,3.0,127.61,2026-08-29,2026-09-28,3828.37,127.61,30.0,1125.0,t,0,0,24,299,2026-06-24,66,0,1,2020-03-27,2025-01-05,4.5,4.59,4.86,4.8,4.79,4.62,0.87,6,6
514,42065662,2026-06-24,city scrape,"Modern, Clean, Cozy Room by Airport & Free Parking",95052787,Samuel,9,9,5,5,"Ottawa, Canada",t,1,t,Gloucester-Southgate,45.374699,-75.64798,Private room in townhouse,Private room,2,1.5,2.0,1.0,79.5,2026-07-04,2026-07-06,159.0,79.5,1.0,14.0,t,12,25,44,44,2026-06-24,393,82,77,2022-04-15,2026-06-05,4.92,4.93,4.96,4.91,4.86,4.88,7.7,1,0
515,42072203,2026-06-24,city scrape,Walking Distance to Parliament Heart of Downtown,79847570,May,9,11,9,6,Canada,t,4,t,Rideau-Vanier,45.43005,-75.69375,Entire rental unit,Entire home/apt,15,2.0,7.0,7.0,1284.0,2026-07-03,2026-07-04,1284.0,1284.0,1.0,28.0,t,9,18,43,125,2026-06-24,71,13,10,2020-08-14,2026-05-31,4.66,4.51,4.85,4.9,4.94,4.58,0.99,5,5
516,42122859,2026-06-24,city scrape,"Bright, Spacious & Spotless 1 Bedroom in Westboro",334171636,Lisa,6,4,6,4,"Ottawa, Canada",f,1,t,Kitchissippi,45.38767,-75.74433,Entire rental unit,Entire home/apt,3,1.0,2.0,3.0,111.56,2026-07-02,2026-08-01,3346.8,111.56,30.0,1125.0,t,22,52,82,303,2026-06-24,27,1,2,2020-02-23,2025-07-03,4.74,4.81,4.74,4.78,4.78,4.67,0.35,1,1
517,42221228,2026-06-24,city scrape,Comfortable Guest Suite in Orleans,228248550,"Paulos,S",7,6,7,6,"Ottawa, Canada",f,2,t,Innes,45.4435,-75.52397,Entire guest suite,Entire home/apt,4,1.0,2.0,2.0,213.5,2026-06-24,2026-06-26,427.0,213.5,2.0,730.0,t,13,31,51,321,2026-06-24,103,7,7,2021-09-01,2026-05-24,4.85,4.88,4.92,4.78,4.83,4.83,1.76,2,2
518,42518954,2026-07-02,previous scrape,Affordable and quaint townhouse for relaxing stay,276082277,Julia,6,11,6,4,"Ottawa, Canada",f,3,t,Knoxdale-Merivale,45.33015,-75.76003,Private room in townhouse,Private room,1,1.4,2.0,2.0,173.3,0000-00-00,"""0000-00-00""",2246.7,173.3,30.0,120.0,t,0,0,0,0,2026-07-02,53,0,0,2020-03-06,2023-11-04,4.79,4.83,4.83,4.79,4.75,4.81,0.69,3,0
519,42609774,2026-07-02,previous scrape,Bright Stylish Executive Apt - Byward Mkt /parking,209666144,Faye,7,10,7,10,"Ottawa, Canada",t,2,t,Rideau-Vanier,45.4302,-75.69074,Entire condo,Entire home/apt,3,1.4,2.0,2.0,37.06,2026-07-03,2026-10-29,4372.54,37.06,118.0,900.0,t,29,59,89,364,2026-07-02,3,0,1,2022-05-31,2025-02-01,3.67,3.67,4.67,4.0,3.67,4.0,0.06,1,1
520,42611164,2026-06-24,city scrape,Cozy & Bright 3BR Detached Bungalow,235446052,Mahmut Ali,7,5,0,1,"Ottawa, Canada",f,1,t,Rideau-Goulbourn,45.19042,-75.84388,Entire home,Entire home/apt,6,1.0,3.0,5.0,135.33,2026-08-02,2026-09-01,4060.0,135.33,30.0,365.0,t,0,21,51,326,2026-06-24,1,1,0,2026-05-20,2026-05-20,5.0,5.0,5.0,5.0,5.0,5.0,0.83,1,1
521,42667269,2026-06-24,city scrape,Home Away From Home - Master Bedroom :),146516782,Ellen,8,10,8,9,"Ottawa, Canada",t,2,t,Rideau-Rockcliffe,45.42849,-75.64349,Private room in bungalow,Private room,2,1.0,2.0,1.0,111.0,2026-06-29,2026-06-30,111.0,111.0,1.0,1125.0,t,14,14,14,14,2026-06-24,484,39,75,2020-04-20,2026-06-11,4.84,4.86,4.91,4.89,4.79,4.83,6.43,2,0
522,42679579,2026-06-24,city scrape,"Spacious, Clean, 2BR Unit In The City Of Ottawa",67179584,Ike,10,2,10,2,Canada,t,4,t,Rideau-Vanier,45.44269,-75.66596,Entire rental unit,Entire home/apt,4,1.0,2.0,2.0,142.17,2026-09-12,2026-10-12,4265.2,142.17,30.0,730.0,t,3,3,13,288,2026-06-24,32,6,5,2020-03-11,2026-03-31,4.91,4.88,4.94,5.0,4.69,4.94,0.42,4,4
523,42740128,2026-06-24,city scrape,"Bright room, Private Full Bath, Roku TV, Fridge",36809587,Elham,10,11,6,3,"Ottawa, Canada",t,1,t,Gloucester-South Nepean,45.27153,-75.70876,Private room in home,Private room,1,1.0,2.0,1.0,95.5,2026-10-01,2026-10-03,191.0,95.5,2.0,20.0,t,0,0,0,81,2026-06-24,67,10,11,2020-04-03,2026-05-15,4.88,4.91,4.91,4.91,4.81,4.81,0.88,1,0
524,42835955,2026-06-24,city scrape,1 Bedroom Guest Suite with Private Entrance,22048209,Jessica,11,8,9,1,"Ottawa, Canada",f,1,t,Stittsville-Kanata West,45.28293,-75.89488,Entire guest suite,Entire home/apt,2,1.0,1.0,1.0,166.0,2026-08-31,2026-09-01,166.0,166.0,1.0,14.0,t,0,0,10,10,2026-06-24,55,14,26,2023-12-24,2026-06-14,4.62,4.85,4.91,4.89,4.76,4.62,1.81,1,1
525,42862557,2026-06-24,city scrape,"Beautiful, private guest suite in mature area",10777066,Benjamin,12,6,6,3,"Ottawa, Canada",f,1,t,College,45.33729,-75.80189,Entire guest suite,Entire home/apt,2,1.0,2.0,1.0,137.0,2026-07-07,2026-07-09,274.0,137.0,2.0,730.0,t,7,24,44,44,2026-06-24,125,3,2,2020-03-15,2026-06-20,4.9,4.96,5.0,4.99,4.97,4.93,1.64,1,1
526,42913160,2026-06-24,city scrape,Entire floor in a modern townhome by downtown,341717023,Sam,6,3,3,0,"Ottawa, Canada",t,1,t,Rideau-Vanier,45.42121,-75.67668,Private room in townhouse,Private room,2,1.0,2.0,1.0,126.0,2026-07-12,2026-07-13,126.0,126.0,1.0,1125.0,t,2,10,18,175,2026-06-24,341,113,121,2023-06-26,2026-06-09,4.9,4.94,4.94,4.95,4.9,4.83,9.34,1,0
527,42973683,2026-06-24,city scrape,Twin Balcony,342131389,Fraser,6,3,6,3,"Ottawa, Canada",f,9,t,Rideau-Vanier,45.42946,-75.69112,Room in boutique hotel,Private room,2,1.0,1.0,2.0,230.0,2026-06-26,2026-06-27,230.0,230.0,1.0,1125.0,t,14,20,20,20,2026-06-24,63,16,21,2020-03-31,2026-04-12,4.78,4.84,4.83,4.78,4.92,4.75,0.83,9,0
528,43014441,2026-06-24,city scrape,Stunning Private Bedroom in Female Only Residence,247607805,Murray,7,3,7,3,"Ottawa, Canada",t,10,t,Rideau-Vanier,45.42352294921875,-75.67916870117188,Private room in townhouse,Private room,1,1.5,2.0,1.0,50.6,2026-09-30,2026-10-30,1518.0,50.6,30.0,1125.0,t,0,0,7,274,2026-06-24,3,0,0,2020-08-31,2024-09-11,4.33,5.0,5.0,4.33,5.0,4.33,0.04,10,0
529,43035464,2026-06-24,city scrape,Entire Spacious bright 3-bedrooms townhouse.,223691266,Abdullah,7,7,6,2,"Ottawa, Canada",f,1,t,Gloucester-South Nepean,45.28619,-75.72343,Entire home,Entire home/apt,6,2.5,3.0,3.0,153.04,2026-12-01,2026-12-31,4591.19,153.04,30.0,120.0,t,0,0,0,205,2026-06-24,9,0,0,2020-06-30,2021-06-30,4.78,4.67,4.89,5.0,4.89,4.89,0.12,1,1
530,43036243,2026-06-24,city scrape,Modern private bedroom in Female only Residence,247607805,Murray,7,3,7,3,"Ottawa, Canada",t,10,t,Rideau-Vanier,45.42352294921875,-75.67916870117188,Private room in townhouse,Private room,1,1.5,2.0,1.0,40.52,2026-07-04,2026-08-03,1215.69,40.52,30.0,1125.0,t,20,50,59,234,2026-06-24,8,3,3,2020-05-01,2026-04-30,4.75,4.5,4.88,4.88,4.88,4.63,0.11,10,0
531,43043236,2026-07-02,previous scrape,Two Room Suite,342131389,Fraser,6,3,6,3,"Ottawa, Canada",f,9,t,Rideau-Vanier,45.42915,-75.69051,Room in boutique hotel,Private room,4,1.4,2.0,2.0,301.27,2026-07-02,2026-07-03,301.27,301.27,1.0,1125.0,t,4,6,6,6,2026-07-02,60,4,3,2020-04-16,2026-06-14,4.25,4.18,4.42,4.45,4.57,4.17,0.79,9,0
532,43147443,2026-07-02,previous scrape,Home Away From Home - Guest Room :),146516782,Ellen,8,10,8,9,"Ottawa, Canada",t,2,t,Rideau-Rockcliffe,45.4289,-75.64264,Private room in bungalow,Private room,2,1.4,2.0,2.0,101.0,2026-07-05,2026-07-06,101.0,101.0,1.0,1125.0,t,19,19,19,19,2026-07-02,658,71,95,2020-05-16,2026-06-23,4.8,4.85,4.86,4.86,4.79,4.8,8.82,2,0
533,43228694,2026-06-24,city scrape,Cozy refuge steps from canal and Landsdowne Park,4279463,Benjamin,13,6,13,6,"Ottawa, Canada",t,1,t,Capital,45.39536,-75.67927,Entire guesthouse,Entire home/apt,2,1.0,1.0,3.0,74.56,2026-09-19,2026-10-19,2236.69,74.56,30.0,1125.0,t,0,15,18,108,2026-06-24,8,4,5,2022-03-09,2026-05-02,5.0,5.0,5.0,5.0,5.0,5.0,0.15,1,1
534,43278518,2026-06-24,city scrape,Overbrook 2C- private washroom; 30 mins walk Ott U,1959431,Paul,14,3,11,9,"Ottawa, Canada",f,13,t,Rideau-Rockcliffe,45.4257,-75.6548,Private room in rental unit,Private room,1,1.0,2.0,1.0,41.08,2026-06-26,2026-07-26,1232.42,41.08,30.0,1125.0,t,28,58,88,88,2026-06-24,2,0,0,2020-06-25,2023-07-01,5.0,5.0,5.0,5.0,5.0,5.0,0.03,13,7
535,43299576,2026-06-24,city scrape,Queen Balcony,342131389,Fraser,6,3,6,3,"Ottawa, Canada",f,9,t,Rideau-Vanier,45.43048,-75.68986,Room in hotel,Private room,2,1.0,1.0,1.0,197.31,2026-06-30,2026-07-01,197.31,197.31,1.0,1125.0,t,15,25,25,25,2026-06-24,89,21,20,2020-05-03,2026-04-28,4.72,4.76,4.84,4.79,4.88,4.67,1.19,9,0
536,43341327,2026-06-24,city scrape,A wave of calm and class in downtown Ottawa,345189443,Mylaine,6,1,6,1,"Ottawa, Canada",t,1,t,Rideau-Vanier,45.43243,-75.68671,Entire rental unit,Entire home/apt,4,2.0,2.0,2.0,386.0,2026-07-05,2026-07-06,386.0,386.0,1.0,1125.0,t,9,18,36,309,2026-06-24,213,37,35,2020-06-02,2026-06-20,4.92,4.95,4.99,4.98,4.5,4.82,2.89,1,1
537,43392084,2026-06-24,city scrape,Enchanting Private Bedroom - Female only Residence,247607805,Murray,7,3,7,3,"Ottawa, Canada",t,10,t,Rideau-Vanier,45.42352294921875,-75.67916870117188,Private room in townhouse,Private room,1,1.5,2.0,1.0,49.93,2026-09-13,2026-10-13,1498.0,49.93,30.0,1125.0,t,0,0,9,284,2026-06-24,9,2,0,2021-03-31,2026-05-28,4.89,4.67,4.78,4.78,5.0,4.67,0.14,10,0
538,43478699,2026-06-24,city scrape,Master Bedroom & Bathroom in Female Only Residence,247607805,Murray,7,3,7,3,"Ottawa, Canada",t,10,t,Rideau-Vanier,45.42354583740234,-75.6791763305664,Private room in townhouse,Private room,1,2.5,2.0,1.0,63.9,2027-05-01,2027-05-31,1917.0,63.9,30.0,1125.0,t,3,3,3,62,2026-06-24,8,2,2,2020-07-07,2025-12-22,4.5,4.63,4.88,4.88,5.0,4.5,0.11,10,0
539,43508546,2026-06-24,city scrape,Modern Private Bedroom in Female Only Residence,247607805,Murray,7,3,7,3,"Ottawa, Canada",t,10,t,Rideau-Vanier,45.42354583740234,-75.6791763305664,Private room in townhouse,Private room,1,1.5,2.0,1.0,53.58,2027-01-01,2027-01-31,1607.28,53.58,30.0,1125.0,t,3,24,24,198,2026-06-24,5,1,2,2021-09-21,2025-08-23,5.0,4.8,5.0,5.0,4.8,4.6,0.09,10,0
540,43546176,2026-06-24,city scrape,FisherHouse - Central Ottawa - STR 854-091,77662056,John,10,0,10,0,"Ottawa, Canada",t,2,t,River,45.388088,-75.726608,Entire home,Entire home/apt,4,1.5,2.0,3.0,245.5,2026-07-13,2026-07-15,491.0,245.5,2.0,1125.0,t,8,13,25,197,2026-06-24,237,54,42,2020-08-11,2026-06-21,4.92,4.95,4.97,4.95,4.83,4.84,3.32,1,1
541,43547554,2026-06-24,city scrape,"A Private, Clean 3 bedroom Home",65333860,Amy,10,2,6,10,"Ottawa, Canada",t,2,t,College,45.3416,-75.74653,Entire bungalow,Entire home/apt,8,2.0,3.0,4.0,462.5,2026-07-11,2026-07-13,925.0,462.5,1.0,30.0,t,4,9,12,36,2026-06-24,97,28,29,2020-06-29,2026-06-15,5.0,4.99,5.0,4.98,4.95,4.96,1.33,1,1
542,43649685,2026-06-24,city scrape,Beautiful 2 bedroom with Outdoor Space and Parking,7354245,Lisa,12,11,12,10,"Ontario, Canada",t,29,t,Rideau-Rockcliffe,45.42787,-75.65717,Entire rental unit,Entire home/apt,4,1.0,2.0,2.0,134.74,2026-08-01,2026-08-31,4042.19,134.74,30.0,1125.0,t,0,22,31,278,2026-06-24,37,6,5,2020-07-21,2026-05-22,4.73,4.76,4.95,4.84,4.78,4.49,0.51,20,20
543,43653246,2026-06-24,city scrape,CLEAN & COZY PRIVATE BEDROOM LONG TERM AVAILABLE,187592779,Wei,8,1,8,1,"Ottawa, Canada",t,7,t,Knoxdale-Merivale,45.35169,-75.70948,Private room in home,Private room,1,1.0,2.0,1.0,28.77,2026-08-01,2026-08-31,863.0,28.77,30.0,730.0,t,0,22,31,206,2026-06-24,10,1,1,2022-06-29,2025-11-30,4.9,4.8,4.8,5.0,4.9,4.8,0.21,6,0
544,43759099,2026-06-24,city scrape,MID CENTURY BOHO BACHELOR,22350228,Jenny,11,8,7,5,"Ottawa, Canada",t,20,t,Rideau-Vanier,45.43012,-75.69183,Entire rental unit,Entire home/apt,2,1.0,2.0,1.0,188.29,2026-06-28,2026-06-29,188.29,188.29,1.0,45.0,t,9,26,49,317,2026-06-24,544,66,73,2020-06-24,2026-06-05,4.85,4.91,4.95,4.92,4.77,4.77,7.45,15,15
545,43766295,2026-06-24,city scrape,Queen Balcony,342131389,Fraser,6,3,6,3,"Ottawa, Canada",f,9,t,Rideau-Vanier,45.43067,-75.68955,Room in hotel,Private room,2,1.0,1.0,1.0,229.38,2026-06-25,2026-06-26,229.38,229.38,1.0,1125.0,t,18,28,28,28,2026-06-24,74,9,6,2020-06-21,2026-06-07,4.82,4.92,4.8,4.77,4.91,4.77,1.01,9,0
546,43869343,2026-07-02,previous scrape,Modern Suite with private bathroom & Kitchenette,18489586,Rachid,11,11,6,0,"Ottawa, Canada",t,5,t,River,45.37156,-75.65793,Private room in rental unit,Private room,1,1.4,2.0,2.0,173.3,0000-00-00,"""0000-00-00""",2246.7,173.3,30.0,150.0,t,0,0,0,0,2026-07-02,1,0,0,2021-09-01,2021-09-01,5.0,5.0,5.0,5.0,4.0,5.0,0.02,5,0
547,43893640,2026-07-02,previous scrape,Suite Near Algonquin college,156262806,Moh,8,8,6,0,"Ottawa, Canada",f,1,t,College,45.35053,-75.74013,Entire guest suite,Entire home/apt,4,1.4,2.0,2.0,173.3,0000-00-00,"""0000-00-00""",2246.7,173.3,30.0,1125.0,t,0,0,0,0,2026-07-02,63,3,2,2020-08-15,2026-02-28,4.78,4.75,4.92,4.86,4.81,4.78,0.88,1,1
548,43895069,2026-06-24,city scrape,Queen Balcony,342131389,Fraser,6,3,6,3,"Ottawa, Canada",f,9,t,Rideau-Vanier,45.42969,-75.6915,Room in hotel,Private room,2,1.0,1.0,1.0,230.0,2026-06-25,2026-06-26,230.0,230.0,1.0,1125.0,t,20,29,29,29,2026-06-24,39,2,7,2020-06-25,2025-12-07,4.56,4.67,4.62,4.74,4.62,4.54,0.53,9,0
549,43923011,2026-06-24,city scrape,Queen Window,342131389,Fraser,6,3,6,3,"Ottawa, Canada",f,9,t,Rideau-Vanier,45.43092,-75.69035,Room in hotel,Private room,2,1.0,1.0,1.0,230.0,2026-06-24,2026-06-25,230.0,230.0,1.0,1125.0,t,17,23,23,23,2026-06-24,29,2,3,2020-07-02,2025-11-09,4.59,4.72,4.66,4.72,4.59,4.59,0.4,9,0
550,43999610,2026-06-24,city scrape,Basement - Sunsets on the Pond (1 bedroom + suite),141736289,Ann,8,11,8,2,"Ottawa, Canada",t,2,t,Stittsville-Kanata West,45.27878,-75.93593,Private room in home,Private room,4,1.0,2.0,2.0,189.0,2026-06-28,2026-06-29,189.0,189.0,1.0,7.0,t,6,32,59,68,2026-06-24,108,36,22,2020-07-01,2026-06-20,4.9,4.98,4.99,4.98,4.94,4.89,1.48,2,0
551,44015798,2026-06-24,city scrape,Queen Balcony,342131389,Fraser,6,3,6,3,"Ottawa, Canada",f,9,t,Rideau-Vanier,45.42918,-75.6902,Room in hotel,Private room,2,1.0,1.0,1.0,230.0,2026-06-28,2026-06-29,230.0,230.0,1.0,1125.0,t,18,27,27,27,2026-06-24,22,1,0,2020-07-02,2026-02-09,4.55,4.64,4.73,4.68,4.95,4.55,0.3,9,0
552,44062965,2026-06-24,city scrape,Overbrook 2B,1959431,Paul,14,3,11,9,"Ottawa, Canada",f,13,t,Rideau-Rockcliffe,45.42767,-75.65435,Private room in bungalow,Private room,1,1.0,2.0,1.0,32.7,2026-06-26,2026-07-26,981.0,32.7,30.0,1125.0,t,28,58,88,88,2026-06-24,2,0,0,2021-07-01,2024-09-30,5.0,5.0,5.0,5.0,5.0,5.0,0.03,13,7
553,44117471,2026-06-24,city scrape,Queen Window,342131389,Fraser,6,3,6,3,"Ottawa, Canada",f,9,t,Rideau-Vanier,45.42909,-75.69107,Room in hotel,Private room,2,1.0,1.0,1.0,230.0,2026-06-26,2026-06-27,230.0,230.0,1.0,1125.0,t,15,21,21,21,2026-06-24,85,16,12,2020-07-12,2026-04-07,4.78,4.72,4.82,4.82,4.82,4.78,1.17,9,0
554,44183012,2026-06-24,city scrape,CLEAN & COZY PRIVATE BEDROOM WITH PRIVATE HALFBATH,187592779,Wei,8,1,8,1,"Ottawa, Canada",t,7,t,Knoxdale-Merivale,45.35178,-75.71004,Private room in home,Private room,1,1.5,2.0,1.0,32.1,2027-05-01,2027-05-31,963.0,32.1,30.0,1125.0,t,0,0,0,54,2026-06-24,13,2,1,2021-04-30,2026-04-30,4.85,4.62,4.92,4.85,4.85,4.77,0.21,6,0
555,44245654,2026-06-24,city scrape,Elegant Downtown Studio with Outdoor Patio,85297148,Short And Suite BnB,9,11,9,4,"Ottawa, Canada",t,51,t,Somerset,45.40637,-75.70651,Entire guest suite,Entire home/apt,2,1.0,2.0,1.0,150.0,2026-06-29,2026-07-01,300.0,150.0,2.0,1125.0,t,17,40,60,234,2026-06-24,258,40,48,2020-08-12,2026-06-23,4.81,4.86,4.91,4.87,4.76,4.76,3.61,28,28
556,44264500,2026-07-02,previous scrape,❤ Chic Guest Suite with Parking & Private Sunroom,59633620,Amy,10,4,5,11,"Ontario, Canada",f,1,t,Kitchissippi,45.3997,-75.7235,Entire guest suite,Entire home/apt,2,1.4,1.0,2.0,173.3,0000-00-00,"""0000-00-00""",2246.7,173.3,1.0,1125.0,t,0,0,0,0,2026-07-02,204,0,0,2020-08-03,2024-08-03,4.92,4.94,4.97,4.99,4.92,4.77,2.83,1,1
557,44287925,2026-07-02,previous scrape,30+ Night 3BR Home With Private Saltwater Pool,121880210,Tiffany,9,3,9,3,"Ottawa, Canada",f,4,t,College,45.34178,-75.74291,Entire bungalow,Entire home/apt,4,1.4,3.0,2.0,173.3,0000-00-00,"""0000-00-00""",2246.7,173.3,30.0,1125.0,t,0,0,0,0,2026-07-02,29,0,0,2020-08-03,2024-03-12,5.0,5.0,5.0,5.0,4.83,4.86,0.4,2,2
558,44432274,2026-07-02,previous scrape,COZY & LUXURY MASTERBEDROOM WITH ENSUITE BATHROOM,187592779,Wei,8,1,8,1,"Ottawa, Canada",t,7,t,Knoxdale-Merivale,45.35111,-75.70845,Private room in home,Private room,1,1.4,2.0,2.0,173.3,0000-00-00,"""0000-00-00""",2246.7,173.3,30.0,1125.0,t,0,0,0,0,2026-07-02,12,2,3,2021-10-31,2025-12-31,4.83,4.92,5.0,5.0,4.67,4.83,0.21,6,0
559,44555656,2026-06-24,city scrape,Centrally located walk to restaurants and cafes,36571261,Lianna,11,0,6,10,"Ottawa, Canada",f,3,t,Somerset,45.408,-75.70998,Room in boutique hotel,Private room,6,1.0,2.0,3.0,270.07,2026-06-24,2026-07-24,8102.0,270.07,30.0,1125.0,t,30,60,90,270,2026-06-24,105,0,7,2020-09-05,2025-03-07,4.71,4.75,4.84,4.89,4.72,4.61,1.49,2,1
560,44568855,2026-06-24,city scrape,Exquisite Kanata Home,105348979,Lindsay,9,6,9,2,Canada,f,8,t,Kanata South,45.27829,-75.84017,Entire home,Entire home/apt,6,2.0,3.0,3.0,380.0,2026-07-19,2026-07-21,760.0,380.0,2.0,1125.0,t,6,25,34,34,2026-06-24,191,30,24,2020-09-19,2026-06-18,4.68,4.73,4.92,4.83,4.87,4.74,2.72,2,2
561,44598654,2026-06-24,city scrape,Luxurious oasis single house,18189653,Anastasia,11,11,9,1,"Ottawa, Canada",t,3,t,Barrhaven,45.24326,-75.73505,Entire home,Entire home/apt,6,2.5,4.0,4.0,229.88,2026-07-10,2026-08-10,7126.27,229.88,31.0,1125.0,t,14,44,74,349,2026-06-24,12,0,1,2020-08-30,2025-04-02,4.92,4.83,4.92,4.92,4.5,4.67,0.17,3,3
562,44684310,2026-06-24,city scrape,Great room,323584939,Joyce,6,5,5,10,"Ottawa, Canada",f,1,t,Knoxdale-Merivale,45.35203,-75.72788,Private room in townhouse,Private room,1,1.0,2.0,1.0,80.73,2026-06-24,2026-07-24,2421.97,80.73,30.0,1125.0,t,30,60,90,365,2026-06-24,3,0,0,2020-08-21,2020-09-07,5.0,5.0,5.0,5.0,5.0,5.0,0.04,1,0
563,44738092,2026-06-24,city scrape,Townhouse-Brittanic Rd Kanata 31-day min booking,362158635,Jindra,5,10,5,10,"Ottawa, Canada",f,1,t,Stittsville-Kanata West,45.26817,-75.88218,Entire townhouse,Entire home/apt,6,2.5,3.0,3.0,109.65,2026-09-06,2026-10-07,3399.09,109.65,31.0,1125.0,t,0,0,21,111,2026-06-24,9,3,2,2020-11-14,2026-04-28,4.78,4.89,4.89,4.89,4.78,4.56,0.13,1,1
564,45075938,2026-06-24,city scrape,ROOM NUMBER 2,325965874,Arian,6,5,6,5,"Ottawa, Canada",t,7,t,Knoxdale-Merivale,45.363789,-75.719658,Private room in bungalow,Private room,2,1.5,2.0,1.0,126.0,2026-07-16,2026-07-17,126.0,126.0,1.0,30.0,t,8,38,68,68,2026-06-24,126,9,16,2020-09-18,2026-02-21,4.79,4.85,4.86,4.81,4.67,4.67,1.79,7,1
565,45076007,2026-06-24,city scrape,ROOM NUMBER 3,325965874,Arian,6,5,6,5,"Ottawa, Canada",t,7,t,Knoxdale-Merivale,45.36453,-75.71903,Private room in bungalow,Private room,2,2.5,2.0,1.0,117.54,2026-06-30,2026-07-01,117.54,117.54,1.0,30.0,t,24,54,84,84,2026-06-24,131,16,17,2020-09-06,2026-06-12,4.69,4.75,4.8,4.69,4.59,4.68,1.86,7,1
566,45140268,2026-06-24,city scrape,"Clean, renovated room with kitchen in southgate rd",364541518,Amin,5,9,5,9,"Ottawa, Canada",f,12,t,Gloucester-Southgate,45.35938,-75.65231,Private room in home,Private room,2,1.0,2.0,1.0,104.0,2026-06-28,2026-06-30,208.0,104.0,2.0,60.0,t,26,56,86,176,2026-06-24,140,25,20,2020-09-02,2026-06-08,4.71,4.78,4.89,4.86,4.73,4.69,1.98,7,0
567,45153900,2026-06-24,city scrape,Overbrook 2A- 30 minutes walk to Ottawa University,1959431,Paul,14,3,11,9,"Ottawa, Canada",f,13,t,Rideau-Rockcliffe,45.42566,-75.65826,Private room in home,Private room,1,1.0,2.0,1.0,28.19,2026-07-02,2026-08-01,845.67,28.19,30.0,1125.0,t,29,59,89,364,2026-06-24,2,1,1,2020-11-01,2025-09-01,4.5,4.5,4.5,4.5,3.5,4.5,0.03,13,7
568,45166164,2026-06-24,city scrape,Basement all inclusive studio,137702868,Parni,8,11,5,9,"Ottawa, Canada",f,3,t,Barrhaven,45.27589,-75.77007,Private room in home,Private room,2,1.0,2.0,3.0,105.56,2026-07-29,2026-08-02,422.24,105.56,4.0,1125.0,t,2,27,57,264,2026-06-24,55,5,2,2020-08-31,2026-06-12,4.78,4.84,4.91,4.96,4.89,4.82,0.78,1,0
569,45175363,2026-06-24,city scrape,"Clean,big,new renovated room 6min to airport.",364541518,Amin,5,9,5,9,"Ottawa, Canada",f,12,t,Gloucester-Southgate,45.35983,-75.65181,Private room in home,Private room,2,1.0,2.0,1.0,98.5,2026-06-24,2026-06-26,197.0,98.5,2.0,60.0,t,28,58,88,178,2026-06-24,94,9,14,2020-09-07,2026-06-08,4.69,4.78,4.9,4.87,4.82,4.7,1.33,7,0
570,45176746,2026-06-24,city scrape,"Clean, clean clean room with kitchen in rd",364541518,Amin,5,9,5,9,"Ottawa, Canada",f,12,t,Gloucester-Southgate,45.35958,-75.65232,Private room in home,Private room,2,1.0,2.0,1.0,98.5,2026-06-28,2026-06-30,197.0,98.5,2.0,60.0,t,27,57,87,177,2026-06-24,96,14,19,2020-09-02,2026-06-07,4.66,4.74,4.94,4.88,4.76,4.7,1.36,7,0
571,45176860,2026-06-24,city scrape,"Clean, new renovated room 8min to the airport.",364541518,Amin,5,9,5,9,"Ottawa, Canada",f,12,t,Gloucester-Southgate,45.35852,-75.65158,Private room in home,Private room,2,1.0,2.0,1.0,124.0,2026-06-24,2026-06-25,124.0,124.0,1.0,60.0,t,28,58,88,178,2026-06-24,95,18,17,2020-08-30,2026-06-01,4.68,4.74,4.89,4.87,4.81,4.73,1.34,7,0
572,45194282,2026-06-24,city scrape,Room Across UOttawa 10 Minutes Walk Parliament,146743514,Frits,8,10,8,2,"Mexicali, Mexico",f,74,t,Rideau-Vanier,45.42268,-75.67884,Private room in rental unit,Private room,1,1.0,2.0,1.0,70.86,2026-06-24,2026-07-24,2125.81,70.86,30.0,1125.0,t,30,60,90,365,2026-06-24,7,0,0,2020-09-05,2022-10-02,4.29,4.43,4.14,4.14,5.0,4.43,0.1,28,0
573,45194485,2026-06-24,city scrape,Across Uottawa Room 10min Walk Parliament/Downtown,146743514,Frits,8,10,8,2,"Mexicali, Mexico",f,74,t,Rideau-Vanier,45.42207700078277,-75.67965420367723,Private room in rental unit,Private room,1,1.0,2.0,1.0,57.62,2026-06-24,2026-07-24,1728.69,57.62,30.0,1125.0,t,30,60,90,365,2026-06-24,2,0,0,2021-08-31,2023-05-15,3.0,2.5,4.5,3.5,5.0,3.0,0.03,28,0
574,45198554,2026-07-02,previous scrape,Penthouse in the Byward Market,63054768,Jf,10,3,10,0,"Ottawa, Canada",t,5,t,Rideau-Vanier,45.42989,-75.68865,Entire condo,Entire home/apt,4,1.4,3.0,2.0,39.95,2027-02-01,2027-06-01,4793.41,39.95,120.0,1125.0,t,0,0,0,151,2026-07-02,1,0,0,2022-11-11,2022-11-11,5.0,5.0,5.0,5.0,5.0,5.0,0.02,2,2
575,45202463,2026-06-24,city scrape,Little Brick House-2 Bedroom Private Home,34395919,Hana,11,0,10,10,"Ottawa, Canada",t,4,t,Rideau-Vanier,45.44014,-75.66713,Entire home,Entire home/apt,4,1.4,2.0,3.0,134.44,2027-03-07,2027-04-06,4033.34,134.44,30.0,1125.0,t,7,15,15,124,2026-06-24,236,20,46,2020-09-07,2026-02-20,4.9,4.94,4.97,4.97,4.75,4.83,3.34,1,1
576,45228088,2026-06-24,city scrape,Room Across UOttawa  Steps TO  Downtown Ottawa,146743514,Frits,8,10,8,2,"Mexicali, Mexico",f,74,t,Rideau-Vanier,45.42228,-75.679,Private room in condo,Private room,1,1.0,2.0,1.0,54.65,2026-06-24,2026-07-24,1639.41,54.65,30.0,1125.0,t,30,60,90,365,2026-06-24,11,0,0,2020-11-11,2022-09-25,3.91,3.82,4.27,4.55,4.45,3.91,0.16,28,0
577,45302445,2026-06-24,city scrape,Victorian Room  3Min Walk To UOttawa Train Station,146743514,Frits,8,10,8,2,"Mexicali, Mexico",f,74,t,Rideau-Vanier,45.4239,-75.67906,Private room in rental unit,Private room,2,1.0,2.0,1.0,62.4,2026-06-24,2026-07-24,1872.0,62.4,30.0,1125.0,t,30,60,90,365,2026-06-24,2,0,0,2021-01-21,2022-07-10,3.0,3.0,3.0,3.0,3.0,3.0,0.03,28,0
578,45363007,2026-07-02,previous scrape,Perfect for Your Posting: A Downtown Oasis,366233703,J. Anne,5,9,5,9,"Ottawa, Canada",f,1,t,Somerset,45.4139,-75.68485,Entire home,Entire home/apt,8,1.4,4.0,2.0,50.73,2026-07-09,2026-12-07,7660.19,50.73,151.0,1125.0,t,23,53,83,173,2026-07-02,0,0,0,10,10,4.8,4.8,4.9,4.9,4.8,4.7,1.8,1,1
579,45407305,2026-06-24,city scrape,"Serene, updated 1 bed downtown Ottawa",109726562,Tara,9,5,7,0,"Ottawa, Canada",t,2,t,Somerset,45.40973,-75.69811,Entire rental unit,Entire home/apt,2,1.0,1.0,1.0,98.62,2026-09-18,2026-10-18,2958.47,98.62,30.0,1125.0,t,1,7,11,191,2026-06-24,34,4,2,2020-09-30,2026-05-19,4.94,4.94,4.94,4.94,4.88,4.85,0.49,2,2
580,45507394,2026-06-24,city scrape,Cozy Room in Quiet Corner of Big Nepean LakeHouse,368331813,Josephine,5,9,5,9,"Ottawa, Canada",t,3,t,Barrhaven,45.25367,-75.74217,Private room in home,Private room,2,1.0,2.0,1.0,86.73,2026-07-05,2026-07-07,173.46,86.73,2.0,1125.0,t,17,33,63,153,2026-06-24,25,4,10,2020-11-19,2025-11-27,4.96,4.96,4.96,4.96,5.0,4.92,0.37,3,0
581,45582916,2026-06-24,city scrape,Stylish living near Ottawa River and Cyclist Path,2697550,Alex & Katya,14,0,10,5,"Ottawa, Canada",f,3,t,Rideau-Vanier,45.43022,-75.66286,Entire condo,Entire home/apt,2,1.0,1.0,2.0,84.73,2026-07-01,2026-07-31,2541.88,84.73,30.0,1125.0,t,23,46,46,281,2026-06-24,4,2,1,2020-11-22,2026-02-24,4.75,4.75,5.0,5.0,4.75,4.75,0.06,3,3
582,45610710,2026-06-24,city scrape,Large Cozy Bedroom & Office in Barrhaven LakeHouse,368331813,Josephine,5,9,5,9,"Ottawa, Canada",t,3,t,Barrhaven,45.2542,-75.74196,Private room in home,Private room,2,1.0,2.0,1.0,92.0,2026-09-10,2026-09-12,184.0,92.0,2.0,1125.0,t,0,0,12,12,2026-06-24,25,6,8,2020-10-15,2025-11-12,4.88,4.88,4.88,5.0,4.76,4.8,0.36,3,0
583,45653265,2026-06-24,city scrape,NRC 2A: Quiet room & private washroom,1959431,Paul,14,3,11,9,"Ottawa, Canada",f,13,t,Beacon Hill-Cyrville,45.43755,-75.62169,Private room in home,Private room,1,1.0,2.0,1.0,35.77,2026-08-27,2026-09-26,1073.0,35.77,30.0,1125.0,t,0,0,26,301,2026-06-24,1,0,0,2023-01-01,2023-01-01,5.0,5.0,5.0,5.0,5.0,4.0,0.02,13,7
584,45698033,2026-06-24,city scrape,Ottawa ideal pied-a-terre,3584835,Mélanye,13,9,12,11,"Ottawa, Canada",t,1,t,Rideau-Rockcliffe,45.42509,-75.65619,Entire rental unit,Entire home/apt,4,1.0,2.0,2.0,89.5,2026-12-25,2027-01-24,2685.13,89.5,30.0,730.0,t,10,23,34,120,2026-06-24,20,2,2,2020-12-04,2026-03-01,4.65,4.85,4.95,4.8,4.55,4.6,0.3,1,1
585,45698986,2026-07-02,previous scrape,Twin Balcony,342131389,Fraser,6,3,6,3,"Ottawa, Canada",f,9,t,Rideau-Vanier,45.42943,-75.69015,Room in boutique hotel,Private room,2,1.4,1.0,2.0,170.04,2026-07-05,2026-07-06,170.04,170.04,1.0,1125.0,t,8,11,11,11,2026-07-02,30,0,0,2020-11-07,2024-03-09,4.7,4.63,4.77,4.7,4.67,4.67,0.44,9,0
586,45786285,2026-06-24,city scrape,2 Bedroom Basement apt mins from Downtown/La Cité,114722218,Stacie,9,4,5,8,"Ottawa, Canada",t,3,t,Rideau-Rockcliffe,45.4425,-75.62671,Entire guest suite,Entire home/apt,3,1.0,2.0,2.0,165.5,2026-08-28,2026-08-30,331.0,165.5,2.0,30.0,t,0,2,13,109,2026-06-24,227,60,56,2020-10-28,2026-06-19,4.9,4.96,4.96,4.99,4.86,4.92,3.3,3,3
587,45831387,2026-06-24,city scrape,Neat Basement Apartment in the South End,345114048,Merry,6,1,5,8,"Ottawa, Canada",f,1,t,Gloucester-Southgate,45.36167,-75.63414,Entire guest suite,Entire home/apt,3,1.0,1.0,3.0,61.68,2026-07-15,2026-08-14,1850.36,61.68,30.0,1125.0,t,9,39,69,344,2026-06-24,2,0,0,2021-04-30,2021-11-30,5.0,5.0,5.0,5.0,5.0,5.0,0.03,1,1
588,45856453,2026-06-24,city scrape,Cozy and Large Room in Barrhaven House Ottawa,368331813,Josephine,5,9,5,9,"Ottawa, Canada",t,3,t,Barrhaven,45.25301,-75.74141,Private room in home,Private room,2,1.0,2.0,1.0,85.59,2026-07-02,2026-07-04,171.18,85.59,2.0,1125.0,t,22,31,61,61,2026-06-24,21,2,3,2020-10-25,2025-09-01,4.95,5.0,4.86,5.0,4.81,4.86,0.3,3,0
589,45861734,2026-06-24,city scrape,Excellent Apartment Downtown,67179584,Ike,10,2,10,2,Canada,t,4,t,Rideau-Vanier,45.44067,-75.66407,Entire rental unit,Entire home/apt,4,1.0,2.0,2.0,84.96,2026-10-01,2026-10-31,2548.85,84.96,30.0,730.0,t,0,0,0,266,2026-06-24,24,3,5,2020-12-31,2026-04-30,4.88,4.79,4.88,4.96,4.71,4.75,0.36,4,4
590,45990050,2026-06-24,city scrape,"Full apartment, ideal for longer term visits",372806115,Julia,5,8,5,8,"Ottawa, Canada",f,1,t,Capital,45.4148,-75.67016,Entire rental unit,Entire home/apt,4,1.0,1.0,1.0,146.75,2026-07-01,2026-07-31,4402.36,146.75,30.0,100.0,t,23,53,83,173,2026-06-24,4,0,0,2021-01-04,2022-01-04,4.5,4.75,4.75,5.0,4.75,4.25,0.06,1,1
591,46034768,2026-06-24,city scrape,Heart Of Barrhaven- Updated Private Guest Suite,147189902,Sharmilee,8,10,5,8,"Ottawa, Canada",f,2,t,Barrhaven,45.25425,-75.74071,Entire guest suite,Entire home/apt,4,1.0,2.0,1.0,166.33,2026-06-24,2026-07-24,4990.0,166.33,30.0,365.0,t,30,60,90,365,2026-06-24,44,0,0,2020-11-04,2021-11-10,4.5,4.48,4.57,4.45,4.52,4.45,0.64,2,1
592,46225199,2026-06-24,city scrape,Spacious 4BR Orleans Home w/ Separate In-Law Suite,379979184,Amaury,5,6,5,6,"Ottawa, Canada",t,3,t,Orleans,45.4691,-75.51027,Entire bungalow,Entire home/apt,7,2.0,4.0,4.0,206.13,2026-11-01,2026-12-01,6184.0,206.13,30.0,365.0,t,0,0,0,235,2026-06-24,8,0,0,2020-11-17,2023-05-31,4.63,5.0,5.0,5.0,4.75,4.75,0.12,2,2
593,46263278,2026-07-02,previous scrape,Villy's Clean Quiet and Friendly Escape,69290094,Villy,10,2,5,7,"Ottawa, Canada",f,1,t,Rideau-Rockcliffe,45.45382,-75.65395,Private room in townhouse,Private room,3,1.4,0.0,2.0,173.3,0000-00-00,"""0000-00-00""",2246.7,173.3,30.0,1125.0,t,0,0,0,0,2026-07-02,11,0,0,2020-11-16,2022-02-06,4.64,4.64,4.73,4.73,4.82,4.55,0.16,1,0
594,46448890,2026-06-24,city scrape,Stylish east downtown house with easy river access,15420982,Rodney,12,1,7,2,"Ottawa, Canada",f,1,t,Rideau-Rockcliffe,45.42276,-75.66553,Entire home,Entire home/apt,4,1.5,2.0,2.0,90.56,2026-12-06,2027-01-06,2807.48,90.56,1.0,730.0,t,2,29,31,231,2026-06-24,35,19,27,2021-01-02,2025-12-18,4.74,4.8,4.94,4.86,4.86,4.66,0.52,1,1
595,46475247,2026-06-24,city scrape,"Unique comfortable loft, enjoy the Rideau Canal!",318541362,Katie,6,6,5,7,"Ottawa, Canada",f,3,t,Rideau-Vanier,45.42564,-75.67627,Entire loft,Entire home/apt,4,1.0,2.0,3.0,103.24,2026-07-13,2026-08-12,3097.3,103.24,30.0,1125.0,t,11,40,40,222,2026-06-24,82,3,5,2020-11-29,2026-01-02,4.82,4.78,4.89,4.89,4.89,4.77,1.21,3,3
596,46576215,2026-06-24,city scrape,Modern new townhouse close to downtown Ottawa!,27292653,Melanie,11,4,4,11,"Ottawa, Canada",t,1,t,Rideau-Rockcliffe,45.45215434301858,-75.62851027395726,Entire townhouse,Entire home/apt,4,1.5,2.0,2.0,371.0,2026-07-02,2026-07-03,371.0,371.0,1.0,27.0,t,6,15,27,301,2026-06-24,82,17,15,2021-07-25,2026-05-25,4.98,4.94,5.0,5.0,4.84,4.87,1.37,1,1
597,46584509,2026-06-24,city scrape,Cozy crash pad (NOT A DAYTIME OFFICE),276082277,Julia,6,11,6,4,"Ottawa, Canada",f,3,t,Knoxdale-Merivale,45.33033,-75.76134,Private room in townhouse,Private room,2,1.5,2.0,1.0,43.67,2026-06-26,2026-07-26,1310.0,43.67,30.0,1125.0,t,28,58,88,363,2026-06-24,33,0,0,2020-11-24,2022-05-10,4.55,4.52,4.73,4.52,4.61,4.7,0.49,3,0
598,46623333,2026-06-24,city scrape,West Centretown two bedrooms unit!,85317954,Marilyn,9,11,5,6,"Ottawa, Canada",f,1,t,Somerset,45.40759,-75.70553,Entire guesthouse,Entire home/apt,4,1.0,2.0,2.0,103.43,2027-01-01,2027-01-31,3103.0,103.43,30.0,1125.0,t,1,1,1,175,2026-06-24,58,0,0,2020-12-22,2024-02-27,4.62,4.78,4.84,4.97,4.69,4.76,0.87,1,1
599,46624233,2026-06-24,city scrape,Beautifull House in Nice neighborhood,250684929,Junot,7,3,5,6,"Neuchâtel, Switzerland",f,2,t,Gloucester-South Nepean,45.26973,-75.73366,Private room in home,Private room,2,1.0,2.0,1.0,169.25,2026-06-25,2026-07-25,5077.35,169.25,30.0,365.0,t,29,59,89,179,2026-06-24,6,0,0,2020-12-03,2021-01-24,5.0,5.0,5.0,5.0,5.0,5.0,0.09,2,0
600,46626432,2026-06-24,city scrape,"THE LODGE - Ottawa's 12,000sqft Waterfront Mansion",254619986,Cory,7,2,7,2,"Ottawa, Canada",f,2,t,Gloucester-South Nepean,45.26076,-75.70944,Entire home,Entire home/apt,14,9.0,6.0,10.0,3131.5,2026-06-24,2026-06-26,6263.0,3131.5,2.0,1125.0,t,9,35,65,340,2026-06-24,18,1,0,2021-05-24,2026-05-20,4.83,4.78,5.0,4.89,5.0,4.61,0.29,2,2
601,46646767,2026-06-24,city scrape,"30+ Night 3BR Home w/Pool, Parking & Putting Green",696668853,Jenn,1,1,0,11,"Ottawa, Canada",t,7,t,Knoxdale-Merivale,45.32619,-75.76664,Entire bungalow,Entire home/apt,4,3.0,2.0,4.0,338.5,2026-09-01,2026-10-01,10155.12,338.5,30.0,365.0,t,0,0,21,111,2026-06-24,18,0,0,2021-07-26,2022-07-02,5.0,5.0,5.0,5.0,5.0,4.83,0.3,5,4
602,46659077,2026-07-02,previous scrape,"WFH @ Carnegie Home - Clean, Modern, Private Apt.",9103610,Ryan,12,9,5,6,"Ottawa, Canada",t,1,t,Alta Vista,45.38971,-75.62212,Entire guest suite,Entire home/apt,4,1.4,2.0,2.0,173.3,0000-00-00,"""0000-00-00""",2246.7,173.3,2.0,1125.0,t,0,0,0,0,2026-07-02,175,17,44,2020-12-19,2025-12-15,4.83,4.87,4.97,4.92,4.82,4.79,2.6,1,1
603,46697581,2026-06-24,city scrape,Executive 5 Bedroom home in Ottawa,377408573,Sean,5,6,5,5,"Ottawa, Canada",f,1,t,Stittsville-Kanata West,45.24846,-75.90244,Entire home,Entire home/apt,10,3.5,4.0,5.0,251.67,2026-06-26,2026-07-26,7550.0,251.67,30.0,1125.0,t,28,58,88,178,2026-06-24,1,0,0,2021-03-14,2021-03-14,5.0,5.0,5.0,5.0,5.0,5.0,0.02,1,1
604,46857561,2026-06-24,city scrape,Brand New Spacious Executive 2 BDRM with Parking,7354245,Lisa,12,11,12,10,"Ontario, Canada",t,29,t,Knoxdale-Merivale,45.3415,-75.70007,Entire rental unit,Entire home/apt,4,1.0,2.0,2.0,115.77,2026-10-18,2026-11-17,3472.95,115.77,30.0,1125.0,t,0,0,0,249,2026-06-24,11,4,3,2022-03-26,2026-05-02,4.91,4.91,4.91,5.0,4.55,4.73,0.21,20,20
605,46915965,2026-06-24,city scrape,Room Number 1,325965874,Arian,6,5,6,5,"Ottawa, Canada",t,7,t,Knoxdale-Merivale,45.36312,-75.71834,Private room in bungalow,Private room,2,1.0,2.0,1.0,95.86,2026-06-29,2026-07-01,191.72,95.86,2.0,30.0,t,25,55,81,356,2026-06-24,120,13,19,2020-12-18,2026-05-17,4.78,4.79,4.92,4.78,4.77,4.73,1.79,7,1
606,47039337,2026-06-24,city scrape,Luxe 1BR with Private Terrace near Ottawa Hospital,38459934,Corporate Stays,10,11,10,10,"Montreal, Canada",f,152,f,Kitchissippi,45.40042,-75.72784,Entire rental unit,Entire home/apt,2,1.0,1.0,1.0,155.82,2026-07-02,2026-08-02,4830.46,155.82,31.0,1125.0,t,22,52,82,183,2026-06-24,2,0,1,2024-04-05,2025-01-02,4.0,3.5,3.5,3.0,3.5,3.0,0.07,11,11
607,47093329,2026-06-24,city scrape,Downtown 2BR Gem with Balcony and Skyline Views,38459934,Corporate Stays,10,11,10,10,"Montreal, Canada",f,152,f,Somerset,45.419914,-75.698967,Entire rental unit,Entire home/apt,4,1.0,2.0,2.0,184.72,2026-07-31,2026-08-30,5541.71,184.72,30.0,365.0,t,2,25,48,149,2026-06-24,5,2,3,2024-09-30,2026-03-01,4.4,4.6,3.8,4.4,4.8,4.2,0.24,11,11
608,47094630,2026-07-02,previous scrape,Private Room & Bath with FREE Parking in Downtown,28474939,Jon,11,4,6,5,"Ottawa, Canada",f,1,t,Rideau-Vanier,45.432740373092486,-75.67663195069966,Private room in condo,Private room,2,1.4,2.0,2.0,161.0,2026-07-13,2026-07-14,161.0,161.0,1.0,1125.0,t,6,8,9,9,2026-07-02,349,118,115,2023-08-04,2026-06-30,4.99,4.97,4.96,4.98,4.9,4.94,9.84,1,0
609,47159617,2026-07-02,previous scrape,"""Cozy ensuite master bedroom in Kanata South""!",380958634,Lola,5,6,5,6,"Ottawa, Canada",f,3,t,Kanata South,45.27518,-75.8649,Private room in townhouse,Private room,2,1.4,2.0,2.0,173.3,0000-00-00,"""0000-00-00""",2246.7,173.3,5.0,360.0,t,0,0,0,0,2026-07-02,21,3,10,2021-01-17,2025-08-03,4.67,4.81,4.86,4.86,4.62,4.81,0.32,3,0
610,47177526,2026-06-24,city scrape,Retreat surrounded by majestic trees along a river,94475629,Sylvie,9,9,4,11,"Ottawa, Canada",t,1,t,Rideau-Goulbourn,45.24163332564612,-75.80843965852512,Entire home,Entire home/apt,4,1.0,2.0,2.0,240.0,2026-06-24,2026-06-26,480.0,240.0,2.0,30.0,t,2,14,39,39,2026-06-24,136,30,22,2021-07-18,2026-06-15,4.96,4.98,4.99,4.98,4.9,4.9,2.26,1,1
611,47219752,2026-06-24,city scrape,"Entire 2 bedroom unit near NRC-Blair, clean, quiet",1959431,Paul,14,3,11,9,"Ottawa, Canada",f,13,t,Beacon Hill-Cyrville,45.43769,-75.62219,Entire home,Entire home/apt,4,1.0,2.0,2.0,89.31,2026-07-01,2026-07-31,2679.16,89.31,30.0,1125.0,t,23,53,83,358,2026-06-24,4,0,0,2021-04-30,2023-06-09,4.75,5.0,5.0,5.0,4.75,5.0,0.06,13,7
612,47338847,2026-06-24,city scrape,Charming modern barn style apartment,382217770,Aziz,5,5,5,5,"Ottawa, Canada",f,1,t,Rideau-Rockcliffe,45.45015,-75.63676,Entire rental unit,Entire home/apt,2,1.0,1.0,1.0,172.0,2026-06-24,2026-06-25,172.0,172.0,1.0,1125.0,t,28,58,88,358,2026-06-24,432,54,63,2021-02-28,2026-06-07,4.73,4.8,4.81,4.75,4.8,4.71,6.67,1,1
613,47341355,2026-06-24,city scrape,Sparkling clean room pvt. Bath& Fridge and Roku TV,207395364,Kambiz,7,10,5,5,"Ottawa, Canada",f,1,t,Stittsville-Kanata West,45.287,-75.93001,Private room in townhouse,Private room,2,1.0,2.0,1.0,48.99,2026-06-24,2026-07-24,1469.67,48.99,30.0,1125.0,t,30,60,69,69,2026-06-24,13,0,0,2021-03-12,2022-10-21,5.0,5.0,4.92,5.0,5.0,4.92,0.2,1,0
614,47352665,2026-06-24,city scrape,Byward Market Ottawa One Bedroom Beautiful Deck #3,266054606,Danielle,7,0,7,0,"Ottawa, Canada",t,5,t,Rideau-Vanier,45.43123,-75.69402,Entire rental unit,Entire home/apt,2,1.0,1.0,1.0,118.83,2026-07-17,2026-08-16,3564.77,118.83,30.0,1125.0,t,7,37,67,247,2026-06-24,64,4,6,2021-02-06,2026-02-22,4.88,4.91,4.92,4.98,4.94,4.81,0.98,5,5
615,47389242,2026-06-24,city scrape,Short term rental,90779543,Zed,9,10,9,7,"Ottawa, Canada",f,5,t,Gloucester-Southgate,45.37236,-75.65233,Private room in townhouse,Private room,2,1.0,2.0,1.0,55.25,2026-06-26,2026-07-26,1657.4,55.25,30.0,90.0,t,28,58,88,363,2026-06-24,0,0,0,10,10,4.8,4.8,4.9,4.9,4.8,4.7,1.8,4,0
616,47411380,2026-07-02,previous scrape,Cozy One Bedroom w/ Parking - Mins to Downtown!,368708973,⁨Ben H.⁩,5,9,5,8,"Ottawa, Canada",f,24,t,Kitchissippi,45.40346145629883,-75.73054504394531,Entire rental unit,Entire home/apt,2,1.4,1.0,2.0,173.3,0000-00-00,"""0000-00-00""",2246.7,173.3,30.0,180.0,t,0,0,0,0,2026-07-02,84,1,7,2021-05-16,2025-07-11,4.12,4.23,4.55,4.6,4.45,3.93,1.34,1,1
617,47452338,2026-06-24,city scrape,Tiny Room 3Min Walk UOttawa Train Station DownTown,146743514,Frits,8,10,8,2,"Mexicali, Mexico",f,74,t,Rideau-Vanier,45.42332,-75.67867,Private room in condo,Private room,1,1.0,2.0,1.0,44.11,2026-06-24,2026-07-24,1323.39,44.11,30.0,1125.0,t,30,60,90,365,2026-06-24,6,0,0,2021-01-29,2022-05-21,3.67,3.5,3.67,4.33,4.17,3.5,0.09,28,0
618,47455269,2026-06-24,city scrape,Close to everything,90779543,Zed,9,10,9,7,"Ottawa, Canada",f,5,t,Gloucester-Southgate,45.37262,-75.65094,Private room in townhouse,Private room,2,1.0,1.0,2.0,39.07,2026-06-25,2026-07-25,1172.0,39.07,30.0,90.0,t,29,59,89,89,2026-06-24,1,0,0,2022-09-08,2022-09-08,1.0,1.0,1.0,1.0,1.0,1.0,0.02,4,0
619,47518525,2026-06-24,city scrape,Charming 1 bedroom Apt in Ottawa Neighborhood,383534057,Odette,5,5,5,5,"Ottawa, Canada",t,2,t,Orleans,45.48508,-75.5159,Entire guest suite,Entire home/apt,2,1.0,1.0,1.0,97.0,2026-07-28,2026-08-04,679.0,97.0,7.0,1125.0,t,0,26,56,331,2026-06-24,144,16,33,2021-02-13,2026-01-27,4.84,4.9,4.88,4.88,4.86,4.83,2.21,2,1
620,47540360,2026-07-02,previous scrape,Chic Urban Retreat: Central Ottawa Comfort,105348979,Lindsay,9,6,9,2,Canada,f,8,t,Capital,45.40318,-75.70159,Entire home,Entire home/apt,4,1.4,2.0,2.0,173.3,0000-00-00,"""0000-00-00""",2246.7,173.3,31.0,1125.0,t,0,0,0,0,2026-07-02,188,1,13,2021-02-28,2025-08-04,4.8,4.84,4.93,4.87,4.8,4.72,2.89,2,2
621,47571169,2026-06-24,city scrape,Spacious Room 3Min Walk To UOTtawa Train/Downtown,146743514,Frits,8,10,8,2,"Mexicali, Mexico",f,74,t,Rideau-Vanier,45.4223,-75.67872,Private room in rental unit,Private room,1,1.0,2.0,1.0,61.33,2026-06-24,2026-07-24,1839.87,61.33,30.0,1125.0,t,30,60,90,365,2026-06-24,8,0,0,2021-04-01,2023-09-30,4.5,4.25,4.25,4.5,4.63,4.5,0.13,28,0
622,47578010,2026-07-02,previous scrape,Bright basement apartment - close to Dows Lake,201306496,Anne,7,11,7,11,"Ottawa, Canada",t,1,t,Capital,45.39775,-75.6975,Entire guest suite,Entire home/apt,2,1.4,2.0,2.0,98.26,2027-02-01,2027-03-03,2947.78,98.26,30.0,1125.0,t,12,12,12,68,2026-07-02,50,13,11,2021-03-31,2026-05-29,5.0,5.0,5.0,5.0,5.0,4.96,0.78,1,1
623,47585659,2026-06-24,city scrape,Byward Market Ottawa Beautiful One Bedroom #4,266054606,Danielle,7,0,7,0,"Ottawa, Canada",t,5,t,Rideau-Vanier,45.43274,-75.69405,Entire rental unit,Entire home/apt,2,1.0,1.0,1.0,90.81,2026-06-24,2026-07-24,2724.3,90.81,30.0,1125.0,t,30,60,90,270,2026-06-24,30,4,4,2021-02-16,2026-05-19,4.93,4.93,4.93,4.97,4.93,4.9,0.46,5,5
624,47716316,2026-06-24,city scrape,RiverBend Landing near Mooney’s Bay,3151275,Kathy,13,10,3,7,"Ottawa, Canada",t,1,t,River,45.35461,-75.7028,Entire guest suite,Entire home/apt,4,1.0,2.0,3.0,180.0,2026-10-14,2026-10-16,360.0,180.0,1.0,14.0,t,0,0,0,43,2026-06-24,132,30,32,2023-01-05,2026-06-19,4.99,5.0,4.99,5.0,4.94,4.98,3.13,1,1
625,47717460,2026-06-24,city scrape,"""Private bedroom in a family house""",383534057,Odette,5,5,5,5,"Ottawa, Canada",t,2,t,Orleans,45.48523,-75.51675,Private room in guest suite,Private room,1,1.0,2.0,1.0,68.67,2026-07-06,2026-07-09,206.0,68.67,3.0,365.0,t,9,34,64,339,2026-06-24,95,13,19,2021-04-19,2026-03-12,4.83,4.92,4.87,4.88,4.84,4.78,1.51,2,1
626,47739629,2026-07-02,previous scrape,"Luxury 1 BDR + Den Condo for Rent, Downtown Ottawa",256749462,Shamar,7,2,5,5,"Ottawa, Canada",f,1,t,Somerset,45.42256,-75.69814,Entire condo,Entire home/apt,2,1.4,1.0,2.0,223.31,2026-07-02,2027-07-02,81509.0,223.31,365.0,1125.0,t,30,60,90,365,2026-07-02,0,0,0,10,10,4.8,4.8,4.9,4.9,4.8,4.7,1.8,1,1
627,47780977,2026-06-24,city scrape,Very large room for your comfort,250684929,Junot,7,3,5,6,"Neuchâtel, Switzerland",f,2,t,Gloucester-South Nepean,45.2696,-75.73187,Private room in home,Private room,2,1.4,2.0,1.0,207.46,2026-06-24,2026-07-24,6223.9,207.46,30.0,1125.0,t,30,60,90,365,2026-06-24,1,0,0,2021-01-24,2021-01-24,5.0,5.0,5.0,5.0,5.0,5.0,0.02,2,0
628,47795735,2026-06-24,city scrape,COZY BASEMENT PRIVATE,155791470,Badri,8,8,7,11,"Ottawa, Canada",f,3,t,Gloucester-Southgate,45.36718,-75.63249,Private room in home,Private room,2,1.5,2.0,2.0,66.56,2026-11-01,2026-12-01,1996.65,66.56,30.0,120.0,t,0,0,0,62,2026-06-24,16,0,0,2021-01-28,2022-03-18,4.75,4.94,4.81,4.63,4.69,4.75,0.24,3,0
629,47889732,2026-06-24,city scrape,"Skating on the Rideau Canal! Lovely, comfy suite!",318541362,Katie,6,6,5,7,"Ottawa, Canada",f,3,t,Rideau-Vanier,45.42643,-75.67699,Entire rental unit,Entire home/apt,5,1.0,2.0,3.0,107.23,2027-02-21,2027-03-23,3216.99,107.23,30.0,1125.0,t,8,11,11,134,2026-06-24,60,1,3,2021-01-28,2025-07-02,4.63,4.68,4.73,4.77,4.83,4.6,0.91,3,3
630,47913017,2026-06-24,city scrape,Stylish Studio Escape near Suya Palace w/ Terrace,38459934,Corporate Stays,10,11,10,10,"Montreal, Canada",f,152,f,Kitchissippi,45.40256,-75.72596,Entire rental unit,Entire home/apt,2,1.0,2.0,1.0,150.01,2026-07-11,2026-08-11,4650.23,150.01,31.0,1125.0,t,13,43,73,174,2026-06-24,2,1,1,2025-02-26,2026-03-28,5.0,5.0,4.5,5.0,5.0,5.0,0.12,11,11
631,48012003,2026-06-24,city scrape,Byward Market Ottawa Beautiful One Bedroom #6,266054606,Danielle,7,0,7,0,"Ottawa, Canada",t,5,t,Rideau-Vanier,45.43245,-75.69473,Entire rental unit,Entire home/apt,2,1.0,1.0,1.0,91.75,2026-06-24,2026-07-24,2752.64,91.75,30.0,1125.0,t,30,60,90,270,2026-06-24,35,2,3,2021-02-13,2026-05-18,4.86,4.86,4.82,4.86,4.94,4.8,0.54,5,5
632,48039633,2026-06-24,city scrape,Tiny Room Across Uottawa 5min walk Downtown,146743514,Frits,8,10,8,2,"Mexicali, Mexico",f,74,t,Rideau-Vanier,45.42275,-75.67852,Private room in condo,Private room,1,1.0,2.0,1.0,51.02,2026-06-24,2026-07-24,1530.63,51.02,30.0,1125.0,t,30,60,90,365,2026-06-24,2,0,0,2022-08-31,2023-10-31,5.0,5.0,5.0,5.0,5.0,5.0,0.04,28,0
633,48109407,2026-06-24,city scrape,Elegant Eco-Style Townhome in Kanata,727337287,Dmitry,0,7,0,7,"Ottawa, Canada",f,1,t,Kanata South,45.274505615234375,-75.8673324584961,Entire townhouse,Entire home/apt,5,1.5,3.0,3.0,153.16,2026-09-01,2026-10-02,4748.0,153.16,31.0,1125.0,t,0,0,21,296,2026-06-24,1,1,0,2026-04-26,2026-04-26,5.0,5.0,5.0,5.0,5.0,5.0,0.5,1,1
634,48133745,2026-06-24,city scrape,Modern & Private Downtown Getaway,368128583,Mathieu,5,9,5,0,"Ottawa, Canada",f,2,t,Rideau-Vanier,45.43495,-75.68884,Entire home,Entire home/apt,2,1.5,1.0,1.0,284.67,2026-07-09,2026-07-12,854.0,284.67,3.0,1125.0,t,10,24,46,222,2026-06-24,176,11,13,2021-06-14,2026-06-05,4.82,4.82,4.89,4.94,4.52,4.7,2.87,2,2
635,48153506,2026-06-24,city scrape,"Top Floor,  bright, beautiful view of downtown.",49022691,Carol,10,7,8,11,"Ottawa, Canada",t,7,t,Somerset,45.41528,-75.69389,Entire rental unit,Entire home/apt,2,1.0,1.0,1.0,103.27,2026-08-31,2026-09-30,3098.0,103.27,30.0,365.0,t,0,0,22,202,2026-06-24,70,2,2,2021-03-08,2026-03-31,4.8,4.89,4.91,4.9,4.89,4.76,1.09,5,5
636,48156768,2026-06-24,city scrape,Ensuite by the canal,265894547,Evelyne,7,0,5,4,"Ottawa, Canada",f,3,t,Capital,45.40421,-75.67541,Entire guest suite,Entire home/apt,2,1.0,2.0,1.0,184.0,2026-06-29,2026-07-01,368.0,184.0,1.0,1125.0,t,5,18,34,188,2026-06-24,396,47,70,2021-02-17,2026-06-01,4.82,4.88,4.93,4.95,4.87,4.81,6.08,3,2
637,48282735,2026-06-24,city scrape,Work remote in Luxury Furnished Smarthome,121926897,David,9,3,5,4,"Mississauga, Canada",f,2,t,River,45.34824,-75.66774,Private room in bed and breakfast,Private room,1,1.0,2.0,2.0,85.78,2026-06-24,2026-07-24,2573.52,85.78,30.0,1125.0,t,30,60,90,270,2026-06-24,4,0,0,2021-03-18,2021-05-24,4.75,4.25,4.25,4.5,4.25,4.0,0.06,2,0
638,48465422,2026-06-24,city scrape,"Cosy basement apartment Orleans, 20 min to Ottawa",391135320,Bruno,5,3,4,9,"Ottawa, Canada",f,1,t,Cumberland,45.46196,-75.47578,Entire guest suite,Entire home/apt,5,1.0,2.0,2.0,146.67,2026-11-22,2026-11-25,440.0,146.67,3.0,75.0,t,0,0,0,29,2026-06-24,42,0,0,2021-11-30,2024-10-01,4.57,4.79,4.83,4.76,4.81,4.62,0.76,1,1
639,48488158,2026-06-24,city scrape,Cozy & Peaceful Private Master Bedroom,391296979,Odenie,5,3,5,3,"Ottawa, Canada",t,1,t,Gloucester-South Nepean,45.26965,-75.73339,Private room in home,Private room,2,1.0,2.0,1.0,96.0,2026-06-30,2026-07-01,96.0,96.0,1.0,1125.0,t,15,36,66,66,2026-06-24,337,62,46,2021-03-07,2026-06-21,4.88,4.93,4.91,4.82,4.79,4.89,5.22,1,0
640,48560241,2026-06-24,city scrape,"Luxury Home with HOT TUB, Gazebo & Outdoor Shower",391796996,Alden,5,3,5,2,"Ottawa, Canada",t,1,t,Gloucester-Southgate,45.37149,-75.62171,Entire home,Entire home/apt,4,1.5,2.0,2.0,482.5,2026-06-29,2026-07-01,965.0,482.5,2.0,1125.0,t,9,34,46,50,2026-06-24,90,16,14,2021-05-16,2026-06-21,4.94,4.96,4.98,4.98,4.68,4.8,1.45,1,1
641,48630930,2026-06-24,city scrape,Home Away from Home w swimming pool,16029536,Korosh,12,0,5,11,"Ottawa, Canada",f,11,t,Beacon Hill-Cyrville,45.42303,-75.60592,Entire home,Entire home/apt,8,1.4,4.0,5.0,906.0,2026-06-29,2026-07-03,3624.0,906.0,4.0,1125.0,t,26,56,65,65,2026-06-24,140,4,18,2021-04-02,2025-11-09,4.84,4.84,4.96,4.96,4.84,4.76,2.2,7,6
642,48661104,2026-06-24,city scrape,The Park,99500083,Westhaven,9,8,9,8,"Ottawa, Canada",t,6,t,River,45.38224,-75.72607,Entire rental unit,Entire home/apt,6,1.0,3.0,3.0,104.27,2026-08-04,2026-09-03,3128.16,104.27,30.0,730.0,t,2,21,51,326,2026-06-24,79,1,2,2021-03-21,2025-11-10,4.04,4.41,4.65,4.53,4.37,4.29,1.23,6,6
643,48679085,2026-06-24,city scrape,Lovely bright bedroom just 5 mins from the airport,376341636,Clemence,5,7,5,3,"Ottawa, Canada",f,1,t,Gloucester-Southgate,45.34405,-75.62069,Private room in townhouse,Private room,2,1.0,1.0,1.0,62.93,2026-06-25,2026-07-25,1887.8,62.93,30.0,730.0,t,29,59,89,89,2026-06-24,31,4,4,2021-03-20,2025-09-28,4.87,4.94,4.9,4.87,4.81,4.74,0.48,1,0
644,48769649,2026-06-24,city scrape,"Private, Very Secure,  Comfortable Reputable Suite",43505776,AJay,10,9,9,3,"Ottawa, Canada",t,1,t,Gloucester-South Nepean,45.26322,-75.69654,Private room in townhouse,Private room,2,1.0,2.0,1.0,102.0,2026-06-30,2026-07-02,204.0,102.0,2.0,1125.0,t,22,49,79,354,2026-06-24,219,37,39,2021-10-03,2026-06-15,4.93,4.93,4.98,4.96,4.86,4.9,3.81,1,0
645,48958917,2026-06-24,city scrape,Private guest suite w/ Extra Wide Parking,110086042,Marthusha,9,5,5,11,"Ottawa, Canada",f,2,t,Beacon Hill-Cyrville,45.42189,-75.61141,Entire home,Entire home/apt,2,1.0,1.0,3.0,178.27,2026-06-24,2026-07-24,5348.06,178.27,30.0,1125.0,t,30,60,90,180,2026-06-24,58,6,6,2021-04-28,2026-06-21,4.59,4.67,4.9,4.86,4.78,4.53,0.92,1,1
646,48961641,2026-07-02,previous scrape,Fully Equipped Studio in Byward Market,52445814,Michaele,10,6,6,7,"Ottawa, Canada",f,2,t,Rideau-Vanier,45.42819,-75.68944,Entire rental unit,Entire home/apt,2,1.4,2.0,2.0,173.3,0000-00-00,"""0000-00-00""",2246.7,173.3,30.0,90.0,t,0,0,0,0,2026-07-02,289,0,0,2021-04-10,2024-08-30,4.69,4.76,4.87,4.92,4.7,4.6,4.54,2,2
647,49015939,2026-06-24,city scrape,Room Across UOttawa University 3Min Walk Train,146743514,Frits,8,10,8,2,"Mexicali, Mexico",f,74,t,Rideau-Vanier,45.42362,-75.67835,Private room in rental unit,Private room,1,1.0,2.0,1.0,57.73,2026-06-24,2026-07-24,1731.96,57.73,30.0,1125.0,t,30,60,90,365,2026-06-24,8,0,0,2021-07-21,2023-09-22,4.0,4.0,4.0,4.25,4.75,3.88,0.13,28,0
648,49017287,2026-06-24,city scrape,Top Floor Corner Unit Overlooking Downtown Ottawa,49022691,Carol,10,7,8,11,"Ottawa, Canada",t,7,t,Somerset,45.41633,-75.69423,Entire rental unit,Entire home/apt,2,1.0,1.0,2.0,108.8,2026-08-29,2026-09-28,3264.0,108.8,30.0,365.0,t,0,0,24,204,2026-06-24,52,1,0,2021-05-03,2026-01-13,4.77,4.83,4.98,4.94,4.85,4.79,0.83,5,5
649,49094384,2026-06-24,city scrape,"Bright, Main Level Apartment with Large Deck",243989772,Remote Host,7,4,7,3,"Ottawa, Canada",f,2,t,Somerset,45.40884,-75.69594,Entire rental unit,Entire home/apt,2,1.0,1.0,1.0,99.7,2026-06-28,2026-07-28,2991.0,99.7,14.0,1125.0,t,26,56,86,276,2026-06-24,49,0,0,2021-10-24,2024-01-02,4.59,4.84,4.37,4.69,4.67,4.49,0.86,2,2
650,49125161,2026-06-24,city scrape,Cozy Island View Cottage on the Ottawa River,3858314,Jonathan,13,8,5,1,"Encinitas, CA",f,1,f,West Carleton-March,45.51286,-76.15209,Entire cottage,Entire home/apt,6,1.0,3.0,3.0,228.14,2026-07-01,2026-07-08,1597.0,228.14,7.0,21.0,t,12,15,17,127,2026-06-24,18,4,3,2021-06-24,2026-05-23,5.0,4.89,5.0,4.94,4.83,4.78,0.3,1,1
651,49438338,2026-06-24,city scrape,Newly Renovated - Boutique Stay in Downtown Ottawa,268328348,Jon,7,0,2,9,"Ottawa, Canada",t,1,t,Somerset,45.41341,-75.69922,Entire rental unit,Entire home/apt,4,1.0,1.0,2.0,129.42,2026-09-12,2026-10-12,3882.68,129.42,30.0,1125.0,t,8,8,18,198,2026-06-24,8,1,1,2023-12-09,2026-06-20,5.0,5.0,5.0,5.0,5.0,4.75,0.26,1,1
652,49677629,2026-07-02,previous scrape,Cheerful & Clean Double Bed Room,400665088,Ritu,5,1,4,5,"Ottawa, Canada",t,4,t,Alta Vista,45.39403,-75.61245,Private room in home,Private room,1,1.4,2.0,2.0,173.3,0000-00-00,"""0000-00-00""",2246.7,173.3,30.0,30.0,t,0,0,29,29,2026-07-02,25,5,1,2022-01-25,2026-05-16,4.96,5.0,4.88,4.92,4.84,4.84,0.46,4,0
653,49727685,2026-06-24,city scrape,Victorian Room  3Min Walk UOttawa Train Station,146743514,Frits,8,10,8,2,"Mexicali, Mexico",f,74,t,Rideau-Vanier,45.42256,-75.68045,Private room in rental unit,Private room,1,1.0,2.0,1.0,76.53,2026-06-24,2026-07-24,2296.0,76.53,30.0,1125.0,t,30,60,90,365,2026-06-24,0,0,0,10,10,4.8,4.8,4.9,4.9,4.8,4.7,1.8,28,0
654,49886548,2026-06-24,city scrape,Luxury Two Bedroom Suite ★ Steps from Parliament ★,402300255,ReStays Host Concierge,5,1,5,1,"Ottawa, Canada",t,4,t,Somerset,45.422287,-75.697861,Room in boutique hotel,Private room,4,2.0,2.0,2.0,455.0,2026-07-04,2026-07-05,455.0,455.0,1.0,2147483647.0,t,8,26,53,328,2026-06-24,71,28,20,2022-01-30,2026-05-31,4.9,4.9,4.9,4.83,4.99,4.69,1.33,4,0
655,49898970,2026-06-24,city scrape,Newly Renovated 2 BDRM with Parking,7354245,Lisa,12,11,12,10,"Ontario, Canada",t,29,t,Bay,45.3617,-75.78557,Entire guesthouse,Entire home/apt,2,1.0,2.0,2.0,108.88,2026-08-31,2026-09-30,3266.54,108.88,30.0,1125.0,t,0,0,22,297,2026-06-24,15,1,2,2021-08-19,2026-03-31,4.47,4.4,4.93,4.87,4.8,4.33,0.25,20,20
656,50042658,2026-06-24,city scrape,Beautiful Modern 3BD Main Floor Suite,5633517,Natalie,13,2,12,9,"Ottawa, Canada",f,1,t,River,45.36961,-75.70788,Entire home,Entire home/apt,5,1.0,3.0,3.0,142.98,2026-09-24,2026-10-24,4289.31,142.98,30.0,1125.0,t,1,12,12,134,2026-06-24,17,1,1,2021-08-03,2025-12-14,4.76,4.88,5.0,4.94,4.82,4.76,0.29,1,1
657,50258990,2026-06-24,city scrape,Charming Cabin on the Heritage World Rideau River,76448976,Janet,10,0,5,0,"Kemptville, Canada",f,1,t,Rideau-Goulbourn,45.0187,-75.7338,Entire place,Entire home/apt,4,1.4,1.0,2.0,167.03,2026-06-25,2026-07-25,5011.0,167.03,30.0,30.0,t,29,59,89,179,2026-06-24,1,0,0,2021-07-25,2021-07-25,5.0,4.0,4.0,5.0,5.0,5.0,0.02,1,1
658,50343693,2026-06-24,city scrape,Thousand Owls Estate - your resort oasis in Ottawa,81174645,Erin,9,11,5,0,"Ottawa, Canada",f,1,t,Cumberland,45.51079,-75.32706,Entire home,Entire home/apt,16,6.0,6.0,10.0,1284.0,2026-06-27,2026-07-01,5136.0,1284.0,2.0,1125.0,t,7,16,33,256,2026-06-24,88,9,9,2021-07-15,2026-06-14,4.78,4.73,4.98,4.91,4.85,4.69,1.46,1,1
659,50457377,2026-06-24,city scrape,Chic 3BR Unit in DT Ottawa Sandyhill w/ Parking,151106513,Jaybird,8,9,8,9,"Ottawa, Canada",f,3,t,Rideau-Vanier,45.42793282670393,-75.67918663769392,Entire rental unit,Entire home/apt,6,1.0,3.0,3.0,299.0,2026-06-29,2026-07-01,598.0,299.0,1.0,1125.0,t,15,33,38,38,2026-06-24,106,2,1,2021-08-06,2026-06-09,4.7,4.74,4.84,4.68,4.8,4.56,1.78,1,1
660,50549838,2026-06-24,city scrape,Lovely brand new 1-bedroom condo styled complex,86603239,Alysha,9,10,5,0,"Ottawa, Canada",f,1,t,Rideau-Vanier,45.43415,-75.67088,Entire rental unit,Entire home/apt,3,1.0,1.0,1.0,89.74,2026-06-26,2026-07-26,2692.21,89.74,30.0,240.0,t,28,58,88,88,2026-06-24,10,0,0,2021-07-14,2023-10-02,4.6,4.8,4.7,4.8,4.6,4.4,0.17,1,1
661,50743941,2026-06-24,city scrape,Reg’s Place,191883586,Reg,8,0,4,11,"Ottawa, Canada",t,1,t,Bay,45.3587532043457,-75.7890625,Entire guest suite,Entire home/apt,3,1.0,2.0,2.0,223.25,2026-08-04,2026-08-08,893.0,223.25,4.0,1125.0,t,9,23,29,167,2026-06-24,186,31,36,2021-07-21,2026-06-22,4.96,4.97,4.98,4.97,4.94,4.94,3.1,1,1
662,50786356,2026-06-24,city scrape,Waterfront  Beach Cottage in Constance Bay Ottawa,410449802,Dongmei,4,11,4,11,"Ottawa, Canada",t,1,t,West Carleton-March,45.50116,-76.08129,Entire cottage,Entire home/apt,4,1.0,2.0,4.0,472.0,2026-06-24,2026-06-26,944.0,472.0,2.0,30.0,t,12,31,61,336,2026-06-24,35,9,6,2021-07-18,2026-06-10,4.6,4.51,4.86,4.74,4.83,4.29,0.58,1,1
663,50788134,2026-06-24,city scrape,103 Acre Woods Marlborough Forest The Cedars,96405442,Meg,9,9,4,11,"Ottawa, Canada",f,2,t,Rideau-Goulbourn,45.01358,-75.83895,Campsite,Entire home/apt,5,0.5,2.0,2.0,52.0,2026-07-04,2026-08-03,1560.0,52.0,30.0,365.0,t,26,56,86,361,2026-06-24,4,0,0,2021-08-09,2021-10-10,5.0,5.0,5.0,5.0,4.75,5.0,0.07,2,2
664,50788878,2026-06-24,city scrape,103 Acre Woods Marlborough Forest 103 Paces,96405442,Meg,9,9,4,11,"Ottawa, Canada",f,2,t,Rideau-Goulbourn,45.01226,-75.84083,Campsite,Entire home/apt,5,0.5,2.0,2.0,52.0,2026-07-04,2026-08-03,1560.0,52.0,30.0,365.0,t,28,58,88,363,2026-06-24,11,0,0,2021-07-31,2022-06-30,5.0,5.0,5.0,5.0,5.0,5.0,0.18,2,2
665,51020215,2026-06-24,city scrape,Beautiful Oasis with Great Amenities in Orleans,1983305,Matt,14,3,3,2,"Ottawa, Canada",t,1,t,Cumberland,45.46613,-75.49391,Entire home,Entire home/apt,6,2.0,3.0,6.0,375.67,2026-07-06,2026-07-09,1127.0,375.67,3.0,10.0,t,11,32,62,62,2026-06-24,19,10,10,2024-07-05,2025-10-25,4.89,4.95,5.0,5.0,4.95,4.84,0.79,1,1
666,51161401,2026-06-24,city scrape,Tiny Tiny Room 3Min Walk UOttawa Train Station,146743514,Frits,8,10,8,2,"Mexicali, Mexico",f,74,t,Rideau-Vanier,45.42324,-75.68,Private room in rental unit,Private room,1,1.0,2.0,1.0,61.93,2026-06-24,2026-07-24,1858.0,61.93,30.0,1125.0,t,30,60,90,365,2026-06-24,5,0,0,2021-09-15,2022-09-16,3.6,3.0,3.4,3.4,4.0,3.4,0.09,28,0
667,51209256,2026-06-24,city scrape,Cozy and comfy one bedroom with parking,7354245,Lisa,12,11,12,10,"Ontario, Canada",t,29,t,Rideau-Rockcliffe,45.42604,-75.65634,Entire rental unit,Entire home/apt,3,1.0,1.0,2.0,93.66,2026-06-24,2026-07-25,2903.46,93.66,31.0,1125.0,t,30,60,73,320,2026-06-24,8,0,1,2021-08-27,2025-04-30,4.5,4.38,4.88,4.63,4.25,3.5,0.14,20,20
668,51228917,2026-06-24,city scrape,Clean & Cozy Condo w/ Fast WI-FI & Disney+,210950090,Byron,7,10,3,6,"Zapopan, Mexico",f,1,t,Rideau-Rockcliffe,45.45138,-75.62993,Entire home,Entire home/apt,4,1.0,2.0,3.0,284.16,2026-07-19,2026-07-21,568.31,284.16,2.0,1125.0,t,6,17,29,296,2026-06-24,176,49,54,2023-02-05,2026-06-16,4.99,4.97,4.98,4.99,4.85,4.92,4.27,1,1
669,51287458,2026-06-24,city scrape,Great Location in the Glebe - 3 Bed Apt w/ Parking,47266372,Christopher,10,8,4,10,"Ottawa, Canada",t,1,t,Capital,45.40991,-75.686,Entire rental unit,Entire home/apt,6,1.0,3.0,3.0,441.5,2026-08-21,2026-08-23,883.0,441.5,2.0,1125.0,t,2,8,20,255,2026-06-24,376,83,75,2021-10-01,2026-06-22,4.95,4.97,4.99,4.99,4.95,4.92,6.53,1,1
670,51368934,2026-06-24,city scrape,Double Room infront of UOttawa 8Min Walk Downtown,146743514,Frits,8,10,8,2,"Mexicali, Mexico",f,74,t,Rideau-Vanier,45.42391,-75.67854,Private room in rental unit,Private room,1,2.0,2.0,1.0,91.33,2026-06-24,2026-07-24,2739.77,91.33,30.0,1125.0,t,30,60,90,365,2026-06-24,0,0,0,10,10,4.8,4.8,4.9,4.9,4.8,4.7,1.8,28,0
671,51451229,2026-06-24,city scrape,Home sweet home! ( 1 bedroom + 1 ),153447528,Lomega,8,8,4,10,"Ottawa, Canada",f,1,t,Innes,45.42765,-75.52439,Entire guest suite,Entire home/apt,2,1.5,2.0,1.0,132.83,2026-06-24,2026-07-24,3984.89,132.83,30.0,365.0,t,30,60,90,90,2026-06-24,32,0,0,2021-08-08,2023-07-04,4.81,4.94,4.94,4.94,4.81,4.91,0.54,1,1
672,51471609,2026-06-24,city scrape,5 bedroom house in trendy Westboro - Monthly,292902845,Ali,6,9,4,10,"Ottawa, Canada",f,2,t,Kitchissippi,45.38519,-75.7489,Entire home,Entire home/apt,6,3.5,5.0,5.0,259.94,2026-11-01,2026-12-01,7798.33,259.94,30.0,365.0,t,0,0,0,235,2026-06-24,37,0,0,2021-09-26,2024-09-29,4.92,4.97,5.0,4.97,4.92,4.78,0.64,2,2
673,51508868,2026-07-02,previous scrape,Heart of downtown walking distance to Parliament4,79847570,May,9,11,9,6,Canada,t,4,t,Rideau-Vanier,45.43095,-75.69581,Entire rental unit,Entire home/apt,4,1.4,1.0,2.0,151.14,2026-07-09,2026-07-19,1511.35,151.14,1.0,250.0,t,23,53,83,353,2026-07-02,72,1,4,2021-09-03,2026-05-24,4.72,4.65,4.9,4.88,4.94,4.54,1.22,5,5
674,51511213,2026-06-24,city scrape,1 Guest for Shared Furn’d 3Bedr. Apt 5min to Ott.U,34602819,Christine,11,0,11,0,"Ottawa, Canada",t,13,t,Rideau-Vanier,45.42706,-75.67646,Private room in rental unit,Private room,1,1.0,2.0,1.0,49.21,2026-07-15,2026-08-14,1476.19,49.21,30.0,1125.0,t,9,39,42,225,2026-06-24,16,2,1,2022-02-26,2026-05-17,4.81,4.69,4.81,4.81,4.88,4.5,0.3,13,3
675,51534503,2026-06-24,city scrape,Lovely - 1 bedroom apartment unit in Ottawa,417479317,Mike,4,10,4,10,"Ottawa, Canada",t,1,t,College,45.35775,-75.74151,Entire rental unit,Entire home/apt,2,1.0,1.0,1.0,95.9,2027-03-01,2027-03-31,2877.0,95.9,30.0,1125.0,t,0,0,0,115,2026-06-24,127,4,14,2021-08-15,2025-12-20,4.91,4.93,4.94,4.92,4.91,4.89,2.15,1,1
676,51538123,2026-06-24,city scrape,"Stunning 2 bed, 2 bath by the General Hospital",85297148,Short And Suite BnB,9,11,9,4,"Ottawa, Canada",t,51,t,Alta Vista,45.40223,-75.64431,Entire condo,Entire home/apt,3,2.0,2.0,2.0,191.55,2026-07-25,2026-08-24,5746.59,191.55,30.0,365.0,t,0,29,33,87,2026-06-24,15,0,2,2021-08-29,2025-06-01,4.4,4.47,4.6,4.2,4.87,4.4,0.26,28,28
677,51551691,2026-06-24,city scrape,1 Guest/ Furn’d Shared 3-4 Bedr Apt. 5 min Ott. U.,34602819,Christine,11,0,11,0,"Ottawa, Canada",t,13,t,Rideau-Vanier,45.42609,-75.67651,Private room in rental unit,Private room,1,1.5,2.0,1.0,49.21,2026-09-09,2026-10-09,1476.19,49.21,30.0,365.0,t,0,0,13,288,2026-06-24,14,3,3,2021-12-22,2026-05-02,4.86,4.71,4.79,4.79,4.93,4.57,0.26,13,3
678,51554175,2026-06-24,city scrape,"Downtown By Beechwood Village - Relax, Walk, Shop",67179584,Ike,10,2,10,2,Canada,t,4,t,Rideau-Vanier,45.44081,-75.6642,Entire rental unit,Entire home/apt,4,1.0,2.0,2.0,133.37,2026-09-09,2026-10-09,4001.04,133.37,30.0,730.0,t,11,17,30,305,2026-06-24,23,12,9,2022-04-30,2026-06-12,4.74,4.57,4.87,4.87,4.74,4.52,0.45,4,4
679,51562498,2026-07-02,previous scrape,Private Bedroom with a Private Bathroom,147189902,Sharmilee,8,10,5,8,"Ottawa, Canada",f,2,t,Barrhaven,45.25509,-75.73898,Private room in home,Private room,1,1.4,2.0,2.0,13.98,2026-07-02,2026-10-30,1678.0,13.98,120.0,1125.0,t,30,60,90,365,2026-07-02,0,0,0,10,10,4.8,4.8,4.9,4.9,4.8,4.7,1.8,2,1
680,51565431,2026-06-24,city scrape,1 Guest for Immacul. Furn'd 3-4 Bedrms. Shared Apt,34602819,Christine,11,0,11,0,"Ottawa, Canada",t,13,t,Rideau-Vanier,45.42493,-75.67744,Private room in rental unit,Private room,1,1.5,2.0,1.0,46.07,2026-12-23,2027-01-22,1382.17,46.07,30.0,365.0,t,0,4,4,187,2026-06-24,13,1,2,2021-10-08,2025-09-14,4.54,4.31,4.85,4.62,4.92,4.23,0.23,13,3
681,51587081,2026-06-24,city scrape,New 3 BDRM Spacious & Modern Townhome with Yard,7354245,Lisa,12,11,12,10,"Ontario, Canada",t,29,t,Gloucester-South Nepean,45.25837,-75.69649,Entire townhouse,Entire home/apt,7,3.5,3.0,4.0,261.84,2026-09-15,2026-10-16,8117.03,261.84,31.0,1125.0,t,0,4,11,286,2026-06-24,16,2,1,2021-10-17,2026-03-01,4.88,4.94,4.94,5.0,4.88,4.69,0.28,20,20
682,51598311,2026-06-24,city scrape,Modern 1 bedroom | Walk to Parliament,4726491,Majella,13,5,10,0,"Ottawa, Canada",f,1,t,Rideau-Vanier,45.43098,-75.698,Entire rental unit,Entire home/apt,2,1.0,1.0,1.0,105.65,2026-07-13,2026-08-12,3169.42,105.65,30.0,1125.0,t,11,41,47,230,2026-06-24,27,3,3,2021-09-13,2025-10-31,4.93,4.93,4.96,4.93,4.89,4.7,0.46,1,1
683,51621361,2026-06-24,city scrape,1 Bedroom Suite in Great Location,144893923,Ahmed,8,10,4,10,"Ottawa, Canada",f,4,t,Gloucester-South Nepean,45.32142,-75.61001,Entire guest suite,Entire home/apt,2,1.0,1.0,1.0,110.08,2026-08-01,2026-08-31,3302.38,110.08,30.0,1125.0,t,0,22,52,327,2026-06-24,11,1,2,2021-08-22,2025-11-02,4.91,4.91,5.0,5.0,4.73,4.73,0.19,2,2
684,51641789,2026-06-24,city scrape,"Happy Loving Peaceful Brand-new Space, find yo Zen",237272866,Thurka,7,5,4,10,"Toronto, Canada",f,1,t,Rideau-Goulbourn,45.26541,-75.88279,Private room in townhouse,Private room,2,1.5,2.0,2.0,77.92,2026-08-01,2026-08-31,2337.57,77.92,30.0,1125.0,t,6,28,58,238,2026-06-24,28,2,2,2021-08-15,2026-05-25,4.68,4.64,4.86,4.68,4.75,4.57,0.47,1,0
685,51665581,2026-06-24,city scrape,Newly furnished 4-Bedroom Apt. Downtown Ottawa,12350114,Eve,12,4,1,2,"Ottawa, Canada",t,1,t,Rideau-Vanier,45.43218,-75.6738,Entire guest suite,Entire home/apt,4,1.0,4.0,4.0,278.5,2026-07-29,2026-07-31,557.0,278.5,2.0,365.0,t,1,10,17,168,2026-06-24,71,61,47,2025-04-20,2026-06-20,4.93,4.92,5.0,4.97,4.87,4.92,4.94,1,1
686,51665908,2026-06-24,city scrape,Ottawa queen sized bed,418571122,Vertibel,4,10,4,10,"Ottawa, Canada",f,1,t,Cumberland,45.45675,-75.47289,Private room in home,Private room,2,1.5,2.0,1.0,116.1,2026-06-24,2026-07-24,3483.0,116.1,30.0,1125.0,t,30,60,90,365,2026-06-24,6,0,0,2021-08-22,2021-10-10,4.83,4.83,4.83,4.67,4.83,4.83,0.1,1,0
687,51689887,2026-07-02,previous scrape,2 Floor Luxury Loft | 1 Bdrm/1.5 Bath | The Scandi,29245507,Amanda,11,3,4,0,"San Francisco, CA",f,1,t,Somerset,45.41451,-75.70298,Entire condo,Entire home/apt,2,1.4,1.0,2.0,173.3,2026-08-17,2026-09-16,2246.7,173.3,30.0,365.0,t,0,14,44,227,2026-07-02,1,0,0,2022-06-09,2022-06-09,5.0,5.0,5.0,5.0,5.0,5.0,0.02,1,1
688,51754522,2026-06-24,city scrape,Comfortable 3-Bdrm with HotTub & Private Entrance,263231820,Mohsen,7,1,4,9,"Ottawa, Canada",f,1,t,Knoxdale-Merivale,45.36139,-75.71215,Entire guest suite,Entire home/apt,6,1.0,3.0,3.0,119.1,2026-07-12,2026-08-11,3573.0,119.1,30.0,1125.0,t,12,42,72,252,2026-06-24,278,15,37,2021-09-12,2025-10-25,4.72,4.79,4.89,4.9,4.7,4.72,4.77,1,1
689,51832082,2026-07-02,previous scrape,Large Room Across UOttawa 10Min Walk To Parliament,146743514,Frits,8,10,8,2,"Mexicali, Mexico",f,74,t,Rideau-Vanier,45.42245,-75.6805,Private room in rental unit,Private room,1,1.4,2.0,2.0,18.5,2026-07-02,2026-09-30,1665.39,18.5,90.0,1125.0,t,30,60,90,365,2026-07-02,2,0,0,2022-08-01,2023-10-07,3.0,3.5,4.0,3.5,3.5,3.0,0.04,28,0
690,51902351,2026-07-02,previous scrape,"Private room in Orleans townhouse - clean, quiet",8812197,Lili,12,9,7,11,"Ottawa, Canada",f,4,t,Orleans,45.48444,-75.48513,Private room in townhouse,Private room,1,1.4,2.0,2.0,173.3,0000-00-00,"""0000-00-00""",2246.7,173.3,30.0,500.0,t,0,0,0,0,2026-07-02,35,0,0,2022-01-12,2024-06-23,4.86,4.89,4.91,4.91,4.89,4.94,0.64,3,1
691,51918722,2026-06-24,city scrape,Home Get-Away Stay,418473146,Andrew,4,10,2,7,"Ottawa, Canada",f,2,t,Gloucester-South Nepean,45.32008,-75.60653,Entire home,Entire home/apt,4,1.4,2.0,3.0,181.0,2026-07-11,2026-07-12,181.0,181.0,1.0,365.0,t,6,23,50,325,2026-06-24,86,40,31,2023-12-05,2026-06-21,4.63,4.63,4.76,4.86,4.76,4.6,2.77,1,1
692,51930604,2026-06-24,city scrape,Downtown Ottawa queen suite located in the market,370453124,Olivier,5,8,4,8,"Ottawa, Canada",f,1,t,Rideau-Vanier,45.43009,-75.68855,Entire condo,Entire home/apt,2,1.0,1.0,1.0,91.28,2026-06-24,2026-07-24,2738.45,91.28,30.0,60.0,t,30,60,90,180,2026-06-24,40,0,0,2021-10-03,2022-09-22,4.2,4.53,4.3,4.25,4.8,4.38,0.7,1,1
693,51954381,2026-06-24,city scrape,Huge Room 10Min Walk  Parliament/3Min Walk UOttawa,146743514,Frits,8,10,8,2,"Mexicali, Mexico",f,74,t,Rideau-Vanier,45.42467,-75.68108,Private room in rental unit,Private room,1,1.0,2.0,1.0,100.23,2026-06-24,2026-07-24,3007.0,100.23,30.0,1125.0,t,30,60,90,365,2026-06-24,1,0,0,2021-12-22,2021-12-22,1.0,1.0,1.0,1.0,2.0,1.0,0.02,28,0
694,51961737,2026-07-02,previous scrape,Cozy Private Bedroom!,66819187,Suhail,10,2,9,3,"Ottawa, Canada",f,3,t,Barrhaven,45.24567,-75.73891,Private room in townhouse,Private room,1,1.4,2.0,2.0,173.3,0000-00-00,"""0000-00-00""",2246.7,173.3,30.0,1125.0,t,0,0,0,0,2026-07-02,19,0,1,2021-12-05,2025-05-16,4.05,4.47,4.11,4.16,4.05,4.37,0.34,3,0
695,52004237,2026-06-24,city scrape,The Mustard Den : 10mins airport 23mins DT,224889769,Eddy,7,7,4,5,"Ottawa, Canada",t,10,t,Osgoode,45.30645,-75.5914,Entire townhouse,Entire home/apt,6,2.5,3.0,5.0,704.5,2026-07-31,2026-08-02,1409.0,704.5,2.0,1125.0,t,0,23,53,53,2026-06-24,89,0,1,2022-01-28,2025-01-10,4.97,4.98,4.99,4.99,4.82,4.9,1.66,7,7
696,52025047,2026-06-24,city scrape,Your  Home in Ottawa,40152886,Assma,10,10,9,0,"Ottawa, Canada",f,1,t,Orleans,45.49211,-75.47215,Entire home,Entire home/apt,4,3.5,4.0,4.0,608.4,2026-06-25,2026-07-25,18252.0,608.4,30.0,1125.0,t,29,59,89,364,2026-06-24,0,0,0,10,10,4.8,4.8,4.9,4.9,4.8,4.7,1.8,1,1
697,52057659,2026-06-24,city scrape,Room with Queen bed near airport/South Keys Metro,9319196,Daniel,12,8,9,11,"Ottawa, Canada",t,2,t,River,45.3505,-75.65774,Private room in home,Private room,1,1.5,1.0,2.0,38.0,2026-07-01,2026-07-31,1140.0,38.0,30.0,365.0,t,23,53,83,358,2026-06-24,24,2,1,2021-09-07,2026-04-26,4.88,4.88,4.92,4.88,4.75,4.83,0.41,2,0
698,52062727,2026-07-02,previous scrape,Double Room Across UOttawa/Walk To Parliament,146743514,Frits,8,10,8,2,"Mexicali, Mexico",f,74,t,Rideau-Vanier,45.42402,-75.68051,Private room in rental unit,Private room,1,1.4,2.0,2.0,19.3,2026-07-02,2026-09-30,1737.21,19.3,90.0,1125.0,t,30,60,90,365,2026-07-02,6,0,0,2021-10-29,2023-11-01,4.83,4.67,4.5,4.67,4.83,4.67,0.11,28,0
699,52153477,2026-06-24,city scrape,ONE BEDROOM UNIT 5Min Drive from DT!,172952472,Jean,8,4,4,9,"Ottawa, Canada",f,1,t,Rideau-Vanier,45.4365,-75.66331,Entire rental unit,Entire home/apt,3,1.0,1.0,1.0,83.81,2026-07-31,2026-08-30,2514.34,83.81,30.0,365.0,t,0,23,53,143,2026-06-24,7,1,1,2022-01-01,2025-07-31,4.29,4.29,4.57,5.0,4.71,4.29,0.13,1,1
700,52215116,2026-06-24,city scrape,3 bedroom unit- detached house- NRC-Blair- quiet,1959431,Paul,14,3,11,9,"Ottawa, Canada",f,13,t,Rideau-Rockcliffe,45.43905,-75.62034,Entire home,Entire home/apt,4,1.0,3.0,3.0,99.92,2026-06-26,2026-07-26,2997.74,99.92,30.0,1125.0,t,28,58,88,363,2026-06-24,1,0,0,2023-10-05,2023-10-05,5.0,5.0,5.0,5.0,5.0,5.0,0.03,13,7
701,52253949,2026-06-24,city scrape,"1-bedroom entire basement unit, separate entrance",46509945,Jennifer,10,8,4,6,"Ottawa, Canada",f,1,t,Knoxdale-Merivale,45.32871,-75.75295,Entire home,Entire home/apt,2,1.0,1.0,1.0,70.98,2026-08-07,2026-09-06,2129.39,70.98,30.0,150.0,t,0,16,30,216,2026-06-24,25,0,2,2021-12-18,2025-04-27,4.96,5.0,5.0,5.0,4.84,4.8,0.45,1,1
702,52254575,2026-06-24,city scrape,Capital Getaway - Downtown 2 Bedroom apt w/Parking,417953682,Joan,4,10,4,9,"Ottawa, Canada",t,4,t,Somerset,45.40895462036133,-75.69984436035156,Entire rental unit,Entire home/apt,4,1.0,2.0,2.0,261.0,2026-07-28,2026-07-30,522.0,261.0,2.0,180.0,t,4,9,19,178,2026-06-24,129,45,35,2022-07-31,2026-06-13,4.83,4.88,4.93,4.89,4.84,4.74,2.72,3,3
703,52255725,2026-06-24,city scrape,Private Nest Getaway - Very Large Studio Apartment,417953682,Joan,4,10,4,9,"Ottawa, Canada",t,4,t,Somerset,45.408924,-75.69973,Entire rental unit,Entire home/apt,2,1.0,2.0,1.0,114.06,2026-06-25,2026-07-26,3536.0,114.06,31.0,1125.0,t,29,46,76,256,2026-06-24,104,2,1,2021-09-24,2026-05-19,4.86,4.88,4.95,4.91,4.89,4.82,1.8,3,3
704,52280592,2026-06-24,city scrape,Perfect location 2 bedrooms with Parking and wifi,287812491,Sam Al,6,10,5,0,"Ottawa, Canada",t,1,t,Kitchissippi,45.403019,-75.727394,Entire rental unit,Entire home/apt,4,1.0,2.0,2.0,265.0,2026-06-25,2026-06-26,265.0,265.0,1.0,730.0,t,2,5,10,134,2026-06-24,246,69,68,2021-10-04,2026-06-23,4.8,4.83,4.92,4.87,4.83,4.76,4.28,1,1
705,52334589,2026-06-24,city scrape,"Lovely, bright space in vibrant Hintonburg",8530030,Lacey,12,9,4,9,"Ottawa, Canada",f,1,t,Kitchissippi,45.40016,-75.7266,Entire rental unit,Entire home/apt,2,1.0,2.0,1.0,106.13,2026-09-02,2026-10-02,3183.8,106.13,8.0,90.0,t,2,4,24,114,2026-06-24,36,3,5,2021-10-13,2025-12-05,5.0,5.0,5.0,5.0,4.97,5.0,0.63,1,1
706,52390106,2026-06-24,city scrape,Entire house ! 3 Bedr  w Balcony,281757470,Goump,6,10,4,9,Canada,f,1,t,Barrhaven,45.25059,-75.7516,Entire home,Entire home/apt,6,1.5,3.0,3.0,189.54,2026-07-07,2026-08-07,5875.79,189.54,31.0,1125.0,t,18,48,78,353,2026-06-24,13,0,0,2021-09-26,2023-12-31,4.69,4.77,4.77,4.77,4.46,4.62,0.23,1,1
707,52422568,2026-06-24,city scrape,Quiet and country room in a private domaine,424312734,Nola,4,9,4,8,"Ottawa, Canada",f,1,t,Osgoode,45.27249,-75.50432,Private room in home,Private room,2,1.5,2.0,2.0,85.3,2026-06-24,2026-07-24,2559.0,85.3,30.0,31.0,t,30,60,90,90,2026-06-24,6,0,0,2021-11-06,2022-06-25,4.17,4.67,4.17,4.33,4.0,4.17,0.11,1,0
708,52471758,2026-07-02,previous scrape,Dow's Lake/Glebe - 3 Bedroom with garage parking,35823823,Rebecca,11,0,8,0,"Ottawa, Canada",f,2,t,Capital,45.39367,-75.69606,Entire home,Entire home/apt,6,1.4,3.0,2.0,173.3,0000-00-00,"""0000-00-00""",2246.7,173.3,2.0,365.0,t,0,0,0,0,2026-07-02,12,0,1,2021-10-11,2025-01-01,4.83,4.75,4.75,4.92,5.0,4.67,0.21,1,1
709,52506576,2026-06-24,city scrape,Serenity Beach House,10964947,Trevor,12,5,12,5,"Ottawa, Canada",t,3,t,West Carleton-March,45.48769,-76.05069,Entire bungalow,Entire home/apt,8,1.0,3.0,3.0,674.0,2026-06-26,2026-06-27,674.0,674.0,1.0,365.0,t,9,13,33,305,2026-06-24,32,14,9,2021-12-30,2026-05-18,4.91,4.94,5.0,4.91,4.97,4.78,0.59,3,3
710,52731281,2026-06-24,city scrape,3 Bed in Central Location - Private Yard & Parking,52810809,Natalie,10,5,4,10,"Ottawa, Canada",f,31,t,College,45.34678,-75.73906,Entire home,Entire home/apt,6,1.0,3.0,3.0,114.77,2026-11-01,2026-12-01,3443.0,114.77,30.0,364.0,t,0,0,0,235,2026-06-24,142,0,0,2021-10-15,2023-06-26,4.68,4.75,4.84,4.82,4.82,4.65,2.49,21,21
711,52796922,2026-07-02,previous scrape,Downtown Ottawa Unique View Classic Room  #4,138778788,John,8,11,3,2,"Ottawa, Canada",t,6,t,Somerset,45.41481,-75.7,Private room in rental unit,Private room,2,1.4,2.0,2.0,173.3,0000-00-00,"""0000-00-00""",2246.7,173.3,30.0,1125.0,t,0,0,0,0,2026-07-02,88,0,0,2023-04-16,2024-09-27,4.72,4.88,4.98,4.85,4.77,4.63,2.25,5,0
712,52811386,2026-06-24,city scrape,Cheerful 1 bedroom with free parking,425875214,E,4,8,3,10,"Ottawa, Canada",f,1,t,Knoxdale-Merivale,45.33487,-75.72184,Private room in townhouse,Private room,1,1.0,2.0,1.0,99.57,2026-06-24,2026-07-24,2987.0,99.57,30.0,1125.0,t,30,60,90,365,2026-06-24,0,0,0,10,10,4.8,4.8,4.9,4.9,4.8,4.7,1.8,1,0
713,52835323,2026-07-02,previous scrape,Luxe 4 bedroom | Hot Tub | BBQ | King Bed,35715334,Rory,11,0,10,11,"Ottawa, Canada",f,1,t,Knoxdale-Merivale,45.32386,-75.79052,Entire home,Entire home/apt,8,1.4,4.0,2.0,173.3,0000-00-00,"""0000-00-00""",2246.7,173.3,30.0,40.0,t,0,0,0,0,2026-07-02,1,0,0,2023-08-21,2023-08-21,5.0,5.0,5.0,5.0,4.0,5.0,0.03,1,1
714,52838518,2026-06-24,city scrape,Cheerful and vibrant 4 bedroom townhouse,427800587,Cleverlina,4,8,4,8,"Ottawa, Canada",f,1,t,Knoxdale-Merivale,45.33168,-75.75922,Private room in townhouse,Private room,4,1.5,4.0,2.0,78.2,2026-06-25,2026-07-25,2346.0,78.2,30.0,365.0,t,29,59,89,364,2026-06-24,0,0,0,10,10,4.8,4.8,4.9,4.9,4.8,4.7,1.8,1,0
715,52858211,2026-07-02,previous scrape,Cozy bedroom near 4 min walk to Algonquin College,18489586,Rachid,11,11,6,0,"Ottawa, Canada",t,5,t,College,45.34722,-75.75801,Private room in home,Private room,2,1.4,1.0,2.0,42.2,2026-07-03,2026-08-02,1265.91,42.2,30.0,150.0,t,29,59,88,88,2026-07-02,1,1,0,2026-03-31,2026-03-31,5.0,5.0,5.0,5.0,5.0,5.0,0.32,5,0
716,52860074,2026-06-24,city scrape,Artsy Room & Bathroom in the ByWard Market,21787934,Maria,11,8,10,8,"Ottawa, Canada",t,2,t,Rideau-Vanier,45.43535,-75.69685,Private room in home,Private room,1,1.0,2.0,1.0,135.0,2026-07-06,2026-07-08,270.0,135.0,2.0,30.0,t,14,38,42,125,2026-06-24,88,15,15,2022-05-21,2026-06-21,4.95,4.94,4.94,4.98,4.9,4.85,1.76,1,0
717,52955017,2026-06-24,city scrape,Cute as a button home w/ all amenities & great loc,95217498,Aurora,9,9,9,8,"Ottawa, Canada",t,3,t,Capital,45.40523,-75.67921,Entire home,Entire home/apt,6,1.0,2.0,3.0,126.57,2026-10-01,2026-10-31,3796.95,126.57,30.0,1125.0,t,0,0,0,261,2026-06-24,146,3,18,2021-11-07,2026-01-06,4.86,4.85,4.92,4.91,4.9,4.75,2.59,3,3
718,52964274,2026-07-02,previous scrape,Suite has Private bath Kitchenette 10 min> Airport,18489586,Rachid,11,11,6,0,"Ottawa, Canada",t,5,t,Alta Vista,45.37305,-75.6584,Private room in rental unit,Private room,1,1.4,1.0,2.0,173.3,0000-00-00,"""0000-00-00""",2246.7,173.3,30.0,150.0,t,2,2,31,31,2026-07-02,4,3,3,2024-11-04,2025-11-17,5.0,5.0,5.0,5.0,5.0,5.0,0.2,5,0
719,53040097,2026-07-02,previous scrape,KASHY HOMES-Elegant 3 story home near DT & Airport,66264674,Kashy,10,2,10,2,"Ottawa, Canada",t,7,t,Gloucester-South Nepean,45.32092,-75.60973,Entire home,Entire home/apt,16,1.4,5.0,2.0,373.3,2026-09-18,2026-10-18,11199.0,373.3,30.0,1125.0,t,0,0,12,287,2026-07-02,41,5,4,2022-03-17,2026-03-05,4.8,4.88,4.9,5.0,4.78,4.73,0.78,7,7
720,53043459,2026-06-24,city scrape,Tiny Tiny Room 3Min Walk OttawaU &Train,146743514,Frits,8,10,8,2,"Mexicali, Mexico",f,74,t,Rideau-Vanier,45.42357,-75.68028,Private room in rental unit,Private room,1,2.0,2.0,1.0,57.07,2026-06-24,2026-07-24,1712.0,57.07,30.0,1125.0,t,30,60,90,365,2026-06-24,5,0,0,2022-03-05,2023-11-30,3.4,3.4,3.4,3.4,3.8,3.4,0.1,28,0
721,53047191,2026-06-24,city scrape,Cozy 2-Floor Condo w Free Parking,130820230,Jeff,9,1,4,7,"Ottawa, Canada",f,1,t,Kitchissippi,45.40243,-75.73206,Entire condo,Entire home/apt,4,1.0,2.0,3.0,69.53,2026-07-30,2026-08-29,2086.0,69.53,30.0,365.0,t,25,52,82,357,2026-06-24,13,0,1,2022-05-31,2025-06-08,4.15,4.23,3.62,4.0,4.69,4.15,0.26,1,1
722,53091063,2026-06-24,city scrape,University city center Privateshowroom Free Pking,119271373,Sunnie,9,3,9,3,"Ottawa, Canada",f,2,t,Rideau-Vanier,45.423462,-75.675926,Private room in home,Private room,2,1.4,2.0,2.0,134.0,2026-06-25,2026-06-26,134.0,134.0,1.0,150.0,t,20,50,80,80,2026-06-24,174,28,27,2021-11-02,2026-06-05,4.72,4.7,4.84,4.8,4.87,4.63,3.08,2,0
723,53107826,2026-06-24,city scrape,Forest Suite in the City: 1bd/1bth + parking,27099999,Kaitlin,11,4,8,11,"Ottawa, Canada",t,1,t,Knoxdale-Merivale,45.3217,-75.73962,Entire guest suite,Entire home/apt,2,1.4,1.0,1.0,137.0,2026-08-04,2026-08-07,411.0,137.0,3.0,14.0,t,1,9,32,32,2026-06-24,171,38,41,2021-11-07,2026-05-29,4.9,4.92,4.95,4.92,4.9,4.93,3.03,1,1
724,53154459,2026-07-02,previous scrape,Funky 2 Bedroom Bungalow,430301425,Melanie,4,7,4,7,"Ottawa, Canada",f,2,t,College,45.35508,-75.76294,Entire home,Entire home/apt,3,1.4,2.0,2.0,173.3,2026-10-31,2026-11-30,2246.7,173.3,30.0,365.0,t,25,25,25,269,2026-07-02,8,0,0,2021-11-07,2023-02-28,4.88,4.88,5.0,5.0,4.88,4.63,0.14,2,2
725,53155078,2026-07-02,previous scrape,*Fully Equiped Studio in Byward Market*,52445814,Michaele,10,6,6,7,"Ottawa, Canada",f,2,t,Rideau-Vanier,45.42853,-75.68969,Entire rental unit,Entire home/apt,2,1.4,2.0,2.0,173.3,0000-00-00,"""0000-00-00""",2246.7,173.3,30.0,90.0,t,0,0,0,0,2026-07-02,128,0,0,2021-11-11,2023-12-01,4.8,4.88,4.95,4.95,4.74,4.72,2.27,2,2
726,53168985,2026-06-24,city scrape,Downtown Private Showroom Walkable + Free Parking,119271373,Sunnie,9,3,9,3,"Ottawa, Canada",f,2,t,Rideau-Vanier,45.423462,-75.675926,Private room in home,Private room,2,1.0,2.0,1.0,120.0,2026-06-24,2026-06-25,120.0,120.0,1.0,120.0,t,22,48,77,251,2026-06-24,140,19,31,2021-11-07,2026-05-24,4.66,4.71,4.89,4.84,4.8,4.56,2.48,2,0
727,53271985,2026-06-24,city scrape,Downtown Farmhouse Loft w parking,55288519,Grace,10,5,10,5,"Ottawa, Canada",t,2,t,Capital,45.41184,-75.67767,Entire guest suite,Entire home/apt,2,1.0,1.0,1.0,294.0,2026-07-10,2026-07-11,294.0,294.0,1.0,112.0,t,4,13,34,202,2026-06-24,314,75,70,2021-11-17,2026-06-09,4.96,4.95,4.95,4.94,4.84,4.88,5.6,2,2
728,53302297,2026-06-24,city scrape,Waterfront Retreat Sauna Hot Tub Kayak Canoe Fish,22350228,Jenny,11,8,7,5,"Ottawa, Canada",t,20,t,West Carleton-March,45.51136,-76.13217,Entire cottage,Entire home/apt,6,2.5,3.0,4.0,924.35,2026-06-24,2026-06-25,924.35,924.35,1.0,365.0,t,8,18,29,295,2026-06-24,143,41,40,2021-12-05,2026-06-03,4.92,4.94,5.0,4.99,4.97,4.77,2.58,15,15
729,53337383,2026-06-24,city scrape,The Lookout - Ex. 2 Bedroom Downtown apt w/Parking,417953682,Joan,4,10,4,9,"Ottawa, Canada",t,4,t,Somerset,45.408924,-75.69973,Entire rental unit,Entire home/apt,4,1.5,2.0,2.0,153.24,2026-09-21,2026-10-22,4750.58,153.24,31.0,180.0,t,1,1,2,92,2026-06-24,102,2,2,2021-11-21,2025-09-15,4.84,4.87,4.93,4.87,4.8,4.77,1.82,3,3
730,53342248,2026-06-24,city scrape,Spacious one-bedroom suite in a country setting,21011582,Claudette,11,9,11,9,"Ottawa, Canada",t,3,t,Cumberland,45.34846,-75.45665,Private room in home,Private room,2,1.0,2.0,1.0,126.0,2026-06-25,2026-06-26,126.0,126.0,1.0,365.0,t,17,42,53,143,2026-06-24,38,19,14,2022-07-03,2026-06-15,4.97,5.0,5.0,5.0,4.89,4.97,0.78,3,0
731,53380534,2026-06-24,city scrape,Central Ottawa Apartment w/ Parking,10109677,Rebecca,12,7,4,7,"Montreal, Canada",t,1,t,Somerset,45.40572,-75.70632,Entire rental unit,Entire home/apt,4,1.0,2.0,2.0,137.58,2026-09-13,2026-10-13,4127.5,137.58,30.0,365.0,t,7,7,16,196,2026-06-24,238,33,43,2021-11-20,2025-12-31,4.95,4.96,4.98,4.97,4.81,4.85,4.26,1,1
732,53433033,2026-06-24,city scrape,Bright Boho 3 Bedroom Lower Level Unit,430301425,Melanie,4,7,4,7,"Ottawa, Canada",f,2,t,College,45.35487,-75.76148,Entire rental unit,Entire home/apt,4,1.0,3.0,3.0,96.34,2026-07-24,2026-08-23,2890.22,96.34,30.0,365.0,t,0,30,60,335,2026-06-24,1,0,0,2021-11-27,2021-11-27,5.0,5.0,5.0,5.0,5.0,5.0,0.02,2,2
733,53436584,2026-06-24,city scrape,"True Glamping, 4 Bedroom, Family Cottage Sleeps 12",196641898,Vick,8,0,4,8,"Ottawa, Canada",f,6,t,West Carleton-March,45.50912,-76.14821,Entire cottage,Entire home/apt,12,3.0,4.0,6.0,508.67,2026-07-03,2026-07-06,1526.0,508.67,3.0,1125.0,t,21,42,70,345,2026-06-24,15,1,1,2022-01-02,2025-07-26,4.47,4.13,4.67,4.53,4.47,4.13,0.28,6,6
734,53437564,2026-06-24,city scrape,Large Family/Group Camping Cottage,196641898,Vick,8,0,4,8,"Ottawa, Canada",f,6,t,West Carleton-March,45.51115,-76.147,Entire cottage,Entire home/apt,16,3.0,3.0,19.0,731.33,2026-06-25,2026-06-28,2194.0,731.33,3.0,365.0,t,27,49,79,354,2026-06-24,0,0,0,10,10,4.8,4.8,4.9,4.9,4.8,4.7,1.8,6,6
735,53439990,2026-06-24,city scrape,King Suite with Private Entrance & Free Parking,209603655,Dave,7,10,4,7,"Ottawa, Canada",t,1,t,Stittsville-Kanata West,45.28032684326172,-75.91947174072266,Entire guest suite,Entire home/apt,2,1.0,1.0,2.0,177.0,2026-06-24,2026-06-26,354.0,177.0,1.0,1125.0,t,5,8,15,271,2026-06-24,145,28,29,2021-12-03,2026-06-21,4.94,4.94,4.97,4.98,4.93,4.94,2.61,1,1
736,53460716,2026-06-24,city scrape,Spacious Private Guest Room at Carlington Townhome,2573284,Nick,14,0,11,1,"Ottawa, Canada",t,1,t,River,45.37751,-75.72641,Private room in townhouse,Private room,1,1.0,2.0,1.0,46.11,2026-08-30,2026-10-01,1475.52,46.11,32.0,125.0,t,0,0,24,125,2026-06-24,12,2,1,2021-12-05,2026-04-30,5.0,5.0,5.0,5.0,4.75,4.92,0.22,1,0
737,53462240,2026-06-24,city scrape,Spacious 1-bedroom place with free parking,432914020,Yehia,4,7,4,6,"Ottawa, Canada",t,1,t,Alta Vista,45.3869,-75.66489,Entire guest suite,Entire home/apt,2,1.0,1.0,2.0,205.0,2026-06-29,2026-06-30,205.0,205.0,1.0,1125.0,t,12,33,55,328,2026-06-24,182,27,33,2021-12-17,2026-06-15,4.79,4.83,4.87,4.92,4.84,4.68,3.31,1,1
738,53464200,2026-06-24,city scrape,Lovely 1 bdrm apartment downtown Ottawa,47238547,Siobhan,10,8,4,7,"Ottawa, Canada",f,2,t,Rideau-Vanier,45.43465805053711,-75.68831634521484,Entire rental unit,Entire home/apt,3,1.0,1.0,1.0,71.77,2026-08-13,2026-09-12,2153.17,71.77,30.0,365.0,t,20,49,79,354,2026-06-24,10,2,3,2023-07-14,2025-08-25,4.7,4.8,4.9,4.9,5.0,4.4,0.28,2,2
739,53476727,2026-06-24,city scrape,☻ 1Bd 1Bth Fully Renovated Private Apartment ☻,433027932,Armin & Morvarid,4,7,4,7,"Ottawa, Canada",f,2,t,Stittsville-Kanata West,45.28873,-75.91595,Entire guest suite,Entire home/apt,2,1.0,1.0,1.0,94.23,2026-07-20,2026-08-19,2827.0,94.23,30.0,730.0,t,27,57,81,352,2026-06-24,252,34,44,2021-11-24,2026-04-28,4.83,4.88,4.92,4.91,4.89,4.84,4.52,2,2
740,53478040,2026-06-24,city scrape,Cheerfull bedroom in Townhouse Rm # 3,189847984,Michelle,8,1,6,11,"Ottawa, Canada",f,5,t,Barrhaven,45.26324,-75.77566,Private room in townhouse,Private room,1,1.5,2.0,1.0,32.53,2027-01-01,2027-01-31,976.0,32.53,30.0,1125.0,t,0,0,0,174,2026-06-24,76,0,3,2021-12-02,2025-05-01,4.64,4.75,4.83,4.83,4.55,4.63,1.37,5,1
741,53511813,2026-06-24,city scrape,Charming 2 bedroom apartment,364395881,Hoa,5,9,5,6,"Ottawa, Canada",f,2,f,Rideau-Goulbourn,45.22997,-75.68942,Entire rental unit,Entire home/apt,5,2.0,2.0,2.0,109.24,2026-06-24,2026-07-24,3277.05,109.24,30.0,1125.0,t,30,60,90,365,2026-06-24,8,0,0,2021-11-28,2023-12-13,4.75,4.63,5.0,5.0,4.88,4.75,0.14,2,2
742,53518347,2026-06-24,city scrape,Cozy Retreat: Room @Stittsville,294779480,Jaldipkumar,6,9,2,10,"Ottawa, Canada",f,1,t,Stittsville-Kanata West,45.27434,-75.87617,Private room in townhouse,Private room,1,1.0,2.0,1.0,50.74,2026-06-26,2026-07-27,1573.0,50.74,31.0,365.0,t,28,58,88,178,2026-06-24,0,0,0,10,10,4.8,4.8,4.9,4.9,4.8,4.7,1.8,1,0
743,53545284,2026-06-24,city scrape,Family & Friends Gathering Place w/ Pool & Hot Tub,285138961,Nina,6,10,3,4,"Ottawa, Canada",t,1,t,Kanata South,45.30563,-75.90241,Entire home,Entire home/apt,10,3.5,5.0,7.0,627.67,2026-08-09,2026-08-12,1883.0,627.67,3.0,31.0,t,1,11,16,98,2026-06-24,46,11,14,2023-07-04,2025-09-02,5.0,4.98,5.0,4.98,5.0,4.98,1.27,1,1
744,53554141,2026-06-24,city scrape,Relaxful Trendy Suite w/Fireplace,426883243,Alice,4,8,4,6,"Ottawa, Canada",t,1,t,Orleans,45.47126,-75.49709,Entire guest suite,Entire home/apt,2,1.0,2.0,2.0,133.0,2026-07-24,2026-07-26,266.0,133.0,2.0,1125.0,t,2,6,14,274,2026-06-24,215,63,63,2021-12-13,2026-06-05,4.98,4.95,5.0,4.99,4.95,4.94,3.9,1,1
745,53557303,2026-06-24,city scrape,COZY traveller haven close to downtown w/ PARKING,42714196,Amani,10,9,9,10,"Ottawa, Canada",t,7,t,Rideau-Rockcliffe,45.44689,-75.62882,Private room in home,Private room,1,1.5,2.0,1.0,50.34,2026-08-16,2026-09-15,1510.09,50.34,30.0,1125.0,t,8,15,45,320,2026-06-24,37,3,3,2022-01-30,2026-02-06,4.89,4.84,5.0,4.97,4.84,4.86,0.69,7,1
746,53607236,2026-06-24,city scrape,Stunning family home in Old Ottawa South!,136280929,Samantha,9,0,9,0,"Ottawa, Canada",t,1,t,Capital,45.39293,-75.6887,Entire home,Entire home/apt,8,3.5,4.0,5.0,665.4,2027-04-01,2027-04-06,3327.0,665.4,4.0,60.0,t,0,0,0,61,2026-06-24,109,9,25,2022-01-02,2025-09-07,5.0,4.99,4.99,4.96,4.96,4.91,2.0,1,1
747,53628480,2026-07-02,previous scrape,Home in Ottawa,414349092,Tyus,4,11,3,6,"Ottawa, Canada",f,1,t,Gloucester-Southgate,45.36364,-75.62803,Entire home,Entire home/apt,6,1.4,2.0,2.0,173.3,0000-00-00,"""0000-00-00""",2246.7,173.3,30.0,365.0,t,0,0,0,0,2026-07-02,12,0,1,2023-02-13,2025-01-02,5.0,4.92,4.83,5.0,4.92,4.92,0.29,1,1
748,53683509,2026-06-24,city scrape,Lovely 2BDRM Apartment Ideal Location Free Parking,251940619,Maya,7,2,4,6,"Ottawa, Canada",t,3,t,Rideau-Vanier,45.430809020996094,-75.69451141357422,Entire rental unit,Entire home/apt,4,1.0,2.0,2.0,389.5,2026-07-02,2026-07-04,779.0,389.5,2.0,1125.0,t,12,26,42,305,2026-06-24,154,23,32,2022-01-28,2026-06-19,4.87,4.88,4.95,4.99,4.97,4.84,2.87,1,1
749,53689411,2026-06-24,city scrape,"Britannia Bay Master bedroom, private ensuite bath",172734660,Chas,8,4,4,5,Canada,f,2,t,Bay,45.36044,-75.80385,Private room in home,Private room,1,1.4,2.0,1.0,75.23,2026-06-27,2026-07-27,2257.0,75.23,30.0,180.0,t,27,57,87,362,2026-06-24,2,0,0,2022-10-01,2024-01-31,5.0,5.0,5.0,5.0,5.0,5.0,0.04,2,0
750,53738304,2026-06-24,city scrape,Private entire 1-bedroom with parking and backyard,302122653,Mason,6,8,4,6,"Ottawa, Canada",f,2,t,Barrhaven,45.2813,-75.76566,Entire guest suite,Entire home/apt,2,1.0,1.0,1.0,159.76,2026-06-25,2026-06-26,159.76,159.76,1.0,1125.0,t,14,42,72,252,2026-06-24,219,26,41,2022-01-22,2026-06-19,4.75,4.76,4.9,4.93,4.87,4.71,4.07,1,1
751,53782012,2026-06-24,city scrape,Cheerful 2-bedroom townhouse,373388889,Subo,5,7,4,6,"Ottawa, Canada",t,2,t,Stittsville-Kanata West,45.28917,-75.9171,Entire townhouse,Entire home/apt,5,2.5,2.0,2.0,295.75,2026-06-25,2026-06-29,1183.0,295.75,3.0,28.0,t,8,22,44,44,2026-06-24,49,9,9,2021-12-30,2026-06-21,4.69,4.76,4.9,4.88,4.84,4.71,0.9,1,1
752,53784568,2026-06-24,city scrape,Private Downtown Condo in Ottawa near Parliament14,79847570,May,9,11,9,6,Canada,t,4,t,Rideau-Vanier,45.42894,-75.69542,Entire rental unit,Entire home/apt,8,2.0,4.0,4.0,528.0,2026-06-24,2026-06-25,528.0,528.0,1.0,90.0,t,17,27,55,67,2026-06-24,42,8,11,2021-12-29,2026-02-16,4.48,4.33,4.81,4.76,4.88,4.5,0.77,5,5
753,53805525,2026-06-24,city scrape,Central suite with private entrance & bath,543308673,Tatyana,2,8,2,8,"Ottawa, Canada",t,3,t,Rideau-Vanier,45.43164,-75.69356,Entire guest suite,Entire home/apt,2,1.0,1.0,1.0,168.5,2026-07-02,2026-07-04,337.0,168.5,2.0,1125.0,t,13,27,54,326,2026-06-24,150,28,30,2022-01-31,2026-06-11,4.75,4.83,4.93,4.95,4.93,4.7,2.8,2,2
754,53894015,2026-06-24,city scrape,Cozy 1-bedroom place with hot tub,412684075,Allie,4,11,4,6,"Ottawa, Canada",t,2,t,Bay,45.3529,-75.80101,Entire guest suite,Entire home/apt,2,1.0,1.0,1.0,246.5,2026-07-18,2026-07-20,493.0,246.5,2.0,1125.0,t,6,36,66,66,2026-06-24,126,30,35,2022-01-09,2026-06-17,4.92,4.95,4.96,4.97,4.83,4.8,2.32,1,1
755,53972563,2026-07-02,previous scrape,Full Suite w/ Private Entrance.  Personal Parking.,304328870,Daniel,6,8,4,6,"Ottawa, Canada",f,1,t,College,45.31921,-75.82253,Entire guest suite,Entire home/apt,3,1.4,1.0,2.0,108.75,2026-07-04,2026-07-08,435.0,108.75,3.0,1125.0,t,18,18,18,18,2026-07-02,140,29,32,2022-01-05,2026-05-17,4.68,4.72,4.82,4.84,4.68,4.71,2.56,1,1
756,53979130,2026-06-24,city scrape,Modern Waterfront Cottage | 30 Mins from Airport,20667719,Nikkie,11,9,4,6,"Ottawa, Canada",t,1,t,Rideau-Goulbourn,45.10292,-75.62227,Entire cottage,Entire home/apt,10,2.0,5.0,5.0,467.0,2026-06-25,2026-06-26,467.0,467.0,1.0,367.0,t,3,5,27,294,2026-06-24,216,50,45,2021-12-27,2026-06-19,4.91,4.88,4.97,4.97,4.93,4.84,3.95,1,1
757,53990892,2026-07-02,previous scrape,Ottawa's 8-BED/4-BATH Modern Home - 2021 NEW BUILD,108699607,George,9,6,4,6,"Ottawa, Canada",t,1,t,Innes,45.44367,-75.52235,Entire home,Entire home/apt,8,1.4,4.0,2.0,281.32,2026-07-07,2026-07-08,281.32,281.32,1.0,1125.0,t,3,12,12,12,2026-07-02,359,45,66,2022-01-02,2026-06-29,4.94,4.94,4.95,4.89,4.81,4.84,6.56,1,1
758,54044181,2026-06-24,city scrape,Clean one bedroom,260443663,William,7,1,4,5,"Ottawa, Canada",f,1,t,Cumberland,45.45396,-75.4828,Private room in home,Private room,1,1.0,1.0,2.0,83.53,2026-06-24,2026-07-24,2506.0,83.53,30.0,365.0,t,30,60,90,365,2026-06-24,7,0,0,2022-01-01,2022-03-28,3.57,3.86,3.43,3.86,3.57,3.71,0.13,1,0
759,54055962,2026-06-24,city scrape,Comfortable 2 Bedroom Guest House,438083434,Garry,4,5,4,5,"Ottawa, Canada",f,1,t,Innes,45.42766,-75.52188,Entire guest suite,Entire home/apt,4,1.0,2.0,2.0,90.97,2026-06-24,2026-07-24,2729.14,90.97,30.0,365.0,t,30,60,90,365,2026-06-24,0,0,0,10,10,4.8,4.8,4.9,4.9,4.8,4.7,1.8,1,1
760,54083553,2026-06-24,city scrape,Modern 2- Bedroom suite in the heart ♥️ of Westboro,120606768,Mark,9,3,9,3,"Ottawa, Canada",t,1,t,Kitchissippi,45.38507,-75.74416,Entire rental unit,Entire home/apt,4,1.4,2.0,2.0,546.67,2026-06-29,2026-07-02,1640.0,546.67,3.0,365.0,t,18,32,59,329,2026-06-24,36,17,12,2022-05-22,2026-06-17,4.97,4.97,4.97,5.0,4.94,4.94,0.72,1,1
761,54090888,2026-06-24,city scrape,Master bedroom with ensuite bathroom on 19th floor,27561119,Sameer,11,4,9,11,"Ottawa, Canada",f,1,t,Kitchissippi,45.40001,-75.75054,Private room in rental unit,Private room,2,1.0,2.0,1.0,106.93,2026-06-24,2026-07-24,3208.0,106.93,30.0,1125.0,t,30,60,90,360,2026-06-24,9,0,0,2022-02-19,2024-05-24,4.78,4.89,5.0,5.0,5.0,4.89,0.17,1,0
762,54103619,2026-06-24,city scrape,Central Studio Apt - Cozy Basement Unit w/ Parking,331773956,Rianne,6,4,4,5,"Ottawa, Canada",t,1,t,River,45.36857,-75.68175,Entire rental unit,Entire home/apt,2,1.0,1.0,2.0,206.0,2026-07-17,2026-07-19,412.0,206.0,2.0,1125.0,t,9,31,44,224,2026-06-24,303,62,60,2022-01-08,2026-06-24,4.9,4.93,4.96,4.93,4.89,4.83,5.58,1,1
763,54105725,2026-06-24,city scrape,"The Ottawa Hideaway - spacious, 1 bedroom rental",438586765,Christine,4,5,4,4,"Ottawa, Canada",t,1,t,Cumberland,45.423454,-75.437775,Entire guest suite,Entire home/apt,2,1.4,1.0,1.0,157.6,2026-08-26,2026-08-31,788.0,157.6,1.0,365.0,t,12,12,39,162,2026-06-24,19,5,10,2022-02-21,2026-03-03,5.0,4.95,4.95,5.0,4.95,4.89,0.36,1,1
764,54146352,2026-07-02,previous scrape,A Suite Slice of Home - Centertown - Bachelor,121084731,Bianca,9,3,9,1,"Ottawa, Canada",t,1,t,Somerset,45.41042,-75.69697,Entire rental unit,Entire home/apt,2,1.4,2.0,2.0,173.3,0000-00-00,"""0000-00-00""",2246.7,173.3,18.0,90.0,t,0,0,0,1,2026-07-02,309,3,2,2022-10-08,2026-02-14,4.94,4.95,4.97,4.96,4.84,4.85,6.8,1,1
765,54188462,2026-06-24,city scrape,Small Bedroom in kanata south- w/Gym access,5035914,Abdo,13,4,4,5,"Ottawa, Canada",f,3,t,Kanata South,45.28803,-75.86077,Private room in home,Private room,1,1.0,2.0,1.0,57.38,2026-06-24,2026-07-24,1721.43,57.38,30.0,365.0,t,30,60,90,365,2026-06-24,21,3,3,2022-02-05,2025-09-14,4.43,4.38,4.43,4.67,4.43,4.14,0.39,2,0
766,54247249,2026-06-24,city scrape,Light-Filled Hintonburg 1 bedroom - WFH Ready!,1695540,Christine,14,4,4,4,"Ottawa, Canada",f,1,t,Kitchissippi,45.40474,-75.72357,Entire condo,Entire home/apt,2,1.0,1.0,1.0,146.68,2026-07-01,2026-08-01,4546.94,146.68,31.0,90.0,t,23,53,83,173,2026-06-24,0,0,0,10,10,4.8,4.8,4.9,4.9,4.8,4.7,1.8,1,1
767,54251073,2026-06-24,city scrape,A Cheerful 1-bedroom basement in Ottawa Downtown,411116238,Blandine,4,11,4,3,"Ottawa, Canada",f,1,t,Rideau-Rockcliffe,45.43382,-75.64804,Private room in home,Private room,3,1.0,2.0,2.0,62.65,2026-06-24,2026-07-24,1879.39,62.65,30.0,1125.0,t,30,60,90,365,2026-06-24,129,0,0,2022-04-03,2024-07-04,4.53,4.57,4.61,4.63,4.55,4.43,2.51,1,0
768,54265297,2026-06-24,city scrape,Bright & Comfortable 3BR Near Britannia Beach,336812206,Vadim,6,4,3,6,"Ottawa, Canada",t,1,t,Bay,45.36065,-75.78532,Entire home,Entire home/apt,6,2.5,3.0,3.0,432.22,2026-07-21,2026-07-25,1728.88,432.22,3.0,1125.0,t,7,31,61,227,2026-06-24,79,20,23,2023-01-11,2026-06-21,5.0,4.99,5.0,5.0,4.99,4.95,1.88,1,1
769,54281008,2026-06-24,city scrape,A room Downtown near Uottawa and CHEO,440219415,Precious,4,5,4,5,"Ottawa, Canada",f,1,t,Capital,45.41434,-75.67142,Private room in rental unit,Private room,1,1.0,2.0,1.0,54.17,2027-01-01,2027-01-31,1625.0,54.17,30.0,1125.0,t,27,53,80,349,2026-06-24,40,0,0,2022-01-19,2022-08-29,4.78,4.78,4.8,4.8,4.75,4.73,0.74,1,0
770,54291202,2026-06-24,city scrape,Spacious 2 Bedroom Guest Suite,440322548,Steve,4,5,1,7,"Ottawa, Canada",t,1,t,Gloucester-Southgate,45.345411313890814,-75.6346594598502,Entire guest suite,Entire home/apt,4,1.0,2.0,2.0,115.23,2026-09-19,2026-10-19,3456.8,115.23,30.0,365.0,t,17,17,20,295,2026-06-24,5,3,3,2024-12-26,2026-04-30,5.0,5.0,5.0,5.0,4.8,5.0,0.27,1,1
771,54291617,2026-06-24,city scrape,Luxury Urban Suites ★ Steps from Parliament ★,402300255,ReStays Host Concierge,5,1,5,1,"Ottawa, Canada",t,4,t,Somerset,45.42132,-75.69657,Room in boutique hotel,Private room,2,1.0,1.0,1.0,369.0,2026-07-01,2026-07-02,369.0,369.0,1.0,2147483647.0,t,20,46,76,351,2026-06-24,20,5,2,2022-04-24,2026-04-17,4.8,4.8,5.0,5.0,5.0,4.5,0.39,4,0
772,54292389,2026-06-24,city scrape,Luxury One Bedroom ★ Steps from Parliament ★,402300255,ReStays Host Concierge,5,1,5,1,"Ottawa, Canada",t,4,t,Somerset,45.42251,-75.69859,Room in hotel,Private room,2,1.0,1.0,1.0,339.0,2026-07-01,2026-07-02,339.0,339.0,1.0,2147483647.0,t,21,50,80,355,2026-06-24,44,5,4,2022-01-30,2026-05-26,4.8,4.75,4.84,4.77,4.91,4.66,0.82,4,0
773,54294747,2026-07-02,previous scrape,Cozy Private Room with Private Ensuite Bathroom,440338318,Ibrahim,4,5,4,5,"Ottawa, Canada",t,3,t,College,45.345631,-75.75827,Private room in home,Private room,2,1.4,2.0,2.0,173.3,0000-00-00,"""0000-00-00""",2246.7,173.3,1.0,28.0,t,0,0,0,0,2026-07-02,370,12,53,2022-01-24,2025-08-10,4.89,4.95,4.94,4.92,4.85,4.86,6.85,3,0
774,54386826,2026-06-24,city scrape,"Nice, Clean & Queen  Room w/free parking in City",400665088,Ritu,5,1,4,5,"Ottawa, Canada",t,4,t,Alta Vista,45.39408,-75.61269,Private room in home,Private room,1,1.5,2.0,1.0,32.37,2026-09-01,2026-10-01,971.0,32.37,30.0,30.0,t,2,10,31,121,2026-06-24,30,4,2,2022-02-07,2026-04-30,4.93,4.97,5.0,5.0,4.83,4.9,0.56,4,0
775,505579028187010195,2026-07-02,previous scrape,Ottawa (Westboro) | Cozy 2 Bedrm Guest Suite,81116549,Dawn,9,11,8,9,"Ottawa, Canada",t,2,t,Kitchissippi,45.39258,-75.75802,Entire rental unit,Entire home/apt,4,1.4,2.0,2.0,147.97,2026-09-27,2026-09-30,443.92,147.97,3.0,1125.0,t,0,0,3,4,2026-07-02,168,31,49,2022-03-25,2025-12-11,4.85,4.92,4.85,4.9,4.87,4.85,3.23,1,1
776,526424586601254937,2026-06-24,city scrape,Large family home: Downtown. Airport. Shops. River,305048917,Mohammad,6,7,4,4,"Ottawa, Canada",t,10,t,Gloucester-South Nepean,45.26112,-75.69935,Entire townhouse,Entire home/apt,8,2.5,4.0,6.0,175.74,2026-07-17,2026-08-17,5448.0,175.74,1.0,1125.0,t,16,46,76,351,2026-06-24,451,94,95,2022-02-14,2026-06-21,4.98,4.98,4.98,4.99,4.86,4.96,8.5,8,8
777,544911473252586176,2026-06-24,city scrape,2BD MID CENTURY APARTMENT IN THE HEART OF DOWNTOWN,22350228,Jenny,11,8,7,5,"Ottawa, Canada",t,20,t,Rideau-Vanier,45.4302,-75.6917,Entire rental unit,Entire home/apt,4,1.0,2.0,2.0,297.0,2026-07-04,2026-07-05,297.0,297.0,1.0,365.0,t,1,3,18,290,2026-06-24,184,1,0,2022-02-07,2026-04-10,4.7,4.81,4.86,4.89,4.64,4.72,3.45,15,15
778,549146217165380654,2026-07-02,previous scrape,Uplifting Private Bedroom with Smart Lock and Desk,440338318,Ibrahim,4,5,4,5,"Ottawa, Canada",t,3,t,College,45.345631,-75.75827,Private room in home,Private room,2,1.4,2.0,2.0,173.3,0000-00-00,"""0000-00-00""",2246.7,173.3,1.0,28.0,t,0,0,0,0,2026-07-02,268,8,31,2022-01-29,2025-08-03,4.9,4.9,4.94,4.94,4.85,4.85,4.98,3,0
779,551558117525410726,2026-07-02,previous scrape,Cheerful Private Room with Smart Lock and Desk,440338318,Ibrahim,4,5,4,5,"Ottawa, Canada",t,3,t,College,45.34563,-75.75827,Private room in home,Private room,2,1.4,2.0,2.0,173.3,0000-00-00,"""0000-00-00""",2246.7,173.3,1.0,28.0,t,0,0,0,0,2026-07-02,271,3,28,2022-02-04,2025-08-02,4.89,4.9,4.9,4.89,4.81,4.83,5.05,3,0
780,552945687290688941,2026-07-02,previous scrape,Bright and beautifully furnished one bedroom home,5648790,Jesse,13,3,11,10,"Ottawa, Canada",f,1,t,Somerset,45.4087,-75.70791,Entire home,Entire home/apt,4,1.4,1.0,2.0,173.3,0000-00-00,"""0000-00-00""",2246.7,173.3,30.0,90.0,t,0,0,0,0,2026-07-02,0,0,0,10,10,4.8,4.8,4.9,4.9,4.8,4.7,1.8,1,1
781,553624516485360894,2026-06-24,city scrape,"Modern 1 bedroom, indoor fireplace & Free Parking",368128583,Mathieu,5,9,5,0,"Ottawa, Canada",f,2,t,Rideau-Vanier,45.43358,-75.69113,Entire rental unit,Entire home/apt,2,1.5,1.0,1.0,120.2,2026-06-24,2026-07-24,3606.0,120.2,30.0,365.0,t,30,60,90,180,2026-06-24,10,1,2,2022-09-01,2025-07-31,4.4,4.4,4.9,4.7,4.4,4.2,0.22,2,2
782,555593177858643880,2026-06-24,city scrape,Gorgeous 2 Bedroom Walk-Out Apt. in Kanata Lakes,443261477,Fatima,4,4,4,4,"Ottawa, Canada",t,1,t,Kanata North,45.31557,-75.9379,Entire rental unit,Entire home/apt,4,2.0,2.0,3.0,103.61,2026-08-04,2026-09-03,3108.36,103.61,30.0,365.0,t,1,20,50,325,2026-06-24,31,3,3,2022-03-04,2026-04-05,4.61,4.68,4.71,4.71,4.71,4.61,0.59,1,1
783,556765453281827871,2026-06-24,city scrape,"Entire suite, busy business area 20min to downtown",193965676,Tuan,8,0,6,10,"Ottawa, Canada",f,9,t,Barrhaven,45.28913,-75.73967,Entire home,Entire home/apt,4,1.0,1.0,3.0,146.5,2026-07-17,2026-07-19,293.0,146.5,1.0,1125.0,t,8,8,8,8,2026-06-24,335,61,63,2022-04-24,2026-06-21,4.66,4.71,4.79,4.89,4.7,4.62,6.6,4,1
784,557118622483015554,2026-07-02,previous scrape,Beautiful 2 Bedroom Renovated Unit,47107109,Wael,10,8,4,3,"Ottawa, Canada",f,3,t,Alta Vista,45.39396,-75.61373,Entire guest suite,Entire home/apt,4,1.4,2.0,2.0,173.3,0000-00-00,"""0000-00-00""",2246.7,173.3,1.0,1125.0,t,0,0,0,0,2026-07-02,108,0,3,2022-03-14,2025-01-26,4.74,4.72,4.84,4.93,4.81,4.73,2.06,1,1
785,558110202340516853,2026-06-24,city scrape,NEW Private 1-bedroom Suite + Parking,57825271,Lauren,10,4,3,7,"Ottawa, Canada",t,1,t,Gloucester-South Nepean,45.30958,-75.59787,Entire guest suite,Entire home/apt,2,1.0,1.0,1.0,155.0,2026-06-24,2026-06-25,155.0,155.0,1.0,60.0,t,4,32,62,336,2026-06-24,114,27,37,2022-11-06,2026-06-20,4.91,4.9,4.94,4.96,4.81,4.83,2.58,1,1
786,559368998096946150,2026-06-24,city scrape,Cozy Basement Studio,21137003,Alexandra,11,9,3,8,"Ottawa, Canada",t,1,t,Capital,45.4051399230957,-75.67544555664062,Entire guest suite,Entire home/apt,2,1.0,2.0,2.0,160.0,2026-06-30,2026-07-02,320.0,160.0,1.0,1125.0,t,9,22,28,28,2026-06-24,132,31,27,2022-11-13,2026-06-06,4.88,4.9,4.93,4.95,4.87,4.81,3.0,1,1
787,559438244340014224,2026-06-24,city scrape,Bright & X-large Queen  bedroom with free parking.,400665088,Ritu,5,1,4,5,"Ottawa, Canada",t,4,t,Alta Vista,45.39394,-75.61105,Private room in home,Private room,1,2.5,2.0,1.0,33.77,2026-09-01,2026-10-01,1013.0,33.77,27.0,30.0,t,0,15,36,126,2026-06-24,29,2,2,2022-02-18,2025-10-18,4.97,4.97,4.9,4.97,4.9,4.93,0.55,4,0
788,559579935983715324,2026-06-24,city scrape,Furnished Luxury 2 bedroom in Stittsville,85904315,Jessica,9,10,3,3,"Ottawa, Canada",f,1,t,Stittsville-Kanata West,45.27670669555664,-75.91873168945312,Entire rental unit,Entire home/apt,4,1.0,2.0,2.0,159.29,2026-06-25,2026-07-25,4778.68,159.29,30.0,1125.0,t,29,59,89,364,2026-06-24,3,3,2,2025-07-28,2026-06-12,5.0,5.0,5.0,5.0,5.0,5.0,0.27,1,1
789,560141109352067679,2026-06-24,city scrape,5BR Work Crew Stay – Prime Location | Huge Parking,52810809,Natalie,10,5,4,10,"Ottawa, Canada",f,31,t,College,45.3544,-75.73747,Entire home,Entire home/apt,12,4.0,5.0,5.0,199.1,2026-10-01,2026-10-31,5973.0,199.1,30.0,364.0,t,0,0,0,266,2026-06-24,177,5,24,2022-02-21,2025-07-20,4.86,4.85,4.9,4.9,4.85,4.81,3.35,21,21
790,561656447233471654,2026-06-24,city scrape,Spacious basement suite with a private bathroom,107919587,Josy,9,6,4,4,"Ottawa, Canada",t,1,t,Cumberland,45.445694,-75.488182,Private room in townhouse,Private room,2,1.0,2.0,1.0,85.0,2026-06-29,2026-06-30,85.0,85.0,1.0,1125.0,t,16,24,51,322,2026-06-24,372,82,94,2022-02-28,2026-06-23,4.91,4.92,4.95,4.95,4.85,4.91,7.07,1,0
791,562345952765255872,2026-06-24,city scrape,Bright and Clean Centretown 1-bedroom with PARKING,35508696,Mitchell,11,0,4,3,"Ottawa, Canada",t,1,t,Somerset,45.40645,-75.70751,Entire rental unit,Entire home/apt,2,1.0,1.0,2.0,79.3,2026-12-01,2026-12-31,2379.0,79.3,3.0,1125.0,t,1,22,22,54,2026-06-24,129,37,34,2022-03-18,2026-06-20,4.92,4.96,4.95,4.95,4.78,4.82,2.48,1,1
792,562917245828080208,2026-07-02,previous scrape,Lovely Ottawa  4-Bedroom Loft - Rare Find!,445056948,Nancy,4,4,4,4,"Ottawa, Canada",f,6,t,Rideau-Vanier,45.43271,-75.68398,Entire rental unit,Entire home/apt,10,1.4,4.0,2.0,173.3,0000-00-00,"""0000-00-00""",2246.7,173.3,30.0,1125.0,t,0,0,0,0,2026-07-02,134,0,0,2022-02-20,2024-04-30,4.48,4.6,4.74,4.78,4.3,4.43,2.52,2,2
793,565050330143275288,2026-06-24,city scrape,Ecovacations,445661290,Jarullah,4,4,4,2,"Ottawa, Canada",f,1,t,Stittsville-Kanata West,45.28329,-75.8912,Entire rental unit,Entire home/apt,2,1.0,1.0,2.0,138.0,2026-06-29,2026-06-30,138.0,138.0,1.0,1125.0,t,18,48,78,256,2026-06-24,340,70,68,2022-04-17,2026-06-17,4.79,4.84,4.87,4.93,4.84,4.76,6.67,1,1
794,565762453467042322,2026-06-24,city scrape,Room in shared suite,403047905,Sharmilee,5,1,5,1,"Ottawa, Canada",f,8,t,Barrhaven,45.2553068,-75.7395524,Private room in home,Private room,1,0.5,1.0,1.0,50.03,2026-06-24,2026-07-24,1500.86,50.03,30.0,365.0,t,30,60,90,365,2026-06-24,0,0,0,10,10,4.8,4.8,4.9,4.9,4.8,4.7,1.8,4,1
795,565762461840703122,2026-06-24,city scrape,Room,403047905,Sharmilee,5,1,5,1,"Ottawa, Canada",f,8,t,Barrhaven,45.2553068,-75.7395524,Private room in home,Private room,1,0.5,2.0,1.0,66.84,2026-06-24,2026-07-24,2005.28,66.84,30.0,365.0,t,30,60,90,365,2026-06-24,0,0,0,10,10,4.8,4.8,4.9,4.9,4.8,4.7,1.8,4,1
796,565871189611451915,2026-07-02,previous scrape,Cozy room in a 3 bedroom townhouse in Kanata.,380958634,Lola,5,6,5,6,"Ottawa, Canada",f,3,t,Kanata South,45.27674,-75.86681,Private room in townhouse,Private room,1,1.4,2.0,2.0,49.32,2027-01-01,2027-01-31,1479.51,49.32,30.0,1125.0,t,0,0,0,87,2026-07-02,36,1,3,2022-04-09,2026-01-31,4.78,4.75,4.92,4.94,4.72,4.69,0.7,3,0
797,567241181392563057,2026-06-24,city scrape,Tranquil 4bed home in Ottawa with parking!,32115239,Sal,11,1,4,2,"Ottawa, Canada",t,1,t,Gloucester-South Nepean,45.26895,-75.68848,Entire home,Entire home/apt,6,2.0,3.0,4.0,791.5,2026-07-01,2026-07-03,1583.0,791.5,2.0,1125.0,t,24,54,84,359,2026-06-24,42,15,23,2022-06-04,2026-02-03,4.93,4.93,4.95,5.0,4.88,4.88,0.85,1,1
798,567306853149084903,2026-06-24,city scrape,Divine room (queen)+private bathroom,446166228,Ernesto,4,4,4,4,"Ottawa, Canada",f,7,t,Rideau-Vanier,45.42611,-75.6865,Room in boutique hotel,Private room,2,1.0,1.0,1.0,159.0,2026-06-24,2026-06-25,159.0,159.0,1.0,1125.0,t,22,45,75,134,2026-06-24,279,54,54,2022-03-06,2026-06-09,4.65,4.79,4.91,4.76,4.62,4.62,5.32,7,0
799,567370615547438000,2026-06-24,city scrape,Exquisite room (queen)+private bathroom,446166228,Ernesto,4,4,4,4,"Ottawa, Canada",f,7,t,Rideau-Vanier,45.42632,-75.68648,Room in boutique hotel,Private room,1,1.0,1.0,2.0,153.0,2026-06-25,2026-06-26,153.0,153.0,1.0,1125.0,t,24,54,84,171,2026-06-24,262,36,51,2022-02-23,2026-06-10,4.58,4.63,4.84,4.79,4.49,4.48,4.97,7,0
800,567374709919165524,2026-06-24,city scrape,Fabulous room (queen)+private bathroom,446166228,Ernesto,4,4,4,4,"Ottawa, Canada",f,7,t,Rideau-Vanier,45.42658,-75.68618,Room in boutique hotel,Private room,1,1.0,1.0,1.0,142.0,2026-06-24,2026-06-25,142.0,142.0,1.0,1125.0,t,24,45,75,255,2026-06-24,253,33,33,2022-02-27,2026-06-07,4.62,4.77,4.89,4.73,4.61,4.59,4.81,7,0
801,567378270187812228,2026-06-24,city scrape,Cozy Loft queen bed private bathroom,446166228,Ernesto,4,4,4,4,"Ottawa, Canada",f,7,t,Rideau-Vanier,45.42578,-75.68555,Room in boutique hotel,Private room,1,1.0,1.0,1.0,123.0,2026-06-24,2026-06-25,123.0,123.0,1.0,1125.0,t,22,51,63,144,2026-06-24,221,62,44,2022-03-21,2026-06-07,4.7,4.81,4.91,4.85,4.64,4.66,4.26,7,0
802,572107511604325446,2026-07-02,previous scrape,Downtown Ottawa 2-bedroom unit,49022691,Carol,10,7,8,11,"Ottawa, Canada",t,7,t,Somerset,45.41615,-75.69293,Entire rental unit,Entire home/apt,4,1.4,2.0,2.0,126.3,2027-01-01,2027-01-31,3789.0,126.3,30.0,1125.0,t,0,11,11,98,2026-07-02,20,3,3,2022-04-17,2026-03-24,4.95,4.9,5.0,4.95,4.85,4.9,0.39,5,5
803,572681293093578937,2026-06-24,city scrape,Cozy 1-bedroom rental Ottawa Chinatown,447315583,Andy,4,3,4,2,"Ottawa, Canada",t,2,t,Somerset,45.40884,-75.71327,Entire rental unit,Entire home/apt,2,1.0,1.0,1.0,212.0,2026-07-06,2026-07-07,212.0,212.0,1.0,1125.0,t,4,6,14,251,2026-06-24,206,53,48,2022-05-05,2026-06-10,4.89,4.92,4.94,4.99,4.71,4.83,4.09,2,2
804,575515574241147019,2026-06-24,city scrape,Dow's Lake Retreat Studio,194289731,Teuta,8,0,2,4,"Ottawa, Canada",t,1,t,Capital,45.39698,-75.69547,Entire rental unit,Entire home/apt,2,1.0,1.0,1.0,137.0,2026-09-08,2026-09-10,274.0,137.0,2.0,10.0,t,3,4,14,71,2026-06-24,163,66,67,2024-03-10,2026-06-21,4.96,4.93,4.98,4.97,4.95,4.9,5.84,1,1
805,575519710205751813,2026-07-02,previous scrape,COZY WESTBORO COTTAGE   : UPGRADED 3 BED W/ PRKING,1912447,Nathan,14,3,9,7,"Ottawa, Canada",f,1,t,Kitchissippi,45.392944,-75.757217,Entire home,Entire home/apt,5,1.4,3.0,2.0,173.3,0000-00-00,"""0000-00-00""",2246.7,173.3,30.0,356.0,t,0,13,13,31,2026-07-02,8,2,0,2022-06-25,2026-05-31,5.0,5.0,5.0,5.0,5.0,5.0,0.16,1,1
806,577452716349699334,2026-06-24,city scrape,Comfy 3 Bedroom Cottage - Sleeps 8,196641898,Vick,8,0,4,8,"Ottawa, Canada",f,6,t,West Carleton-March,45.510674,-76.143974,Entire cottage,Entire home/apt,8,1.5,3.0,4.0,330.0,2026-06-24,2026-06-27,990.0,330.0,3.0,365.0,t,21,44,74,349,2026-06-24,12,3,4,2022-07-03,2025-08-26,4.33,4.58,4.58,4.5,4.42,4.17,0.25,6,6
807,577486805771689163,2026-06-24,city scrape,"Sleigh Room, Downtown, Second Wind Ottawa! Parking",119516995,Pamela And Judith,9,3,9,3,"Ottawa, Canada",t,3,t,Somerset,45.41351,-75.68503,Private room in guest suite,Private room,2,1.0,2.0,1.0,149.0,2026-07-01,2026-07-02,149.0,149.0,1.0,1125.0,t,4,18,28,198,2026-06-24,347,81,71,2022-04-24,2026-06-21,4.95,4.94,4.96,4.95,4.93,4.88,6.84,3,1
808,579812260426446926,2026-07-02,previous scrape,Lovely one bedroom apartment near Westboro,448979021,Sarah,4,3,4,3,"Ottawa, Canada",f,1,t,Bay,45.37249,-75.76133,Entire rental unit,Entire home/apt,2,1.4,1.0,2.0,173.3,0000-00-00,"""0000-00-00""",2246.7,173.3,31.0,365.0,t,0,0,0,0,2026-07-02,14,0,0,2022-03-27,2024-08-05,4.79,4.71,4.93,4.86,4.86,4.64,0.27,1,1
809,580633472524684329,2026-06-24,city scrape,Beach Front in Constance Bay with Hot Tub,117982797,Jack,9,3,2,10,"Ottawa, Canada",t,1,t,West Carleton-March,45.4776963,-76.0684136,Entire villa,Entire home/apt,8,3.5,4.0,4.0,810.33,2026-06-26,2026-06-29,2431.0,810.33,3.0,365.0,t,25,53,83,263,2026-06-24,15,8,9,2024-05-20,2025-10-20,4.87,4.93,5.0,4.87,4.87,4.67,0.59,1,1
810,581241027208003141,2026-06-24,city scrape,Quaint Home w. Huge Backyard | Central Location,52810809,Natalie,10,5,4,10,"Ottawa, Canada",f,31,t,College,45.34791,-75.73849,Entire guest suite,Entire home/apt,6,2.0,3.0,3.0,159.73,2026-07-14,2026-08-13,4792.0,159.73,30.0,364.0,t,10,40,70,345,2026-06-24,96,0,0,2022-03-28,2024-12-09,4.79,4.83,4.95,4.93,4.88,4.74,1.86,21,21
811,581679481954050077,2026-06-24,city scrape,Sunroom Downtown Canal Second Wind Ottawa!Parking!,119516995,Pamela And Judith,9,3,9,3,"Ottawa, Canada",t,3,t,Somerset,45.41351,-75.68503,Private room in guest suite,Private room,2,1.0,2.0,1.0,137.0,2026-07-07,2026-07-08,137.0,137.0,19.6,3152807.2,t,0,0,0,0,2026-06-24,328,70,67,2022-04-24,2026-06-19,4.93,4.91,4.97,4.96,4.94,4.86,6.46,3,1
812,581737146983450023,2026-06-24,city scrape,Private spacious 1 bedroom basement apartment,390031852,Eric,5,3,3,7,"Ottawa, Canada",f,1,t,Bay,45.35907,-75.77598,Entire rental unit,Entire home/apt,2,1.0,1.0,1.0,74.56,2026-08-25,2026-09-24,2236.91,74.56,30.0,365.0,t,0,0,28,208,2026-06-24,7,3,3,2023-01-01,2025-12-01,5.0,5.0,5.0,5.0,5.0,4.86,0.17,1,1
813,582521375053254811,2026-06-24,city scrape,Lux Room | Private Bath | Free Parking |Trainyards,60421237,Alex,10,3,4,3,"Ottawa, Canada",f,1,t,Alta Vista,45.40943,-75.63643,Private room in townhouse,Private room,1,1.5,2.0,1.0,66.37,2026-06-27,2026-07-27,1991.12,66.37,30.0,91.0,t,27,57,87,87,2026-06-24,1,0,0,2023-03-15,2023-03-15,5.0,5.0,5.0,5.0,5.0,5.0,0.03,1,0
814,582773982314712924,2026-06-24,city scrape,5 Bed Crew House | Central Location & Parking,52810809,Natalie,10,5,4,10,"Ottawa, Canada",f,31,t,College,45.35312,-75.73926,Entire guest suite,Entire home/apt,12,2.0,5.0,5.0,211.27,2026-09-01,2026-10-01,6338.0,211.27,30.0,364.0,t,0,0,21,296,2026-06-24,82,0,0,2022-03-20,2023-07-26,4.49,4.61,4.84,4.85,4.71,4.63,1.58,21,21
815,582833531948170958,2026-06-24,city scrape,Peaceful 1 Bedroom by Ottawa River,256646338,Randa,7,2,6,8,"Ottawa, Canada",t,3,t,Cumberland,45.52085,-75.38737,Entire loft,Entire home/apt,2,1.0,1.0,1.0,63.6,2026-07-03,2026-08-02,1908.0,63.6,30.0,60.0,t,21,31,31,31,2026-06-24,4,1,2,2024-06-18,2025-09-03,5.0,5.0,5.0,5.0,5.0,5.0,0.16,1,1
816,585720960032221548,2026-06-24,city scrape,Modern Studio Apartment,450234698,Modern,4,3,4,3,"Ottawa, Canada",f,7,t,Rideau-Vanier,45.4293,-75.68217,Entire serviced apartment,Entire home/apt,2,1.0,1.0,1.0,291.0,2026-06-27,2026-06-28,291.0,291.0,1.0,1125.0,t,11,36,52,232,2026-06-24,116,5,7,2022-03-27,2026-05-24,4.44,4.59,4.51,4.61,4.44,4.28,2.24,7,7
817,585998325539459647,2026-06-24,city scrape,The Sandy Bottoms: Constance Bay Beach House,85297148,Short And Suite BnB,9,11,9,4,"Ottawa, Canada",t,51,t,West Carleton-March,45.5002,-76.07523,Entire cottage,Entire home/apt,4,1.0,2.0,2.0,502.5,2026-07-21,2026-07-23,1005.0,502.5,2.0,1125.0,t,5,7,32,307,2026-06-24,53,10,11,2022-06-26,2026-06-18,4.45,4.4,4.45,4.6,4.72,4.09,1.09,28,28
818,586144226915409758,2026-06-24,city scrape,Modern 3 bedroom townhouse in downtown Ottawa,450310096,Daniel,4,3,4,3,"Ottawa, Canada",t,1,t,Somerset,45.41454315185547,-75.6978759765625,Entire townhouse,Entire home/apt,6,1.5,3.0,3.0,484.03,2026-07-24,2026-07-26,968.06,484.03,2.0,10.0,t,0,2,3,3,2026-06-24,89,22,21,2022-05-23,2026-06-14,5.0,5.0,4.97,4.97,4.91,4.91,1.79,1,1
819,586947743336381850,2026-06-24,city scrape,2 Bedroom Suite | Downtown | Free Parking,450234698,Modern,4,3,4,3,"Ottawa, Canada",f,7,t,Rideau-Vanier,45.42882,-75.68253,Entire serviced apartment,Entire home/apt,4,1.0,2.0,2.0,289.86,2026-06-24,2026-06-25,289.86,289.86,1.0,365.0,t,21,49,79,79,2026-06-24,214,37,23,2022-04-10,2026-06-05,4.6,4.72,4.61,4.77,4.39,4.56,4.18,7,7
820,587018047902491792,2026-06-24,city scrape,Adorable bachelor close to hospitals & downtown,293238292,Auday,6,9,4,3,"Ottawa, Canada",t,2,t,Alta Vista,45.3958,-75.6247,Entire guest suite,Entire home/apt,2,1.5,1.0,1.0,98.08,2026-09-01,2026-10-01,2942.43,98.08,30.0,365.0,t,0,0,21,296,2026-06-24,75,7,19,2022-05-06,2025-08-24,4.8,4.84,4.96,4.84,4.84,4.77,1.49,2,2
821,587409566319221729,2026-06-24,city scrape,Tranquil Getaway on the Ottawa River,104296246,Claire,9,7,4,1,"Ottawa, Canada",t,1,t,West Carleton-March,45.4676,-75.97729,Entire guest suite,Entire home/apt,2,1.0,1.0,1.0,246.0,2026-07-15,2026-07-16,246.0,246.0,1.0,1125.0,t,4,10,28,205,2026-06-24,275,55,58,2022-05-14,2026-06-14,4.99,5.0,4.99,4.99,4.98,4.96,5.49,1,1
822,588255413815757004,2026-06-24,city scrape,Spacious Walk-Out Basement with Scenic Views,488481764,Naz,3,7,3,7,"Ottawa, Canada",f,1,t,Rideau-Goulbourn,45.212959,-75.703049,Entire home,Entire home/apt,2,1.0,1.0,1.0,177.0,2026-06-28,2026-06-29,177.0,177.0,1.0,27.0,t,21,41,62,62,2026-06-24,234,37,27,2022-04-30,2026-06-21,4.94,4.97,4.98,4.97,4.85,4.93,4.63,1,1
823,588502359007497510,2026-06-24,city scrape,Luxurious waterfront 5-bedroom with pool and spa,450829591,Kendra,4,3,4,2,"Ottawa, Canada",t,1,t,Rideau-Goulbourn,44.98744,-75.7766,Entire vacation home,Entire home/apt,15,3.5,5.0,12.0,691.56,2026-09-20,2026-09-22,1383.11,691.56,2.0,29.0,t,0,0,2,266,2026-06-24,148,32,31,2022-04-25,2026-06-07,4.94,4.93,4.99,4.91,4.93,4.81,2.92,1,1
824,589263742343665560,2026-06-24,city scrape,Condo in a secure neighborhood in Ottawa,450991969,Seynabou,4,3,3,8,"Ottawa, Canada",f,4,t,Beacon Hill-Cyrville,45.450649,-75.598099,Private room in condo,Private room,2,1.0,2.0,2.0,113.01,2026-06-24,2026-07-24,3390.43,113.01,30.0,1095.0,t,30,60,90,365,2026-06-24,0,0,0,10,10,4.8,4.8,4.9,4.9,4.8,4.7,1.8,4,1
825,591216093147943189,2026-06-24,city scrape,"Luxury Mansion W/Hot Tub, Pool Table & 10 Beds!",235717240,Sam,7,5,4,2,"Ottawa, Canada",t,1,t,Gloucester-Southgate,45.35665,-75.63591,Entire villa,Entire home/apt,10,3.5,6.0,9.0,307.65,2026-09-01,2026-10-01,9229.5,307.65,30.0,730.0,t,0,0,21,296,2026-06-24,196,15,53,2022-08-09,2026-04-05,4.95,4.96,4.99,4.98,4.87,4.9,4.15,1,1
826,591837422757614441,2026-06-24,city scrape,Two-Story Heritage Loft ★ Steps from Parliament ★,402300255,ReStays Host Concierge,5,1,5,1,"Ottawa, Canada",t,4,t,Somerset,45.422218,-75.697479,Room in boutique hotel,Private room,4,2.0,2.0,2.0,729.0,2026-07-03,2026-07-04,729.0,729.0,1.0,2147483647.0,t,16,42,71,344,2026-06-24,17,5,6,2022-05-25,2026-06-10,4.82,4.76,5.0,4.71,5.0,4.59,0.34,4,0
827,592912427068740463,2026-06-24,city scrape,1 bedroom basement appartment,280460480,Ekaraj,6,10,4,2,"Ottawa, Canada",t,1,t,Barrhaven,45.29628,-75.7334,Private room in townhouse,Private room,2,1.0,2.0,1.0,56.5,2026-07-03,2026-07-05,113.0,56.5,2.0,30.0,t,13,34,39,39,2026-06-24,141,29,24,2022-04-29,2026-06-17,4.74,4.83,4.89,4.92,4.83,4.79,2.79,1,0
828,593628179201260232,2026-07-02,previous scrape,Lovely 2-Bedroom Condo with Parking in Hintonburg,224986249,Guy,7,7,4,3,"Ottawa, Canada",f,1,t,Kitchissippi,45.4036,-75.72639,Entire townhouse,Entire home/apt,4,1.4,2.0,2.0,59.83,2026-07-09,2026-09-07,3590.0,59.83,60.0,120.0,t,23,53,83,358,2026-07-02,0,0,0,10,10,4.8,4.8,4.9,4.9,4.8,4.7,1.8,1,1
829,593796330218950147,2026-06-24,city scrape,Very relaxing modern clean cozy basement bedroom.,210070192,Jemal Jimmy,7,10,4,2,"Ottawa, Canada",t,1,t,Innes,45.4293,-75.50946,Private room in home,Private room,2,1.4,2.0,1.0,126.0,2026-06-24,2026-06-26,252.0,126.0,2.0,30.0,t,3,9,39,314,2026-06-24,56,9,9,2022-04-13,2026-06-14,4.98,4.98,4.98,5.0,4.86,4.96,1.1,1,0
830,595532571900638546,2026-06-24,city scrape,Modern Private Bedroom in Female Only Residence,247607805,Murray,7,3,7,3,"Ottawa, Canada",t,10,t,Rideau-Vanier,45.42354583740234,-75.6791763305664,Private room in townhouse,Private room,1,1.5,2.0,1.0,39.6,2026-06-24,2026-07-24,1188.0,39.6,30.0,1125.0,t,30,60,90,365,2026-06-24,3,0,0,2023-10-11,2024-06-30,5.0,5.0,5.0,5.0,5.0,5.0,0.09,10,0
831,598440933597251505,2026-06-24,city scrape,6 bdrm Calm&Private Farm In Ottawa: The Farm Haus,452865559,Tom,4,2,2,2,"Ottawa, Canada",t,1,t,Rideau-Goulbourn,45.2626973232263,-75.88773345947266,Farm stay,Entire home/apt,12,3.0,6.0,7.0,725.0,2026-06-24,2026-06-26,1450.0,725.0,2.0,1125.0,t,7,22,50,135,2026-06-24,104,39,52,2024-04-14,2026-06-07,4.98,5.0,5.0,4.9,4.98,4.96,3.89,1,1
832,598551921953558528,2026-06-24,city scrape,House near Amazon warehouse with spacious parking,364395881,Hoa,5,9,5,6,"Ottawa, Canada",f,2,f,Osgoode,45.32363,-75.46836,Farm stay,Entire home/apt,8,1.0,4.0,4.0,123.89,2026-06-24,2026-07-24,3716.75,123.89,30.0,1125.0,t,30,60,90,365,2026-06-24,1,0,0,2023-07-21,2023-07-21,5.0,5.0,5.0,5.0,5.0,5.0,0.03,2,2
833,601551036656390618,2026-06-24,city scrape,Near VIA Rail and 3km to downtown Ottawa w/parking,189267524,Lisa,8,1,4,2,"Ottawa, Canada",t,1,t,Alta Vista,45.41743,-75.64464,Entire guest suite,Entire home/apt,2,1.0,1.0,2.0,167.0,2026-07-02,2026-07-03,167.0,167.0,1.0,1125.0,t,6,26,43,218,2026-06-24,281,74,53,2022-04-17,2026-06-18,4.87,4.93,4.95,4.96,4.8,4.83,5.51,1,1
834,602261321532915534,2026-06-24,city scrape,Cozy Condo in Little Italy- Dow's Lake,139432278,Reda,8,11,4,2,"Ottawa, Canada",f,1,t,Kitchissippi,45.39786,-75.71057,Entire condo,Entire home/apt,2,1.0,1.0,1.0,96.0,2026-09-30,2026-10-30,2880.0,96.0,30.0,400.0,t,0,0,0,267,2026-06-24,2,0,0,2022-07-10,2023-09-30,5.0,5.0,5.0,5.0,4.5,5.0,0.04,1,1
835,602893300674520047,2026-06-24,city scrape,Lower Level Basement Apt HeartOfOttawa! 2Dweling!,453764473,Nicole,4,2,4,2,"Ottawa, Canada",f,1,t,Rideau-Rockcliffe,45.44859,-75.64861,Entire rental unit,Entire home/apt,2,1.0,1.0,2.0,106.49,2027-01-01,2027-01-31,3194.64,106.49,30.0,365.0,t,0,0,0,174,2026-06-24,30,0,0,2022-04-29,2023-01-07,4.33,4.43,4.57,4.77,4.4,4.4,0.59,1,1
836,603435183274785598,2026-06-24,city scrape,"Private Studio ~ Full amenities, patio & parking!",35209787,Brenda,11,0,1,3,"Ottawa, Canada",t,1,t,Innes,45.46501,-75.53072,Entire guest suite,Entire home/apt,2,1.0,1.0,2.0,154.5,2026-07-07,2026-07-09,309.0,154.5,1.0,1125.0,t,4,7,12,245,2026-06-24,71,41,53,2025-03-16,2026-06-21,4.94,4.94,4.96,5.0,4.87,4.92,4.57,1,1
837,604307505453916586,2026-06-24,city scrape,"Cheerful 4 bedroom house, with covered patio.",19073056,Kenzie,11,10,9,6,"Ottawa, Canada",t,1,t,Rideau-Goulbourn,45.20387,-75.83268,Entire home,Entire home/apt,8,2.5,4.0,5.0,479.5,2026-07-07,2026-07-09,959.0,479.5,1.0,365.0,t,5,9,19,79,2026-06-24,47,8,8,2022-04-24,2025-08-25,5.0,5.0,5.0,4.96,4.81,4.91,0.93,1,1
838,604365303237902980,2026-06-24,city scrape,Beautiful 3-Bedroom House | Centretown | 2 Parking,27666421,Melissa,11,4,9,0,"Ottawa, Canada",t,1,t,Somerset,45.41014,-75.7065,Entire home,Entire home/apt,6,1.5,3.0,4.0,550.0,2026-07-24,2026-07-26,1100.0,550.0,1.0,1125.0,t,0,6,23,203,2026-06-24,404,87,94,2022-04-14,2026-06-22,4.96,4.95,4.99,4.98,4.75,4.86,7.91,1,1
839,605698964139157936,2026-06-24,city scrape,Lovely spacious bedroom with private bathroom.,446940772,Montsi,4,3,4,2,"Ottawa, Canada",f,1,t,Beacon Hill-Cyrville,45.44326,-75.59581,Private room in townhouse,Private room,1,1.0,2.0,1.0,86.8,2026-08-16,2026-08-21,434.0,86.8,1.0,1125.0,t,0,7,37,312,2026-06-24,27,5,3,2022-05-11,2026-06-18,4.96,4.93,5.0,4.96,4.93,4.96,0.54,1,0
840,606985526323521836,2026-06-24,city scrape,Spacious Century Townhome near Byward Market,454661622,Kaleb,4,2,4,2,"Ottawa, Canada",f,1,t,Rideau-Vanier,45.43317,-75.69005,Entire townhouse,Entire home/apt,6,1.5,3.0,5.0,221.3,2026-08-03,2026-09-02,6639.0,221.3,30.0,1125.0,t,0,20,50,325,2026-06-24,10,1,1,2022-05-24,2025-08-17,4.7,4.9,4.8,5.0,4.3,4.5,0.2,1,1
841,607902737340837143,2026-06-24,city scrape,4 season cottage with hot tub in Constance Bay,205423498,Christopher,7,10,7,10,"Ottawa, Canada",f,1,t,West Carleton-March,45.49186,-76.07452,Entire cottage,Entire home/apt,8,2.0,4.0,4.0,538.0,2026-07-03,2026-07-10,3766.0,538.0,2.0,365.0,t,7,7,15,267,2026-06-24,74,22,20,2022-06-06,2026-06-07,4.95,4.93,4.97,4.96,4.96,4.8,1.5,1,1
842,609283093801195893,2026-06-24,city scrape,"Private Oasis. Kitchenette, Fireplace, Bathroom.",921101,Christine Anne,14,10,14,10,"Ottawa, Canada",t,2,t,Kitchissippi,45.40234,-75.71689,Entire guest suite,Entire home/apt,1,1.0,1.0,1.0,121.57,2026-06-25,2026-07-02,851.0,121.57,6.0,90.0,t,15,24,48,107,2026-06-24,41,8,10,2022-07-10,2026-06-13,4.8,4.95,4.83,4.88,4.88,4.8,0.85,1,1
843,611094880728329877,2026-06-24,city scrape,"Downtown , Landsdowne Canal living",58252047,Barry,10,4,9,4,"Ottawa, Canada",t,2,t,Capital,45.4043,-75.67993,Entire home,Entire home/apt,6,2.5,3.0,3.0,475.5,2026-07-04,2026-07-06,951.0,475.5,2.0,1125.0,t,11,23,41,309,2026-06-24,128,34,33,2022-08-07,2026-06-09,4.7,4.73,4.95,4.84,4.95,4.6,2.71,1,1
844,611429137089173714,2026-06-24,city scrape,Beautiful new 3Bed Townhouse in Kanata,444901365,Illya,4,4,4,2,"Ottawa, Canada",t,4,t,Stittsville-Kanata West,45.2888,-75.9201,Entire townhouse,Entire home/apt,6,2.5,3.0,3.0,311.0,2026-07-28,2026-07-30,622.0,311.0,2.0,1125.0,t,2,11,25,271,2026-06-24,155,42,41,2022-05-01,2026-04-10,4.93,4.95,4.94,4.95,4.83,4.84,3.07,1,1
845,613583656884751690,2026-06-24,city scrape,Charming 1Bed/1Bath Apartment in Trendy Westboro,456118953,Jaemin,4,1,4,0,"Ottawa, Canada",t,1,t,Kitchissippi,45.39152,-75.75607,Entire rental unit,Entire home/apt,2,1.0,1.0,2.0,205.5,2026-07-06,2026-07-08,411.0,205.5,2.0,30.0,t,7,23,39,39,2026-06-24,87,21,23,2022-07-26,2026-06-14,4.84,4.92,4.95,4.97,4.92,4.78,1.83,1,1
846,616002256316257499,2026-07-02,previous scrape,Charming Glebe Home with backyard,76051662,Karen,10,0,7,4,"Ottawa, Canada",f,3,t,Capital,45.39849853515625,-75.68831634521484,Entire home,Entire home/apt,6,1.4,3.0,2.0,173.3,0000-00-00,"""0000-00-00""",2246.7,173.3,3.0,28.0,t,0,0,0,0,2026-07-02,10,0,0,2022-05-22,2024-07-19,5.0,4.9,4.9,5.0,5.0,4.9,0.2,1,1
847,617913303423362393,2026-06-24,city scrape,Gorgeous newly built 1 bedroom in Westboro!,103744159,Daria,9,7,9,7,"Ottawa, Canada",t,1,t,Kitchissippi,45.38512,-75.74818,Entire guest suite,Entire home/apt,2,1.0,1.0,1.0,193.2,2026-07-04,2026-07-09,966.0,193.2,2.0,1125.0,t,17,28,49,224,2026-06-24,70,16,22,2022-05-07,2026-06-21,4.97,4.97,4.94,4.97,4.89,4.89,1.39,1,1
848,617945304971762730,2026-07-02,previous scrape,New apartment in Sandy Hill along Rideau river,166833046,Karen,8,5,3,8,"Ottawa, Canada",t,1,t,Rideau-Vanier,45.4271,-75.67306,Entire home,Entire home/apt,4,1.4,2.0,2.0,173.3,0000-00-00,"""0000-00-00""",2246.7,173.3,1.0,1125.0,t,0,0,0,0,2026-07-02,102,8,21,2023-03-10,2025-08-28,4.92,4.95,4.99,5.0,4.95,4.86,2.53,1,1
849,618022206198504683,2026-06-24,city scrape,Spacious Apartment in Central Ottawa,457117783,Cam,4,1,3,7,"Richmond Hill, Canada",f,2,t,Capital,45.38086,-75.67705,Entire townhouse,Entire home/apt,4,1.0,2.0,2.0,95.36,2026-07-26,2026-08-26,2956.26,95.36,31.0,1125.0,t,0,28,58,333,2026-06-24,114,10,25,2022-11-20,2025-09-30,4.61,4.64,4.92,4.76,4.73,4.62,2.6,2,2
850,619126244955784752,2026-06-24,city scrape,"Bright, modern & cozy 2BR with deck and parking",397433584,Alina,5,2,5,2,"Ottawa, Canada",f,1,t,Somerset,45.40891,-75.70931,Entire rental unit,Entire home/apt,3,1.0,2.0,2.0,102.32,2027-01-22,2027-02-21,3069.64,102.32,30.0,750.0,t,0,0,0,153,2026-06-24,7,3,5,2023-03-31,2025-12-07,4.86,4.71,5.0,5.0,4.57,4.43,0.18,1,1
851,620444842648264898,2026-06-24,city scrape,Cozy 1-bedroom in Central Ottawa,397897968,Paul,5,2,5,2,"Ottawa, Canada",f,2,t,Capital,45.402794,-75.704887,Entire rental unit,Entire home/apt,2,1.0,1.0,1.0,155.5,2026-07-13,2026-07-15,311.0,155.5,2.0,1125.0,t,4,10,26,295,2026-06-24,152,34,37,2022-06-11,2026-06-07,4.58,4.6,4.89,4.93,4.64,4.43,3.09,1,1
852,620504727064583632,2026-07-02,previous scrape,"Cozy 2BR, 8 min ✈, fully equipped, GreenboroSuite",53061151,Rosemarie,10,6,4,0,"Ottawa, Canada",f,1,t,Gloucester-Southgate,45.362503,-75.642372,Entire guest suite,Entire home/apt,6,1.4,2.0,2.0,173.3,0000-00-00,"""0000-00-00""",2246.7,173.3,2.0,30.0,t,0,0,0,0,2026-07-02,56,0,0,2022-07-02,2023-09-03,4.89,4.75,4.93,4.91,4.88,4.84,1.15,1,1
853,620938386731171435,2026-06-24,city scrape,Modern 2BR Home in Barrhaven- 2 Free parking,220284099,Olawale,7,8,4,1,"Ottawa, Canada",t,1,t,Rideau-Goulbourn,45.241417,-75.731056,Entire townhouse,Entire home/apt,4,1.5,2.0,4.0,253.0,2026-06-29,2026-06-30,253.0,253.0,1.0,30.0,t,5,6,32,302,2026-06-24,268,40,47,2022-06-07,2026-06-03,4.75,4.85,4.92,4.81,4.75,4.67,5.44,1,1
854,621544688995338716,2026-06-24,city scrape,"2 bedroom, 1.5 bathrooms townhouse",141303730,Hakim,8,11,4,1,"Ottawa, Canada",f,1,t,Innes,45.43312,-75.51811,Entire townhouse,Entire home/apt,3,1.5,2.0,2.0,100.87,2027-04-01,2027-05-01,3026.0,100.87,30.0,95.0,t,0,0,0,84,2026-06-24,1,0,0,2022-08-31,2022-08-31,4.0,4.0,5.0,5.0,4.0,4.0,0.02,1,1
855,622471030403523611,2026-06-24,city scrape,Sprawling Riverside Retreat with  HotTub & Sauna,55787321,Jackie,10,5,3,7,"Ottawa, Canada",f,1,t,West Carleton-March,45.47732,-76.01007,Entire home,Entire home/apt,10,1.4,4.0,5.0,693.5,2026-07-21,2026-07-23,1387.0,693.5,2.0,65.0,t,3,12,33,53,2026-06-24,93,24,22,2022-11-06,2026-06-14,4.84,4.8,4.96,4.94,4.88,4.62,2.1,1,1
856,624116151200790722,2026-07-02,previous scrape,Private bedroom in townhouse,8812197,Lili,12,9,7,11,"Ottawa, Canada",f,4,t,Orleans,45.48312,-75.48482,Private room in townhouse,Private room,1,1.4,2.0,2.0,173.3,0000-00-00,"""0000-00-00""",2246.7,173.3,30.0,365.0,t,0,0,0,0,2026-07-02,28,0,0,2022-05-20,2024-05-31,4.96,4.96,4.96,5.0,4.79,4.89,0.56,3,1
857,625547570444133831,2026-06-24,city scrape,The Downtown Lounge - 4 Bedroom Home w/ Parking!,458502682,HuiHui,4,1,4,0,"Ottawa, Canada",t,1,t,Somerset,45.416294,-75.705124,Entire townhouse,Entire home/apt,6,2.5,4.0,4.0,513.0,2026-06-29,2026-07-01,1026.0,513.0,1.0,1125.0,t,10,15,29,107,2026-06-24,162,43,48,2022-06-18,2026-05-17,4.82,4.85,4.98,4.89,4.83,4.7,3.31,1,1
858,627007268510817933,2026-06-24,city scrape,Private Basement Suite w/ Bath – Convenient Area,459125591,Dang Khoa,4,1,4,0,"Ottawa, Canada",t,1,t,Barrhaven,45.26227,-75.75048,Private room in bed and breakfast,Private room,3,1.0,2.0,2.0,96.0,2026-06-29,2026-06-30,96.0,96.0,1.0,5.0,t,9,9,9,9,2026-06-24,163,50,41,2022-07-18,2026-06-21,4.88,4.91,4.88,4.92,4.8,4.88,3.4,1,0
859,627623409923509997,2026-06-24,city scrape,"One level Townhouse, @corner, new bright 2 bedroom",402772385,Firas,5,1,4,11,"Ottawa, Canada",t,4,t,Stittsville-Kanata West,45.270287,-75.875938,Entire townhouse,Entire home/apt,4,1.0,2.0,2.0,148.73,2026-09-11,2026-10-11,4462.0,148.73,30.0,500.0,t,1,2,13,193,2026-06-24,15,1,1,2022-07-11,2026-03-20,5.0,4.87,4.93,5.0,5.0,4.93,0.31,1,1
860,628160653189479331,2026-06-24,city scrape,3 Bedroom 2 Full Bath Apartment with Private Yard,284283741,Matt,6,10,4,0,"Ottawa, Canada",f,1,t,College,45.3172,-75.81921,Entire guest suite,Entire home/apt,4,2.0,3.0,4.0,113.2,2026-08-21,2026-09-20,3396.0,113.2,30.0,365.0,t,15,17,47,322,2026-06-24,9,0,0,2022-09-10,2024-09-30,5.0,5.0,5.0,5.0,5.0,5.0,0.2,1,1
861,628998479341319460,2026-06-24,city scrape,OTTAWA ★ LUXURY SUITE★ 1BR 1BTH,297778649,Cloud Nine Vacations,6,8,6,8,"Ottawa, Canada",f,1,t,Somerset,45.41014,-75.71419,Entire condo,Entire home/apt,4,1.0,1.0,2.0,100.13,2026-11-01,2026-12-01,3004.0,100.13,30.0,1125.0,t,0,0,0,176,2026-06-24,1,0,0,2022-10-07,2022-10-07,5.0,5.0,5.0,5.0,5.0,5.0,0.02,1,1
862,629479407880415243,2026-07-02,previous scrape,Great Two Bedroom Townhouse with Private Rooftop!,61813437,James,10,3,3,10,"Ottawa, Canada",f,1,t,Rideau-Rockcliffe,45.45199,-75.62992,Entire townhouse,Entire home/apt,3,1.4,2.0,2.0,173.3,0000-00-00,"""0000-00-00""",2246.7,173.3,2.0,1125.0,t,0,0,0,0,2026-07-02,43,6,6,2022-08-16,2025-09-01,4.95,4.95,4.93,4.95,4.84,4.84,0.91,1,1
863,629685370264647606,2026-06-24,city scrape,Central Glebe Third Floor Space,159885492,Lindsay,8,7,8,6,"Ottawa, Canada",f,1,t,Capital,45.40521,-75.69496,Entire home,Entire home/apt,1,1.0,1.0,1.0,165.93,2026-06-24,2026-07-24,4978.0,165.93,30.0,40.0,t,30,60,90,90,2026-06-24,0,0,0,10,10,4.8,4.8,4.9,4.9,4.8,4.7,1.8,1,1
864,629689193640740458,2026-06-24,city scrape,Excellent studio in Ottawa,7109687,Myroslav,12,11,2,5,"Ottawa, Canada",f,1,t,Somerset,45.42031510501632,-75.6935012588621,Entire condo,Entire home/apt,2,1.0,1.0,1.0,77.43,2026-10-21,2026-11-20,2323.0,77.43,30.0,365.0,t,2,11,20,61,2026-06-24,3,3,2,2025-07-26,2026-05-31,4.67,5.0,4.0,4.67,4.67,4.67,0.27,1,1
865,631727349281043620,2026-06-24,city scrape,Cheerful 4 Bedroom House with Fireplace.,13155755,Mary Catharine,12,3,4,1,"Ottawa, Canada",f,1,t,College,45.3476921,-75.7345375,Entire home,Entire home/apt,6,2.0,4.0,3.0,169.63,2026-08-24,2026-09-23,5089.0,169.63,30.0,96.0,t,17,17,46,109,2026-06-24,2,1,1,2023-08-25,2025-09-04,5.0,5.0,5.0,5.0,5.0,5.0,0.06,1,1
866,634208790039092538,2026-06-24,city scrape,Room4 with private toilet,444975033,Tony,4,4,4,1,"Ottawa, Canada",f,1,t,Kanata South,45.27726,-75.84506,Private room in home,Private room,1,0.5,2.0,1.0,69.0,2026-07-02,2026-07-03,69.0,69.0,1.0,60.0,t,20,50,80,355,2026-06-24,71,8,1,2022-07-29,2026-05-18,4.77,4.82,4.83,4.9,4.79,4.8,1.49,1,0
867,634921675272826617,2026-06-24,city scrape,Bright & Spacious 2 Bedroom. With free Parking!,460949715,Jesse,4,0,4,0,"Ottawa, Canada",t,2,t,Somerset,45.40949,-75.70955,Entire rental unit,Entire home/apt,4,1.0,2.0,3.0,141.62,2026-10-11,2026-11-10,4248.6,141.62,30.0,365.0,t,0,0,1,162,2026-06-24,17,1,1,2022-05-31,2025-10-07,5.0,4.94,5.0,5.0,4.71,4.76,0.34,2,2
868,634926314166245994,2026-06-24,city scrape,Spacious 3 Bedrooms,458361319,Rose Caddy,4,1,4,0,"Ottawa, Canada",f,1,t,Gloucester-Southgate,45.37518,-75.62087,Entire home,Entire home/apt,4,1.0,3.0,3.0,63.72,2026-06-25,2026-07-25,1911.47,63.72,30.0,365.0,t,29,59,89,269,2026-06-24,4,0,1,2022-06-27,2025-05-31,4.75,4.5,5.0,5.0,4.75,4.75,0.08,1,1
869,635538406118980420,2026-06-24,city scrape,Modern 1 bed APT in Hintonburg,214173810,Irena,7,9,4,0,"Ottawa, Canada",t,1,f,Kitchissippi,45.40542,-75.72404,Entire rental unit,Entire home/apt,2,1.0,1.0,1.0,86.63,2026-10-21,2026-11-20,2599.0,86.63,30.0,180.0,t,0,6,16,257,2026-06-24,50,7,6,2022-06-06,2026-06-02,4.96,5.0,4.98,4.98,4.98,4.88,1.01,1,1
870,637381503982174097,2026-07-02,previous scrape,Cozy Bunkie on a Charming Hobby Farm,461471815,Alex,4,1,4,0,"Ottawa, Canada",f,1,t,West Carleton-March,45.40787,-76.22973,Tiny home,Entire home/apt,4,1.4,2.0,2.0,269.5,2026-07-03,2026-07-05,539.0,269.5,2.0,14.0,t,28,58,88,363,2026-07-02,45,3,7,2022-06-08,2025-10-05,4.98,4.96,5.0,4.98,4.98,4.89,0.91,1,1
871,638527121966548796,2026-06-24,city scrape,Ottawa Mini Loft Suite -A Couples Escape,138791195,Amanda,8,11,4,9,"Ottawa, Canada",t,2,t,Barrhaven,45.2726,-75.78274,Entire guesthouse,Entire home/apt,2,1.0,1.0,1.0,181.5,2026-07-07,2026-07-09,363.0,181.5,2.0,365.0,t,17,35,62,337,2026-06-24,149,41,40,2022-06-10,2026-06-22,4.89,4.89,4.95,4.96,4.82,4.78,3.03,1,1
872,639434521227825127,2026-06-24,city scrape,Nice house with 4beds,210167827,Linda,7,10,7,10,"Ottawa, Canada",f,2,t,Gloucester-South Nepean,45.26466,-75.6985,Entire home,Entire home/apt,8,2.5,4.0,4.0,958.67,2026-06-24,2026-07-24,28760.0,958.67,30.0,365.0,t,30,60,90,365,2026-06-24,0,0,0,10,10,4.8,4.8,4.9,4.9,4.8,4.7,1.8,1,1
873,642155410954867133,2026-07-02,previous scrape,"Central Canal Sunny Studio,priv parking,priv entry",146518899,Tatiana,8,10,8,10,"Ottawa, Canada",t,5,t,Capital,45.41022,-75.67991,Entire rental unit,Entire home/apt,1,1.4,2.0,2.0,173.3,0000-00-00,"""0000-00-00""",2246.7,173.3,30.0,180.0,t,0,0,0,1,2026-07-02,29,0,1,2022-07-10,2025-06-19,4.86,4.83,4.97,4.93,4.86,4.52,0.6,5,5
874,643290725424486304,2026-06-24,city scrape,"Cheerful 4 bedroom home with hottub, pool table",440279155,Sarah,4,5,3,4,"Ottawa, Canada",f,1,t,Bay,45.36501,-75.77803,Entire home,Entire home/apt,11,2.0,4.0,7.0,173.3,2026-06-26,2026-07-26,2246.7,173.3,30.0,365.0,f,28,58,88,363,2026-06-24,0,0,0,10,10,4.8,4.8,4.9,4.9,4.8,4.7,1.8,1,1
875,644444243426187892,2026-07-02,previous scrape,Adorable entire guest suite - 5' from the airport,83924653,Tram Anh,9,11,8,0,"Hanoi, Vietnam",t,1,t,Gloucester-Southgate,45.34613,-75.66296,Entire guest suite,Entire home/apt,3,1.4,1.0,2.0,173.3,0000-00-00,"""0000-00-00""",2246.7,173.3,30.0,90.0,t,0,0,0,0,2026-07-02,6,0,2,2022-08-13,2025-06-04,5.0,4.83,5.0,5.0,4.83,5.0,0.13,1,1
876,646193909823511257,2026-07-02,previous scrape,Private room in spacious condo with amazing view,5005599,Kimia,13,4,11,0,"Toronto, Canada",f,1,t,Rideau-Rockcliffe,45.44402,-75.6428,Private room in condo,Private room,1,1.4,2.0,2.0,9.28,2026-07-09,2027-01-05,1671.1,9.28,180.0,180.0,t,23,53,83,358,2026-07-02,0,0,0,10,10,4.8,4.8,4.9,4.9,4.8,4.7,1.8,1,0
877,647342211670633367,2026-07-02,previous scrape,Charming Century House in Westboro,21852250,Valérie,11,9,9,5,"Ottawa, Canada",f,2,t,Kitchissippi,45.39237,-75.74426,Entire home,Entire home/apt,4,1.4,2.0,2.0,173.3,0000-00-00,"""0000-00-00""",2246.7,173.3,4.0,18.0,t,0,0,0,0,2026-07-02,1,0,0,2022-09-19,2022-09-19,5.0,5.0,5.0,5.0,5.0,5.0,0.02,2,2
878,647745948432796402,2026-07-02,previous scrape,Charming Heritage House in Ornate Neighborhood,61850083,Roya,10,3,4,0,"Ottawa, Canada",f,1,t,Rideau-Rockcliffe,45.44218,-75.68974,Entire home,Entire home/apt,6,1.4,3.0,2.0,173.3,0000-00-00,"""0000-00-00""",2246.7,173.3,2.0,730.0,t,0,0,0,0,2026-07-02,31,0,0,2022-08-22,2024-07-21,4.94,4.9,4.97,5.0,5.0,4.87,0.66,1,1
879,648018434251332608,2026-06-24,city scrape,Lovely spacious&modern one-bedroom unit in Ottawa,120525002,Florence,9,3,4,0,"Ottawa, Canada",t,1,t,Kitchissippi,45.38864,-75.7474,Entire rental unit,Entire home/apt,2,1.0,1.0,1.0,200.0,2026-06-29,2026-06-30,200.0,200.0,1.0,1125.0,t,6,12,19,165,2026-06-24,258,70,70,2022-08-19,2026-06-17,4.99,4.99,4.99,4.99,4.95,4.94,5.5,1,1
880,648695633108670227,2026-06-24,city scrape,King Bed & Sauna | Walk to Amenities,52810809,Natalie,10,5,4,10,"Ottawa, Canada",f,31,t,College,45.35309,-75.73892,Entire serviced apartment,Entire home/apt,3,1.0,1.0,2.0,110.8,2026-07-01,2026-07-31,3324.06,110.8,30.0,364.0,t,23,53,83,358,2026-06-24,52,3,3,2022-07-22,2026-05-29,4.79,4.92,4.85,4.92,4.88,4.83,1.09,21,21
881,651206773915716039,2026-06-24,city scrape,Cheerful Bedroom in Townhouse. Room # 2,189847984,Michelle,8,1,6,11,"Ottawa, Canada",f,5,t,Barrhaven,45.26331,-75.77587,Private room in townhouse,Private room,1,1.0,2.0,1.0,15.5,2027-01-01,2027-01-31,465.0,15.5,30.0,1125.0,t,0,0,0,174,2026-06-24,40,0,5,2022-06-24,2025-04-16,4.4,4.6,4.68,4.73,4.45,4.53,0.82,5,1
882,655537600796239390,2026-06-24,city scrape,1bd newly renovated apt near civic,465679411,Zydra,4,0,0,0,"Ottawa, Canada",f,1,t,Knoxdale-Merivale,45.357771,-75.7091241,Entire rental unit,Entire home/apt,2,1.0,1.0,1.0,127.21,2026-06-24,2026-07-24,3816.31,127.21,30.0,1125.0,t,30,60,90,270,2026-06-24,0,0,0,10,10,4.8,4.8,4.9,4.9,4.8,4.7,1.8,1,1
883,656607778970934517,2026-06-24,city scrape,Stay Close to Algonquin College,31918836,Nabin,11,1,10,9,"Ottawa, Canada",f,2,t,College,45.35923,-75.74941,Private room in bed and breakfast,Private room,2,1.0,1.0,1.0,76.44,2026-06-24,2026-07-24,2293.09,76.44,30.0,365.0,t,30,60,90,365,2026-06-24,0,0,0,10,10,4.8,4.8,4.9,4.9,4.8,4.7,1.8,2,1
884,657933029979679673,2026-06-24,city scrape,Executive 1 bedroom apartment w/ office & parking.,466213210,Erin,3,11,3,11,"Ottawa, Canada",t,1,t,Somerset,45.40779,-75.70014,Entire rental unit,Entire home/apt,2,1.0,1.0,1.0,120.61,2026-10-01,2026-11-01,3738.88,120.61,31.0,1125.0,t,0,0,0,266,2026-06-24,12,3,3,2022-09-22,2026-06-06,5.0,5.0,5.0,5.0,4.83,4.75,0.26,1,1
885,658436580042855203,2026-06-24,city scrape,Cozy Rustic Waterfront Cottage,189710458,Jennifer,8,1,3,11,"Ottawa, Canada",f,1,t,West Carleton-March,45.49142,-76.22866,Entire cottage,Entire home/apt,4,1.0,2.0,3.0,292.43,2026-08-24,2026-08-28,1169.71,292.43,3.0,25.0,t,0,0,20,60,2026-06-24,75,8,8,2022-07-03,2025-10-12,5.0,4.97,4.99,4.99,4.99,4.96,1.55,1,1
886,658608804020950783,2026-06-24,city scrape,Beautiful Modern 3 Bedroom with Parking & Backyard,7354245,Lisa,12,11,12,10,"Ontario, Canada",t,29,t,College,45.36459,-75.75362,Entire home,Entire home/apt,6,1.0,3.0,3.0,200.14,2026-07-02,2026-08-01,6004.33,200.14,30.0,365.0,t,22,52,82,357,2026-06-24,4,0,0,2022-08-26,2023-07-29,4.5,4.0,4.75,5.0,4.75,5.0,0.09,20,20
887,658773640010334142,2026-06-24,city scrape,Spacious 2 brm apartment in Ottawa free parking,401767563,Roxanne,5,1,3,11,"Ottawa, Canada",t,7,t,Rideau-Vanier,45.44199,-75.65847,Entire rental unit,Entire home/apt,4,2.0,2.0,2.0,106.15,2026-10-11,2026-11-10,3184.52,106.15,30.0,1125.0,t,0,0,0,256,2026-06-24,12,3,3,2022-11-01,2026-06-01,5.0,5.0,5.0,4.92,4.75,5.0,0.27,5,5
888,659652441670861028,2026-06-24,city scrape,Above-ground basement unit with private bathroom.,12164771,John,12,4,7,1,"Ottawa, Canada",f,1,t,Kanata North,45.32188,-75.92982,Private room in townhouse,Private room,2,1.0,2.0,1.0,92.93,2026-06-26,2026-07-26,2788.0,92.93,30.0,1125.0,t,28,58,88,363,2026-06-24,0,0,0,10,10,4.8,4.8,4.9,4.9,4.8,4.7,1.8,1,0
889,660200193962297023,2026-06-24,city scrape,Sleeps 8+ close to Tanger outlets modern house,289013551,Iris,6,9,4,2,"Ottawa, Canada",t,1,t,Stittsville-Kanata West,45.27334,-75.94289,Private room in villa,Private room,8,3.5,4.0,4.0,472.0,2026-07-01,2026-07-03,944.0,472.0,2.0,365.0,t,14,30,49,49,2026-06-24,171,50,47,2022-08-08,2026-06-13,4.93,4.91,4.96,4.92,4.94,4.91,3.62,1,0
890,661387502790162115,2026-07-02,previous scrape,"4-Bedroom Home, Sleeps 8+",64762834,Lisa,10,2,10,2,"Gatineau, Canada",f,7,t,Rideau-Vanier,45.43769,-75.66324,Entire home,Entire home/apt,9,1.4,4.0,2.0,173.3,0000-00-00,"""0000-00-00""",2246.7,173.3,30.0,120.0,t,0,0,1,1,2026-07-02,1,1,0,2026-06-01,2026-06-01,5.0,5.0,5.0,5.0,5.0,5.0,0.94,6,6
891,663750276007082587,2026-06-24,city scrape,Angie's Place,208899961,Angela,7,10,3,5,"Ottawa, Canada",t,1,t,Kanata North,45.31402,-75.92801,Entire guest suite,Entire home/apt,2,1.0,1.0,1.0,166.0,2026-08-17,2026-08-18,166.0,166.0,1.0,1125.0,t,0,5,17,277,2026-06-24,145,43,43,2023-02-02,2026-05-30,4.97,4.98,4.99,4.97,4.97,4.95,3.51,1,1
892,664575027243458132,2026-06-24,city scrape,Welcome to your Shoreline Getaway,467859663,James,3,11,3,10,"Ottawa, Canada",f,1,t,West Carleton-March,45.48012,-76.05216,Entire home,Entire home/apt,8,2.0,3.0,2.0,1407.67,2026-07-20,2026-07-23,4223.0,1407.67,2.0,730.0,t,4,24,54,329,2026-06-24,28,5,6,2022-09-11,2026-04-05,4.5,4.57,4.89,4.68,4.71,4.21,0.61,1,1
893,665260885196062176,2026-07-02,previous scrape,Work or Study in Ottawa,468038000,Mehrdad,3,11,3,11,"Ottawa, Canada",t,2,t,Rideau-Vanier,45.43223,-75.6618,Entire rental unit,Entire home/apt,2,1.4,1.0,2.0,53.31,2026-11-16,2027-01-15,3198.62,53.31,60.0,1125.0,t,0,9,10,238,2026-07-02,18,5,3,2022-10-05,2026-04-25,4.83,4.83,4.94,4.78,4.67,4.72,0.4,2,2
894,666655034608175298,2026-07-02,previous scrape,Spacious bungalow in the center of the city,137115362,Andrew,9,0,9,0,"Ottawa, Canada",f,1,t,River,45.37725,-75.74105,Entire home,Entire home/apt,6,1.4,3.0,2.0,173.3,0000-00-00,"""0000-00-00""",2246.7,173.3,3.0,8.0,t,0,0,0,0,2026-07-02,11,0,0,2022-08-21,2024-03-31,4.73,4.82,4.91,5.0,4.91,4.82,0.23,1,1
895,667639706620026005,2026-07-02,previous scrape,"3 Bedroom Cozy Family Home, Close to all amenities",18842066,Walid,11,11,4,7,"Ottawa, Canada",f,4,t,Innes,45.43099,-75.51207,Entire townhouse,Entire home/apt,6,1.4,3.0,2.0,173.3,0000-00-00,"""0000-00-00""",2246.7,173.3,30.0,1125.0,t,0,0,0,0,2026-07-02,163,0,19,2022-08-30,2025-05-25,4.69,4.74,4.88,4.91,4.68,4.69,3.49,2,2
896,668691724473720096,2026-06-24,city scrape,Private bedroom in downtown Ottawa,377558188,Momodou,5,6,2,3,"Ottawa, Canada",f,2,t,Somerset,45.41761474556793,-75.69904021918774,Private room in rental unit,Private room,2,1.0,1.0,1.0,84.44,2026-06-24,2026-07-24,2533.15,84.44,30.0,365.0,t,30,60,90,365,2026-06-24,24,0,0,2024-03-13,2024-12-08,4.79,4.83,4.79,4.83,4.92,4.71,0.86,1,0
897,669764796143093793,2026-06-24,city scrape,Cozy 2-bedroom in Ottawa-East,148616774,Mikaela,8,9,2,11,"Ottawa, Canada",f,1,t,Beacon Hill-Cyrville,45.44528,-75.61257,Entire condo,Entire home/apt,4,1.0,2.0,2.0,206.0,2026-06-25,2026-06-26,206.0,206.0,1.0,7.0,t,14,37,67,67,2026-06-24,4,0,0,2023-12-29,2024-08-16,4.5,4.25,5.0,5.0,4.5,4.5,0.13,1,1
898,671116164150352684,2026-06-24,city scrape,Downtown - Large Modern 2 BR APT + 1 Free Parking,182086632,Jean Pierre Eric,8,2,6,5,"Ottawa, Canada",f,2,t,Rideau-Vanier,45.43374,-75.69072,Entire rental unit,Entire home/apt,6,2.0,2.0,4.0,76.97,2026-06-24,2026-07-24,2309.03,76.97,30.0,365.0,t,30,60,66,239,2026-06-24,259,0,12,2022-08-06,2025-03-13,4.71,4.8,4.77,4.89,4.38,4.62,5.48,2,2
899,671246627762096303,2026-06-24,city scrape,Cheerful Private Room in a 4-bedroom Home - Ottawa,135081108,Amit,9,0,4,9,"Ottawa, Canada",t,2,t,Innes,45.4653088,-75.5308151,Private room in home,Private room,1,1.5,2.0,1.0,58.2,2027-01-01,2027-01-06,291.0,58.2,5.0,60.0,t,0,0,0,174,2026-06-24,7,2,2,2023-09-13,2025-08-31,5.0,5.0,5.0,5.0,5.0,4.86,0.21,2,0
900,673144366370526590,2026-06-24,city scrape,Modern Studio w/Full Kitchen Near Downtown & River,54395835,Lauren,10,5,3,11,"Ottawa, Canada",t,1,t,Rideau-Rockcliffe,45.42525,-75.66288999999999,Entire guest suite,Entire home/apt,2,1.0,2.0,2.0,101.27,2026-06-26,2026-07-26,3038.0,101.27,30.0,365.0,t,28,58,88,178,2026-06-24,7,2,4,2023-09-14,2025-11-08,4.71,4.71,4.86,4.71,4.71,4.29,0.21,1,1
901,673874244809160732,2026-06-24,city scrape,New 1BR Walk Out Basement Apt Private Entrance,69286173,Igor,10,1,3,5,"Ottawa, Canada",t,1,t,Stittsville-Kanata West,45.28686,-75.89252,Entire home,Entire home/apt,2,1.0,1.0,1.0,169.0,2026-06-25,2026-06-26,169.0,169.0,1.0,19.0,t,11,23,45,45,2026-06-24,156,44,47,2023-01-29,2026-06-21,4.97,4.97,5.0,4.97,4.92,4.92,3.77,1,1
902,674613842446997025,2026-06-24,city scrape,Spacious Private Room with Ensuite Bathroom,23211413,Alexey,11,7,3,10,"Ottawa, Canada",f,2,t,Stittsville-Kanata West,45.27032,-75.88151,Private room in townhouse,Private room,2,1.4,2.0,1.0,126.0,2026-06-24,2026-06-25,126.0,126.0,1.0,20.0,t,26,56,86,266,2026-06-24,19,1,0,2022-08-18,2026-06-11,5.0,4.95,5.0,4.95,4.84,4.95,0.41,2,1
903,676284231068237701,2026-06-24,city scrape,Bright & Warm Room,56652346,Jason,10,4,3,10,"Ottawa, Canada",t,2,t,Orleans,45.48325,-75.50677,Private room in townhouse,Private room,1,1.0,1.0,1.0,38.98,2026-07-25,2026-08-24,1169.32,38.98,30.0,270.0,t,0,29,59,149,2026-06-24,9,2,2,2023-08-31,2026-05-30,5.0,5.0,5.0,5.0,4.89,5.0,0.26,2,0
904,676290892295217663,2026-06-24,city scrape,Luxurious & bright townhouse in Barrhaven!,461232551,Noor,4,0,3,11,"Ottawa, Canada",t,1,t,Rideau-Goulbourn,45.2331999,-75.73416,Entire townhouse,Entire home/apt,2,1.5,2.0,2.0,142.7,2026-06-25,2026-07-25,4280.9,142.7,30.0,120.0,t,29,59,89,179,2026-06-24,48,3,11,2022-09-01,2025-08-13,5.0,4.96,5.0,5.0,4.92,4.9,1.03,1,1
905,676995771213900352,2026-06-24,city scrape,"Stylish Murphy Room | Parking, Kitchenette & TV",196595586,Jenny,8,0,3,11,Canada,f,2,t,Rideau-Rockcliffe,45.42305,-75.65493,Private room in townhouse,Private room,2,1.5,2.0,1.0,144.0,2026-07-07,2026-07-08,144.0,144.0,1.0,365.0,t,6,14,21,172,2026-06-24,26,8,9,2022-08-31,2026-06-04,4.88,4.85,4.85,4.88,4.81,4.69,0.56,2,0
906,677006163722701736,2026-06-24,city scrape,Private room near Bayshore Bus Station,455560137,Alan,4,2,3,10,"Ottawa, Canada",t,7,t,Bay,45.35093,-75.80867,Private room in townhouse,Private room,1,1.0,2.0,1.0,35.9,2026-07-01,2026-07-31,1077.0,35.9,30.0,365.0,t,23,53,83,358,2026-06-24,10,1,0,2022-12-24,2026-05-11,4.9,4.9,5.0,4.9,4.8,4.8,0.23,3,0
907,677726911206010018,2026-06-24,city scrape,"* Modern, Elegant Apartment near Downtown Ottawa *",238995587,Luxury Rentals,7,4,3,9,Canada,f,2,t,Beacon Hill-Cyrville,45.43691,-75.60681,Entire rental unit,Entire home/apt,2,1.0,1.0,2.0,119.47,2026-08-10,2026-09-09,3583.96,119.47,30.0,1125.0,t,26,43,73,73,2026-06-24,1,1,1,2025-10-10,2025-10-10,5.0,5.0,5.0,5.0,5.0,5.0,0.12,1,1
908,678458749746219522,2026-06-24,city scrape,2-bed pet friendly house with parking and patio,184148145,Emily,8,2,3,3,"Ottawa, Canada",t,1,t,Gloucester-South Nepean,45.27021,-75.68935,Entire home,Entire home/apt,4,2.5,2.0,2.0,126.13,2026-12-01,2026-12-31,3784.01,126.13,30.0,1125.0,t,0,1,9,214,2026-06-24,11,4,4,2023-09-30,2026-04-01,5.0,5.0,5.0,5.0,4.91,4.82,0.33,1,1
909,679035412776453746,2026-06-24,city scrape,Central Ottawa One Bedroom Apartment with Balcony,80676282,Angela,9,11,3,10,"Ottawa, Canada",f,4,t,Somerset,45.4118181,-75.69695430000002,Entire rental unit,Entire home/apt,2,1.0,1.0,1.0,93.2,2026-11-21,2026-12-22,2889.1,93.2,31.0,1125.0,t,0,0,0,210,2026-06-24,5,0,0,2022-10-15,2024-09-12,4.6,4.2,5.0,5.0,4.8,4.0,0.11,4,4
910,679046858067780595,2026-06-24,city scrape,Downtown Ottawa Lovely 2 Bedroom Apartment,80676282,Angela,9,11,3,10,"Ottawa, Canada",f,4,t,Somerset,45.4109639,-75.70000209999999,Entire rental unit,Entire home/apt,4,1.0,2.0,3.0,79.52,2026-06-25,2026-07-26,2465.08,79.52,31.0,1125.0,t,29,59,89,350,2026-06-24,7,2,2,2023-02-11,2025-09-06,2.43,2.57,4.14,3.0,3.71,1.86,0.17,4,4
911,679063902358925928,2026-06-24,city scrape,Downtown Ottawa Charming One Bedroom with Balcony,80676282,Angela,9,11,3,10,"Ottawa, Canada",f,4,t,Somerset,45.4109639,-75.70000209999999,Entire rental unit,Entire home/apt,2,1.0,1.0,1.0,74.37,2026-07-10,2026-08-10,2305.49,74.37,31.0,1125.0,t,14,44,74,344,2026-06-24,7,1,2,2022-09-26,2025-07-31,4.0,4.0,4.86,4.86,4.71,3.86,0.15,4,4
912,679171666543561275,2026-06-24,city scrape,Luxurious NEW 1B app w/ laundry - mins to DT!,471561098,Nicole,3,10,3,10,"Ottawa, Canada",f,2,t,Kitchissippi,45.40108,-75.72542,Entire guest suite,Entire home/apt,2,1.0,1.0,2.0,92.62,2026-08-03,2026-09-02,2778.72,92.62,30.0,365.0,t,0,21,51,326,2026-06-24,3,1,1,2022-08-15,2025-10-24,5.0,5.0,5.0,5.0,5.0,5.0,0.06,2,2
913,680403134339171977,2026-06-24,city scrape,Luxury Home with Tempur-Pedic King Beds,52810809,Natalie,10,5,4,10,"Ottawa, Canada",f,31,t,College,45.34264,-75.7392,Entire rental unit,Entire home/apt,4,2.0,2.0,2.0,110.03,2026-11-15,2026-12-15,3300.83,110.03,30.0,364.0,t,6,19,21,242,2026-06-24,153,7,23,2022-08-05,2025-08-11,4.83,4.85,4.8,4.84,4.84,4.75,3.23,21,21
914,680412127728970774,2026-06-24,city scrape,Lovely 2 Bedroom Apt in Orleans w/Free Parking,228248550,"Paulos,S",7,6,7,6,"Ottawa, Canada",f,2,t,Innes,45.4557,-75.52438,Entire rental unit,Entire home/apt,4,1.0,2.0,2.0,269.0,2026-07-02,2026-07-04,538.0,269.0,2.0,1125.0,t,6,25,55,235,2026-06-24,85,17,18,2022-08-05,2026-05-29,4.81,4.86,4.84,4.74,4.88,4.76,1.8,2,2
915,680475828181478713,2026-06-24,city scrape,Cozy Apartment - Nepean | Near All Amenities,52810809,Natalie,10,5,4,10,"Ottawa, Canada",f,31,t,College,45.34797,-75.73969,Entire rental unit,Entire home/apt,2,1.0,1.0,1.0,94.34,2026-06-27,2026-07-27,2830.15,94.34,30.0,364.0,t,27,57,87,362,2026-06-24,48,2,4,2022-07-29,2025-09-01,4.88,4.92,5.0,4.96,4.81,4.85,1.01,21,21
916,681353739029826791,2026-06-24,city scrape,Amazing exclusive house experience.,8368767,Jamie,12,10,3,10,"Ottawa, Canada",f,1,t,Rideau-Vanier,45.429,-75.69269,Entire home,Entire home/apt,4,1.0,1.0,3.0,55.33,2026-06-24,2026-07-24,1660.0,55.33,30.0,90.0,t,30,60,90,365,2026-06-24,0,0,0,10,10,4.8,4.8,4.9,4.9,4.8,4.7,1.8,1,1
917,682412922996479823,2026-06-24,city scrape,NEW luxury spacious Studio - mins to DT w/ parking,471561098,Nicole,3,10,3,10,"Ottawa, Canada",f,2,t,Kitchissippi,45.40098,-75.72381,Entire guest suite,Entire home/apt,2,1.0,1.0,1.0,89.6,2026-10-30,2026-11-29,2688.01,89.6,30.0,730.0,t,0,0,0,237,2026-06-24,19,0,0,2022-09-15,2024-12-28,5.0,5.0,4.95,5.0,5.0,4.95,0.41,2,2
918,683419774853717077,2026-06-24,city scrape,Entire house with Exercise equipment,278907473,Steve.O,6,11,3,10,"Ottawa, Canada",t,2,t,Innes,45.4602562,-75.5101628,Entire home,Entire home/apt,9,2.5,3.0,4.0,278.13,2026-08-05,2026-08-20,4172.0,278.13,15.0,1125.0,t,4,22,51,324,2026-06-24,155,37,50,2022-09-29,2026-05-22,4.79,4.8,4.97,4.91,4.91,4.72,3.41,2,2
919,685651263216556433,2026-06-24,city scrape,Cozy&ElegantRoom w/QueenBed/Desk/prking inKanata#2,472593398,Gill,3,10,3,10,"Ottawa, Canada",f,13,t,Stittsville-Kanata West,45.27594150561014,-75.8830889265531,Private room in home,Private room,2,1.5,2.0,1.0,58.0,2026-06-28,2026-06-29,58.0,58.0,1.0,20.0,t,25,55,85,360,2026-06-24,39,20,9,2022-08-31,2026-06-19,4.69,4.9,4.97,4.82,4.85,4.77,0.84,13,0
920,685651303796417715,2026-06-24,city scrape,NOCleanFee!PrivateRm/SelfCheck-in&KingBed inKanata,472593398,Gill,3,10,3,10,"Ottawa, Canada",f,13,t,Stittsville-Kanata West,45.276347,-75.88369,Private room in home,Private room,2,1.5,2.0,1.0,59.0,2026-06-26,2026-06-27,59.0,59.0,1.0,20.0,t,26,55,82,357,2026-06-24,397,119,106,2022-08-28,2026-06-19,4.78,4.85,4.9,4.87,4.78,4.77,8.53,13,0
921,685715359900573434,2026-06-24,city scrape,"Cozy 3-BR furnished townhouse, home away from home",214009347,Elsie,7,9,3,10,"Ottawa, Canada",f,1,t,Gloucester-South Nepean,45.28377,-75.68284,Private room in townhouse,Private room,10,2.5,3.0,5.0,180.8,2027-01-01,2027-01-31,5424.0,180.8,30.0,1125.0,t,0,0,0,174,2026-06-24,11,1,7,2023-02-18,2025-08-31,4.91,4.91,5.0,5.0,4.91,4.91,0.27,1,0
922,686985838574453110,2026-07-02,previous scrape,3-bedroom Ottawa townhouse in Orleans,8812197,Lili,12,9,7,11,"Ottawa, Canada",f,4,t,Orleans,45.48482,-75.48638,Entire townhouse,Entire home/apt,4,1.4,3.0,2.0,173.3,0000-00-00,"""0000-00-00""",2246.7,173.3,100.0,365.0,t,0,0,0,0,2026-07-02,0,0,0,10,10,4.8,4.8,4.9,4.9,4.8,4.7,1.8,3,1
923,687080357423236579,2026-06-24,city scrape,Almost like HOME,346189961,Ruth,6,1,3,1,"Ottawa, Canada",f,1,t,Knoxdale-Merivale,45.33517,-75.75592,Private room in rental unit,Private room,2,1.0,2.0,2.0,78.1,2026-06-25,2026-07-25,2342.88,78.1,30.0,1125.0,t,29,59,89,269,2026-06-24,0,0,0,10,10,4.8,4.8,4.9,4.9,4.8,4.7,1.8,1,0
924,687604068238870661,2026-06-24,city scrape,Homestyle cottage for a couple or more!,196641898,Vick,8,0,4,8,"Ottawa, Canada",f,6,t,West Carleton-March,45.51002,-76.14621,Entire cottage,Entire home/apt,4,2.0,1.0,2.0,265.33,2026-06-25,2026-06-28,796.0,265.33,3.0,365.0,t,26,56,86,361,2026-06-24,0,0,0,10,10,4.8,4.8,4.9,4.9,4.8,4.7,1.8,6,6
925,689087683164497071,2026-06-24,city scrape,Family-friendly townhome near attractions,306644321,Hamza,6,7,3,10,"Ottawa, Canada",t,1,t,Barrhaven,45.2889,-75.73332,Entire home,Entire home/apt,6,2.5,3.0,3.0,455.9,2026-06-29,2026-07-01,911.8,455.9,2.0,1125.0,t,10,30,36,301,2026-06-24,44,16,13,2022-09-04,2026-06-17,4.95,4.95,4.98,4.95,4.91,4.86,0.95,1,1
926,689697142477204903,2026-06-24,city scrape,Gorgeous upscale end unit townhouse w/ fireplace,80710424,Sara,9,11,3,8,"Ottawa, Canada",f,1,t,Gloucester-South Nepean,45.269264,-75.6913184,Entire home,Entire home/apt,6,2.5,3.0,3.0,158.2,2026-08-01,2026-08-31,4746.05,158.2,30.0,182.0,t,0,22,52,327,2026-06-24,2,0,0,2022-11-30,2023-02-27,5.0,5.0,5.0,5.0,5.0,4.0,0.05,1,1
927,691481563034436856,2026-06-24,city scrape,"Private & Cosy, Renovated, in Beechwood !",290148260,Vincent,6,9,6,9,"Ottawa, Canada",t,5,t,Rideau-Rockcliffe,45.44142,-75.67638,Entire guest suite,Entire home/apt,3,1.0,1.0,1.0,72.73,2026-06-24,2026-07-24,2181.93,72.73,30.0,365.0,t,30,60,90,365,2026-06-24,1,0,0,2023-08-27,2023-08-27,5.0,5.0,5.0,5.0,5.0,5.0,0.03,5,5
928,693468147116589893,2026-06-24,city scrape,Top Floor Downtown Apartment,49022691,Carol,10,7,8,11,"Ottawa, Canada",t,7,t,Somerset,45.41499,-75.69389,Entire rental unit,Entire home/apt,2,1.0,1.0,1.0,99.57,2026-06-24,2026-07-24,2987.0,99.57,30.0,365.0,t,30,60,90,365,2026-06-24,2,2,1,2025-09-16,2026-04-30,4.5,4.5,4.5,5.0,5.0,4.5,0.21,5,5
929,693711975462044927,2026-06-24,city scrape,Rideau River Retreat in heart of Ottawa,278050619,Eva And Sam,6,11,3,10,"Ottawa, Canada",t,1,t,River,45.34347189728256,-75.69549549154053,Entire home,Entire home/apt,6,2.0,3.0,3.0,451.0,2026-07-04,2026-07-06,902.0,451.0,1.0,365.0,t,7,18,38,296,2026-06-24,50,27,19,2022-09-04,2026-06-22,4.98,4.98,5.0,5.0,4.96,4.98,1.08,1,1
930,694391543566082803,2026-06-24,city scrape,Bright colourful Studio apartment,47238547,Siobhan,10,8,4,7,"Ottawa, Canada",f,2,t,Rideau-Vanier,45.43493607252802,-75.68825304508209,Entire rental unit,Entire home/apt,2,1.4,1.0,1.0,64.45,2026-06-24,2026-07-24,1933.6,64.45,30.0,365.0,t,30,60,90,365,2026-06-24,11,4,5,2023-04-29,2026-02-06,4.64,4.45,4.73,4.55,4.82,4.0,0.29,2,2
931,694479872234226648,2026-06-24,city scrape,Rideau River / Kingsview Park / Tudor Style House,238110112,Marc,7,5,3,6,"Ottawa, Canada",t,1,t,Rideau-Vanier,45.43427,-75.66992,Entire home,Entire home/apt,4,1.0,2.0,2.0,518.66,2026-07-04,2026-07-05,518.66,518.66,1.0,1125.0,t,4,8,13,88,2026-06-24,137,40,38,2022-12-29,2026-06-20,4.99,4.98,5.0,4.99,4.95,4.88,3.23,1,1
932,694884439106324382,2026-06-24,city scrape,Spacious 2 bedroom in Byward Market w/ parking,5545904,Ana,13,3,8,10,"Ottawa, Canada",t,1,t,Rideau-Vanier,45.4296562,-75.6951558,Entire rental unit,Entire home/apt,6,2.0,2.0,3.0,468.0,2026-07-03,2026-07-05,936.0,468.0,1.0,14.0,t,5,13,28,40,2026-06-24,116,12,12,2023-01-02,2026-06-14,4.91,4.96,4.99,4.98,4.97,4.83,2.74,1,1
933,695090078338559198,2026-06-24,city scrape,Master Bedroom Retreat • Near Bank St & Billings,41209181,Abdur,10,10,5,0,"New York, NY",f,6,t,Capital,45.38238,-75.67258,Private room in townhouse,Private room,2,1.5,2.0,1.0,120.0,2026-06-24,2026-06-25,120.0,120.0,1.0,1125.0,t,24,52,82,356,2026-06-24,93,21,42,2022-08-20,2026-06-15,4.78,4.82,4.88,4.82,4.83,4.66,1.99,2,0
934,695644862396396984,2026-07-02,previous scrape,Bright 2-Bed / 2BR w/ Backyard Oasis w/Parking,475497236,Katherine,3,10,3,4,"Ottawa, Canada",f,1,t,River,45.34557,-75.66986,Private room in home,Private room,4,1.4,2.0,2.0,173.3,0000-00-00,"""0000-00-00""",2246.7,173.3,1.0,14.0,t,0,0,0,0,2026-07-02,200,0,0,2023-02-19,2024-10-28,4.94,4.92,4.96,4.96,4.86,4.9,4.88,1,0
935,697192711261694238,2026-06-24,city scrape,NOCleanfee!Comfy roomw/QueenBed/parking inKanata#3,472593398,Gill,3,10,3,10,"Ottawa, Canada",f,13,t,Stittsville-Kanata West,45.27654858101943,-75.8835557475686,Private room in home,Private room,2,1.5,2.0,1.0,58.0,2026-06-25,2026-06-26,58.0,58.0,1.0,20.0,t,27,57,87,362,2026-06-24,22,3,9,2022-09-12,2025-12-28,4.77,4.77,4.95,4.95,4.64,4.91,0.48,13,0
936,700217214882613901,2026-06-24,city scrape,Recharge at this Hidden Gem 10 min from downtown,476455420,Viviana,3,10,3,9,"Ottawa, Canada",t,1,t,Rideau-Rockcliffe,45.44743,-75.63245,Entire home,Entire home/apt,6,1.5,3.0,3.0,343.0,2026-07-20,2026-07-21,343.0,343.0,1.0,28.0,t,1,7,27,54,2026-06-24,459,118,115,2022-08-29,2026-06-21,4.92,4.92,4.98,4.98,4.82,4.87,9.86,1,1
937,701395938566770685,2026-06-24,city scrape,"Bright 2-bedroom with 3 beds, 1 block from Canal.",95217498,Aurora,9,9,9,8,"Ottawa, Canada",t,3,t,Capital,45.40622,-75.68,Entire home,Entire home/apt,6,1.0,2.0,3.0,485.0,2026-07-15,2026-07-16,485.0,485.0,1.0,1125.0,t,8,17,30,285,2026-06-24,328,97,88,2022-09-12,2026-06-08,4.84,4.83,4.92,4.89,4.86,4.71,7.12,3,3
938,702299454842917257,2026-06-24,city scrape,"Luxury 10 Bedroom Mansion w/HotTub, Pool Table&Gym",476870267,Ahmad,3,9,3,9,"Ottawa, Canada",t,1,t,River,45.35471,-75.68972,Entire villa,Entire home/apt,10,4.5,10.0,11.0,911.0,2026-07-05,2026-07-06,911.0,911.0,1.0,1125.0,t,5,14,30,301,2026-06-24,315,63,75,2022-11-28,2026-06-17,4.88,4.85,4.98,4.95,4.83,4.84,7.24,1,1
939,702899828838303595,2026-06-24,city scrape,Snug cabin in the woods!,196641898,Vick,8,0,4,8,"Ottawa, Canada",f,6,t,West Carleton-March,45.50963,-76.14836,Entire cottage,Entire home/apt,4,2.0,1.0,2.0,196.67,2026-06-25,2026-06-28,590.0,196.67,3.0,1125.0,t,24,49,79,354,2026-06-24,3,1,0,2023-07-09,2026-05-29,4.67,5.0,4.67,5.0,5.0,5.0,0.08,6,6
940,702927370861538876,2026-06-24,city scrape,Cheerful two bedroom with all the amenities needed,118362603,Isaac,9,3,3,9,"Ottawa, Canada",f,1,t,River,45.35036239999999,-75.66657239999999,Entire guest suite,Entire home/apt,4,1.0,2.0,3.0,165.93,2026-06-24,2026-07-24,4978.0,165.93,30.0,365.0,t,30,60,90,365,2026-06-24,0,0,0,10,10,4.8,4.8,4.9,4.9,4.8,4.7,1.8,1,1
941,702974338263726724,2026-06-24,city scrape,NOCleanfee!Cheerful room w/parking&Wifi inKanata#3,472593398,Gill,3,10,3,10,"Ottawa, Canada",f,13,t,Stittsville-Kanata West,45.27654858101943,-75.8835557475686,Private room in home,Private room,2,1.5,2.0,1.0,57.0,2026-06-25,2026-06-26,57.0,57.0,1.0,20.0,t,27,57,87,362,2026-06-24,172,18,24,2022-10-08,2026-06-08,4.84,4.9,4.95,4.92,4.87,4.87,3.81,13,0
942,703800588187256750,2026-06-24,city scrape,Spacious and modern 1-bedroom condo with pool,44670047,Wendy,10,9,3,9,"Ottawa, Canada",t,1,t,Rideau-Vanier,45.42836,-75.68722,Entire condo,Entire home/apt,2,1.0,1.0,1.0,119.84,2026-07-28,2026-08-27,3595.08,119.84,30.0,250.0,t,0,26,33,207,2026-06-24,14,3,3,2022-11-01,2026-05-30,5.0,5.0,4.93,5.0,4.93,4.86,0.32,1,1
943,703885667162779823,2026-06-24,city scrape,Room near South Keys transit and shopping centre,9319196,Daniel,12,8,9,11,"Ottawa, Canada",t,2,t,River,45.35183,-75.65758,Private room in home,Private room,1,1.5,2.0,1.0,37.63,2026-07-01,2026-07-31,1129.0,37.63,30.0,365.0,t,23,53,83,358,2026-06-24,15,4,3,2023-04-08,2026-05-09,5.0,4.87,4.93,4.87,4.87,4.73,0.38,2,0
944,705271948873559154,2026-06-24,city scrape,"Brand New Luxury Home W/8Beds, Hot-tub, Pool Table",477437239,Gia,3,9,3,9,"Ottawa, Canada",t,1,t,Gloucester-Southgate,45.34468,-75.62419,Entire villa,Entire home/apt,10,2.5,4.0,8.0,626.0,2026-07-02,2026-07-03,626.0,626.0,1.0,1125.0,t,4,9,23,55,2026-06-24,318,76,79,2022-09-02,2026-06-21,4.91,4.92,4.96,4.92,4.86,4.85,6.85,1,1
945,707178188069622178,2026-06-24,city scrape,Modern apartment in upscale Sandy Hill w Parking,31684913,Stan,11,2,3,7,"Ottawa, Canada",f,2,t,Rideau-Vanier,45.42915,-75.67519,Entire guest suite,Entire home/apt,2,1.0,1.0,1.0,84.07,2026-10-20,2026-11-19,2522.08,84.07,30.0,180.0,t,0,1,7,254,2026-06-24,12,3,4,2023-04-09,2026-05-24,4.83,4.92,5.0,4.92,5.0,4.5,0.31,1,1
946,707279392101475349,2026-06-24,city scrape,"Entire basement, Wide Windows, Private Bath&Office",141938927,Pam,8,11,3,5,"Ottawa, Canada",f,1,t,Cumberland,45.44221,-75.47925,Entire guest suite,Entire home/apt,2,1.0,1.0,2.0,130.78,2026-06-24,2026-06-25,130.78,130.78,1.0,1125.0,t,24,54,84,264,2026-06-24,16,8,4,2024-07-06,2026-06-11,4.88,4.88,4.94,4.94,4.75,4.63,0.67,1,1
947,710179072182368389,2026-06-24,city scrape,Casa Mia Beach House,22350228,Jenny,11,8,7,5,"Ottawa, Canada",t,20,t,West Carleton-March,45.50441,-76.08493,Entire cottage,Entire home/apt,4,1.0,2.0,2.0,326.0,2026-06-25,2026-06-26,326.0,326.0,1.0,365.0,t,12,32,51,326,2026-06-24,213,56,64,2023-01-08,2026-06-21,4.73,4.82,4.94,4.85,4.77,4.54,5.06,15,15
948,711240849962102573,2026-06-24,city scrape,Exquisite 2&2 nestled near Byward Market,27712287,Christian,11,4,8,3,"Gatineau, Canada",f,6,t,Rideau-Vanier,45.43149,-75.69302,Entire townhouse,Entire home/apt,5,2.5,2.0,2.0,422.24,2026-07-06,2026-07-07,422.24,422.24,1.0,1125.0,t,8,17,47,47,2026-06-24,200,57,57,2022-11-18,2026-06-17,4.7,4.77,4.66,4.73,4.75,4.64,4.56,3,3
949,713883908861814046,2026-06-24,city scrape,Cozy Private Queen Room in a stylish Townhome,225930932,Gbenga,7,7,3,0,"Ontario, Canada",f,2,t,Stittsville-Kanata West,45.26625,-75.89122,Private room in townhouse,Private room,2,1.5,2.0,1.0,84.72,2026-06-24,2026-07-24,2541.66,84.72,30.0,1125.0,t,30,60,90,365,2026-06-24,47,0,1,2023-06-10,2025-01-26,4.98,4.91,4.96,4.98,4.94,4.98,1.27,2,0
950,715238791225385818,2026-06-24,city scrape,Spacious Brand new house in heart of barrhaven,479388983,Manjot Singh,3,9,3,9,"Ottawa, Canada",f,1,t,Barrhaven,45.25037,-75.75769,Private room in home,Private room,1,1.0,2.0,2.0,58.07,2026-06-24,2026-07-24,1742.23,58.07,30.0,1125.0,t,30,60,90,365,2026-06-24,0,0,0,10,10,4.8,4.8,4.9,4.9,4.8,4.7,1.8,1,0
951,719011486816923330,2026-06-24,city scrape,NOCleanFee!ModernRmw/SelfCheck-in&parknginKanata#2,472593398,Gill,3,10,3,10,"Ottawa, Canada",f,13,t,Stittsville-Kanata West,45.2765486,-75.8835558,Private room in home,Private room,2,1.5,2.0,1.0,57.0,2026-06-28,2026-06-29,57.0,57.0,1.0,20.0,t,25,55,85,360,2026-06-24,297,77,90,2022-10-09,2026-06-20,4.79,4.9,4.93,4.94,4.8,4.8,6.58,13,0
952,719526365980294644,2026-06-24,city scrape,Luxury 1-bedroom home with patio,470194310,Yh,3,11,3,10,"Ottawa, Canada",t,1,t,Alta Vista,45.39219,-75.66311,Entire home,Entire home/apt,2,1.0,1.0,1.0,289.0,2026-06-29,2026-07-01,578.0,289.0,2.0,360.0,t,5,16,29,249,2026-06-24,62,26,19,2022-10-28,2026-06-21,4.97,4.92,4.98,4.98,4.97,4.87,1.39,1,1
953,721780456179808701,2026-06-24,city scrape,Beautiful ensuite room with free parking in Ottawa,412324522,Adebo,4,11,3,9,"Ottawa, Canada",f,3,t,Innes,45.44253,-75.52131,Private room in home,Private room,2,1.0,2.0,1.0,114.5,2026-07-02,2026-07-04,229.0,114.5,2.0,1125.0,t,22,52,82,357,2026-06-24,29,6,7,2022-09-29,2026-01-03,4.83,4.9,4.97,4.72,4.59,4.79,0.64,3,0
954,721792776371943616,2026-06-24,city scrape,Bright room in newly built house (Orleans/Ottawa,412324522,Adebo,4,11,3,9,"Ottawa, Canada",f,3,t,Innes,45.4419,-75.51995,Private room in home,Private room,2,1.0,2.0,1.0,86.0,2026-07-01,2026-07-03,172.0,86.0,2.0,365.0,t,23,53,83,358,2026-06-24,49,9,10,2022-09-30,2026-02-20,4.82,4.8,4.8,4.8,4.71,4.67,1.08,3,0
955,721801187254624876,2026-06-24,city scrape,Lovely room in New House (Orleans/Ottawa),412324522,Adebo,4,11,3,9,"Ottawa, Canada",f,3,t,Innes,45.44082,-75.51926,Private room in home,Private room,2,1.0,2.0,1.0,86.0,2026-07-14,2026-07-16,172.0,86.0,2.0,1125.0,t,10,40,70,345,2026-06-24,46,9,10,2022-09-27,2026-06-02,4.59,4.67,4.76,4.67,4.72,4.59,1.01,3,0
956,724080203498212933,2026-06-24,city scrape,Executive condo in downtown Ottawa (+1 parking),66190971,Luis,10,2,4,8,"Gatineau, Canada",t,64,t,Somerset,45.42208,-75.69773,Entire rental unit,Entire home/apt,2,1.0,1.0,1.0,173.3,2026-08-17,2026-09-16,2246.7,173.3,30.0,150.0,f,6,12,42,42,2026-06-24,0,0,0,10,10,4.8,4.8,4.9,4.9,4.8,4.7,1.8,26,26
957,725513552468391873,2026-06-24,city scrape,Spacious Private room w/King Bed+Wifi inKanata#1,472593398,Gill,3,10,3,10,"Ottawa, Canada",f,13,t,Stittsville-Kanata West,45.2765486,-75.8835558,Private room in home,Private room,2,1.4,2.0,1.0,66.0,2026-06-26,2026-06-27,66.0,66.0,1.0,20.0,t,26,55,82,357,2026-06-24,37,0,3,2022-10-01,2025-04-23,4.84,4.92,4.92,4.89,4.86,4.84,0.81,13,0
958,725848267351974797,2026-06-24,city scrape,"Extended stays, made easy at Casa Mir’o",83744233,Kelly,9,11,3,0,"Ottawa, Canada",t,1,t,Innes,45.45349,-75.51597,Entire home,Entire home/apt,6,1.5,3.0,4.0,217.92,2026-08-24,2026-09-23,6537.51,217.92,30.0,180.0,t,0,0,29,130,2026-06-24,8,2,4,2023-08-31,2026-04-01,5.0,5.0,5.0,5.0,4.88,5.0,0.23,1,1
959,729642360185964497,2026-06-24,city scrape,Three Bedroom Home for Rent. Central location.,14115713,Chris,12,2,12,2,"Ottawa, Canada",f,1,t,Alta Vista,45.38251,-75.6421,Entire home,Entire home/apt,6,1.5,3.0,3.0,102.32,2027-01-01,2027-01-31,3069.64,102.32,30.0,60.0,t,0,0,0,174,2026-06-24,1,0,1,2025-03-31,2025-03-31,5.0,5.0,5.0,5.0,5.0,5.0,0.07,1,1
960,732068842419321578,2026-06-24,city scrape,Cute 1-bedroom suite steps from downtown,195281847,Steve,8,0,3,7,"Ottawa, Canada",t,1,t,Rideau-Vanier,45.42223,-75.67692,Entire guest suite,Entire home/apt,2,1.0,1.0,1.0,173.3,2026-07-20,2026-07-22,2246.7,173.3,2.0,6.0,t,5,12,13,13,2026-06-24,270,64,66,2022-11-11,2026-06-14,4.91,4.91,4.89,4.99,4.93,4.87,6.13,1,1
961,732560720140826867,2026-06-24,city scrape,Unique quiet 1-bedroom,186991773,Marina,8,1,3,8,"Ottawa, Canada",t,1,t,Kitchissippi,45.40734,-75.72398,Entire rental unit,Entire home/apt,2,1.0,1.0,1.0,325.0,2026-08-04,2026-08-05,325.0,325.0,1.0,1125.0,t,0,11,31,286,2026-06-24,221,60,66,2022-10-10,2026-06-21,4.96,4.98,4.98,4.98,4.88,4.83,4.9,1,1
962,732658113591761784,2026-06-24,city scrape,Cottage by Rideau River,6978062,Shen,13,0,13,0,"Ottawa, Canada",t,1,t,Osgoode,45.1909263,-75.63485440000001,Entire cottage,Entire home/apt,4,1.0,2.0,5.0,201.51,2026-06-24,2026-07-24,6045.26,201.51,30.0,1125.0,t,30,60,90,360,2026-06-24,37,7,11,2023-05-14,2025-09-01,4.51,4.43,4.86,4.78,4.68,4.49,0.98,1,1
963,732745074396819912,2026-06-24,city scrape,Brand new 2-bedroom ensuite,479558372,Yogi,3,9,3,5,"Ottawa, Canada",t,1,t,Kanata South,45.3000321,-75.8781176,Entire guest suite,Entire home/apt,4,1.0,2.0,2.0,169.0,2026-08-05,2026-08-06,169.0,169.0,1.0,1125.0,t,0,7,19,251,2026-06-24,322,118,101,2023-01-22,2026-06-19,4.88,4.92,4.94,4.96,4.89,4.88,7.73,1,1
964,732782036302516966,2026-06-24,city scrape,Modern and Cozy Basement Suite,479094653,Robert,3,9,3,8,"Ottawa, Canada",t,1,t,Stittsville-Kanata West,45.283332,-75.88938019999999,Entire rental unit,Entire home/apt,2,1.0,1.0,1.0,136.5,2026-06-30,2026-07-02,273.0,136.5,2.0,1125.0,t,14,30,51,51,2026-06-24,207,47,53,2022-10-21,2026-06-21,4.89,4.9,4.95,4.92,4.88,4.86,4.62,1,1
965,734040592322072593,2026-06-24,city scrape,French Farmhouse 35 min to Downtown,482903953,Nathalie,3,8,3,2,"Ottawa, Canada",t,1,t,Osgoode,45.16195,-75.4613,Private room in farm stay,Private room,2,1.0,2.0,1.0,98.67,2026-06-27,2026-06-30,296.0,98.67,2.0,30.0,t,21,47,77,257,2026-06-24,88,24,25,2023-04-20,2026-06-04,4.93,4.97,4.92,4.94,4.9,4.93,2.27,1,0
966,734188388902177689,2026-06-24,city scrape,Lovely 1- bedroom vacation home with free parking,146946152,Abdel,8,10,3,8,"Ottawa, Canada",f,1,t,Innes,45.47045,-75.52149,Entire rental unit,Entire home/apt,2,1.0,1.0,1.0,106.34,2026-07-25,2026-08-24,3190.21,106.34,30.0,90.0,t,0,29,59,334,2026-06-24,11,1,1,2022-12-06,2025-12-10,5.0,5.0,4.91,5.0,4.73,4.91,0.25,1,1
967,734707953491460916,2026-06-24,city scrape,Private Club House,47934946,Corey,10,7,10,4,"Ottawa, Canada",f,1,t,Gloucester-Southgate,45.3855009,-75.6138935,Entire place,Entire home/apt,16,1.0,2.0,1.0,943.97,2026-06-24,2026-07-24,28319.0,943.97,30.0,365.0,t,30,60,90,365,2026-06-24,0,0,0,10,10,4.8,4.8,4.9,4.9,4.8,4.7,1.8,1,1
968,735661055764279619,2026-06-24,city scrape,Furnished condo in a nice and secure area,450991969,Seynabou,4,3,3,8,"Ottawa, Canada",f,4,t,Beacon Hill-Cyrville,45.44987,-75.59838,Entire condo,Entire home/apt,4,1.0,2.0,2.0,119.47,2026-06-24,2026-07-24,3584.01,119.47,30.0,1125.0,t,30,60,90,365,2026-06-24,0,0,0,10,10,4.8,4.8,4.9,4.9,4.8,4.7,1.8,4,1
969,735675028531369650,2026-07-02,previous scrape,Comfortable room furnished in a beautiful condo,450991969,Seynabou,4,3,3,8,"Ottawa, Canada",f,4,t,Beacon Hill-Cyrville,45.4517,-75.59919,Private room in condo,Private room,1,1.4,2.0,2.0,23.13,2026-07-02,2026-08-31,1388.0,23.13,60.0,365.0,t,30,60,90,365,2026-07-02,0,0,0,10,10,4.8,4.8,4.9,4.9,4.8,4.7,1.8,4,1
970,735683501646088261,2026-06-24,city scrape,Spacious room for students in a secure condo,450991969,Seynabou,4,3,3,8,"Ottawa, Canada",f,4,t,Beacon Hill-Cyrville,45.45009,-75.5974,Private room in condo,Private room,1,1.0,2.0,1.0,55.33,2026-06-24,2026-07-24,1660.0,55.33,30.0,365.0,t,30,60,90,365,2026-06-24,0,0,0,10,10,4.8,4.8,4.9,4.9,4.8,4.7,1.8,4,1
971,736090340434385208,2026-06-24,city scrape,New 1-bedroom apartment in trendy Hintonburg,377566745,Daniel,5,6,3,8,"Ottawa, Canada",t,1,t,Kitchissippi,45.4048975,-75.7253901,Entire guest suite,Entire home/apt,2,1.0,1.0,1.0,170.5,2026-07-27,2026-07-29,341.0,170.5,2.0,28.0,t,3,5,15,45,2026-06-24,117,29,16,2022-11-06,2026-06-22,4.91,4.97,4.95,4.97,4.95,4.85,2.65,1,1
972,736138077509064005,2026-06-24,city scrape,Double guest room in a cozy bungalow,170204121,Naresh,8,4,6,7,Canada,t,2,t,Alta Vista,45.39704,-75.62875,Private room in bungalow,Private room,1,1.0,2.0,1.0,34.09,2026-06-24,2026-07-24,1022.77,34.09,30.0,60.0,t,30,60,90,90,2026-06-24,13,1,1,2022-11-01,2025-10-01,4.85,4.92,4.85,5.0,4.77,4.69,0.29,2,0
973,737549893184118775,2026-06-24,city scrape,Adorable 1-Bedroom Basement Unit,25197613,Cory,11,5,11,2,"Ottawa, Canada",t,2,t,Rideau-Vanier,45.43568,-75.68733,Entire guest suite,Entire home/apt,1,1.0,1.0,1.0,157.0,2026-07-11,2026-07-12,157.0,157.0,1.0,1125.0,t,2,8,33,129,2026-06-24,177,51,48,2022-12-02,2026-06-21,4.92,4.92,4.92,4.98,4.82,4.83,4.08,1,1
974,737556162020120916,2026-07-02,previous scrape,"Renovated, cozy (entire) apartment in Centretown",84353946,Natasha,9,11,3,4,"Ottawa, Canada",t,2,t,Somerset,45.40596,-75.70136,Entire serviced apartment,Entire home/apt,3,1.4,1.0,2.0,169.5,2026-07-17,2026-07-23,1017.0,169.5,4.0,31.0,t,10,11,11,11,2026-07-02,174,20,26,2023-02-28,2026-06-22,4.93,4.93,4.97,4.99,4.63,4.89,4.28,2,2
975,739228966159990337,2026-06-24,city scrape,Cheerful one bedroom home with free parking,284085491,Chika Chelvis,6,10,6,7,"Ottawa, Canada",f,3,t,Gloucester-South Nepean,45.30921,-75.59272,Private room in home,Private room,1,1.0,2.0,1.0,95.13,2026-06-24,2026-07-24,2854.0,95.13,30.0,365.0,t,30,60,90,365,2026-06-24,0,0,0,10,10,4.8,4.8,4.9,4.9,4.8,4.7,1.8,3,0
976,739390685721391318,2026-06-24,city scrape,Nice and Cozy Private bedroom,374785846,Olanrewaju,5,7,3,8,"Oshawa, Canada",f,1,t,Stittsville-Kanata West,45.27223,-75.91786,Private room in townhouse,Private room,1,1.0,2.0,1.0,110.63,2026-06-24,2026-07-24,3319.0,110.63,30.0,365.0,t,30,60,90,365,2026-06-24,0,0,0,10,10,4.8,4.8,4.9,4.9,4.8,4.7,1.8,1,0
977,739416187528468127,2026-06-24,city scrape,Nice and cosy private bedroom in Stittville,483909624,Olanrewaju,3,8,3,5,"Ottawa, Canada",f,1,t,Stittsville-Kanata West,45.2732592,-75.91849169999999,Private room in townhouse,Private room,1,1.0,2.0,1.0,76.19,2026-06-24,2026-07-25,2362.0,76.19,31.0,365.0,t,30,60,90,365,2026-06-24,0,0,0,10,10,4.8,4.8,4.9,4.9,4.8,4.7,1.8,1,0
978,739745636689687354,2026-06-24,city scrape,Beautiful & cozy apartment,345306361,Martin,6,1,3,6,"Ottawa, Canada",f,1,t,Rideau-Vanier,45.44421940000001,-75.6574753,Entire rental unit,Entire home/apt,4,1.0,2.0,3.0,276.16,2026-06-28,2026-06-29,276.16,276.16,1.0,1125.0,t,12,27,51,324,2026-06-24,154,41,45,2022-12-29,2026-06-06,4.77,4.82,4.92,4.94,4.82,4.73,3.63,1,1
979,739828769707957172,2026-06-24,city scrape,Adorable 1-bedroom with free parking near TOH/CHEO,11325720,Kennis,12,5,9,9,"Ottawa, Canada",t,2,t,Alta Vista,45.3981997,-75.6315647,Entire guest suite,Entire home/apt,2,1.0,1.0,1.0,177.5,2026-07-01,2026-07-03,355.0,177.5,2.0,190.0,t,2,4,25,111,2026-06-24,82,23,34,2022-10-30,2026-06-10,4.89,4.96,4.91,4.95,4.88,4.82,1.84,2,2
980,739921169458551978,2026-06-24,city scrape,2BR Spacious Basement Suite in Ottawa. No pets!,461907743,Dave,4,0,3,7,"Ottawa, Canada",f,1,t,Gloucester-South Nepean,45.32881,-75.59183,Entire rental unit,Entire home/apt,4,1.0,2.0,2.0,253.0,2026-06-24,2026-06-25,253.0,253.0,1.0,1125.0,t,25,54,84,173,2026-06-24,257,54,38,2022-11-07,2026-06-21,4.77,4.79,4.89,4.93,4.84,4.74,5.81,1,1
981,740507230179885789,2026-06-24,city scrape,Spacious 3-Bedroom Townhome w/ Free Parking,484123085,Nicole,3,8,3,7,"Ottawa, Canada",f,1,t,Stittsville-Kanata West,45.2872276,-75.9342257,Entire townhouse,Entire home/apt,6,2.5,3.0,3.0,287.58,2026-07-12,2026-07-13,287.58,287.58,1.0,1125.0,t,7,25,48,316,2026-06-24,296,74,69,2022-11-19,2026-06-21,4.81,4.85,4.93,4.9,4.81,4.73,6.76,1,1
982,741289508808450960,2026-06-24,city scrape,"Century home by river, hot tub & parking",81875539,Breathe Vacation Rentals,9,11,9,7,"Prince Edward, Canada",t,34,t,Capital,45.3958831,-75.6748537,Entire home,Entire home/apt,6,1.5,3.0,3.0,845.0,2026-06-29,2026-07-01,1690.0,845.0,2.0,21.0,t,25,55,75,84,2026-06-24,88,16,21,2022-11-07,2026-06-17,4.81,4.83,4.99,4.89,4.94,4.61,1.99,4,4
983,744244138144212124,2026-06-24,city scrape,A very comfortable place u can stay & feel at home,284085491,Chika Chelvis,6,10,6,7,"Ottawa, Canada",f,3,t,Gloucester-South Nepean,45.31136,-75.59227,Private room in home,Private room,1,1.0,2.0,1.0,95.13,2026-06-24,2026-07-24,2854.0,95.13,30.0,365.0,t,30,60,90,365,2026-06-24,1,0,0,2022-11-13,2022-11-13,5.0,5.0,5.0,5.0,5.0,5.0,0.02,3,0
984,744409618628412719,2026-07-02,previous scrape,Charming Vintage Inspired 1 Bedroom Bungalow,132557434,Andrea,9,1,8,1,"Ottawa, Canada",t,2,t,Rideau-Vanier,45.44304959999999,-75.66741619999999,Entire bungalow,Entire home/apt,2,1.4,1.0,2.0,173.3,0000-00-00,"""0000-00-00""",2246.7,173.3,2.0,30.0,t,0,0,0,0,2026-07-02,69,25,18,2023-09-24,2026-06-28,4.96,4.9,4.96,4.94,4.83,4.84,2.04,1,1
985,744431181686389447,2026-06-24,city scrape,Cozy bedroom in Barrhaven (Ottawa),57651625,Muiz,10,4,9,10,"Ottawa, Canada",t,3,t,Barrhaven,45.28703,-75.73108,Private room in home,Private room,1,1.5,2.0,1.0,40.15,2026-07-05,2026-08-04,1204.41,40.15,30.0,220.0,t,19,49,79,79,2026-06-24,7,1,3,2023-04-01,2025-12-25,5.0,5.0,5.0,5.0,5.0,4.86,0.18,3,0
986,745049067954257915,2026-07-02,previous scrape,cheerful 2 Bedrooms near downtown/ free parking,448906770,Chika,4,3,4,1,"Ottawa, Canada",f,3,t,Rideau-Rockcliffe,45.42758,-75.66047,Entire home,Entire home/apt,4,1.4,2.0,2.0,93.3,2026-09-01,2026-10-01,2799.0,93.3,30.0,1125.0,t,0,0,29,209,2026-07-02,15,0,0,2022-11-03,2024-09-08,4.6,4.47,4.8,4.87,4.93,4.27,0.34,2,2
987,745762570177395175,2026-06-24,city scrape,One private Single room with shared bathroom,460938557,Mo,4,0,3,7,"Ottawa, Canada",f,1,t,Osgoode,45.3231899,-75.5876399,Private room in home,Private room,2,1.0,2.0,1.0,77.0,2026-08-01,2026-08-02,77.0,77.0,1.0,365.0,t,0,22,52,327,2026-06-24,11,0,0,2022-10-29,2023-06-09,4.36,4.36,4.64,4.36,4.55,4.27,0.25,1,0
988,746348867062324648,2026-06-24,city scrape,Byward Market Ottawa One Bedroom Beautiful Deck #5,266054606,Danielle,7,0,7,0,"Ottawa, Canada",t,5,t,Rideau-Vanier,45.43042,-75.69314,Entire rental unit,Entire home/apt,2,1.0,1.0,1.0,133.31,2026-07-10,2026-08-09,3999.16,133.31,30.0,1125.0,t,14,44,74,254,2026-06-24,9,4,5,2023-08-31,2026-02-15,4.89,5.0,5.0,5.0,4.78,4.67,0.26,5,5
989,746958239949437935,2026-06-24,city scrape,A comfortable place that makes you feel at home,284085491,Chika Chelvis,6,10,6,7,"Ottawa, Canada",f,3,t,Gloucester-South Nepean,45.30957,-75.5922,Private room in home,Private room,1,1.0,2.0,1.0,96.27,2026-06-24,2026-07-24,2888.0,96.27,30.0,365.0,t,30,60,90,365,2026-06-24,0,0,0,10,10,4.8,4.8,4.9,4.9,4.8,4.7,1.8,3,0
990,747070099643623624,2026-06-24,city scrape,Lovely Studio in Downtown Ottawa,112111287,Ottawa,9,5,9,5,"Ottawa, Canada",f,5,t,Somerset,45.41647150000001,-75.7077912,Entire rental unit,Entire home/apt,2,1.0,2.0,1.0,69.0,2026-08-10,2026-09-09,2070.0,69.0,30.0,365.0,t,0,13,43,318,2026-06-24,10,4,3,2023-07-30,2026-05-29,4.0,3.9,4.9,4.2,4.4,3.6,0.28,1,1
991,748037512144476623,2026-06-24,city scrape,NOCleanFee!Lovely Queen Bed/Wifi+ParkinginKanata#2,472593398,Gill,3,10,3,10,"Ottawa, Canada",f,13,t,Stittsville-Kanata West,45.2765486,-75.8835558,Private room in home,Private room,2,1.4,2.0,1.0,58.0,2026-06-28,2026-06-29,58.0,58.0,1.0,20.0,t,25,55,85,265,2026-06-24,8,1,2,2022-11-26,2025-07-20,4.88,5.0,5.0,5.0,4.88,5.0,0.18,13,0
992,748590170371469360,2026-06-24,city scrape,"Stylish 1 bedroom apartment, with River Access",6401710,Pardeep,10,8,3,4,"Ottawa, Canada",t,1,t,Bay,45.3820328,-75.7737299,Entire guest suite,Entire home/apt,2,1.0,1.0,1.0,183.0,2026-07-02,2026-07-04,366.0,183.0,2.0,1125.0,t,10,23,29,115,2026-06-24,82,22,20,2023-05-21,2026-06-22,4.79,4.88,4.93,4.95,4.89,4.83,2.18,1,1
993,749485086811606634,2026-06-24,city scrape,NOCleanFee!Brightroom w/Queen Bed&ParknginKanata#2,472593398,Gill,3,10,3,10,"Ottawa, Canada",f,13,t,Stittsville-Kanata West,45.2765486,-75.8835558,Private room in home,Private room,2,1.4,2.0,1.0,60.0,2026-06-28,2026-06-29,60.0,60.0,1.0,20.0,t,25,55,84,359,2026-06-24,26,1,4,2022-11-12,2025-12-31,4.69,4.73,4.77,4.69,4.73,4.62,0.59,13,0
994,749501879998592879,2026-06-24,city scrape,Lovely - 1 bedroom in the Byward Market + Parking,468237467,Y Junior,3,11,3,11,"Ottawa, Canada",f,1,t,Rideau-Vanier,45.42821,-75.68591,Entire condo,Entire home/apt,2,1.0,1.0,1.0,133.85,2026-08-03,2026-09-02,4015.42,133.85,30.0,365.0,t,0,20,50,140,2026-06-24,0,0,0,10,10,4.8,4.8,4.9,4.9,4.8,4.7,1.8,1,1
995,752186105116240663,2026-06-24,city scrape,Modern Elegance Retreat: Stylish 1-Bedroom Suite,486223913,Mamod,3,7,2,10,"Ottawa, Canada",f,1,t,Rideau-Rockcliffe,45.45057,-75.63774,Entire guesthouse,Entire home/apt,2,1.0,1.0,1.0,217.0,2026-06-29,2026-06-30,217.0,217.0,1.0,365.0,t,24,54,84,359,2026-06-24,256,47,73,2023-08-17,2026-05-23,4.68,4.7,4.73,4.65,4.78,4.54,7.36,1,1
996,752251401133799788,2026-06-24,city scrape,"Green Blossoming, Sunny, Newly Renovated, Condo",309914863,Hamdi,6,7,3,7,"Ottawa, Canada",f,1,t,Orleans,45.47388,-75.53024,Entire condo,Entire home/apt,2,1.0,1.0,1.0,135.33,2026-06-24,2026-07-24,4060.0,135.33,30.0,365.0,t,30,60,90,365,2026-06-24,1,1,1,2025-07-01,2025-07-01,5.0,5.0,5.0,5.0,5.0,5.0,0.08,1,1
997,752336609962849270,2026-06-24,city scrape,Trailsedge Residency in modern Orleans,360699799,Elmina,5,10,3,6,"Ottawa, Canada",t,1,t,Innes,45.43636,-75.50171,Entire guest suite,Entire home/apt,4,1.0,2.0,3.0,214.0,2026-06-28,2026-06-30,428.0,214.0,2.0,1125.0,t,7,13,29,295,2026-06-24,130,48,38,2022-12-29,2026-06-21,4.82,4.87,4.89,4.88,4.82,4.72,3.06,1,1
998,752889299158816291,2026-06-24,city scrape,Modern and spacious room full of natural light.,57651625,Muiz,10,4,9,10,"Ottawa, Canada",t,3,t,Barrhaven,45.28676,-75.73152,Private room in home,Private room,1,1.5,2.0,1.0,42.15,2026-07-01,2026-07-31,1264.58,42.15,30.0,180.0,t,23,53,83,83,2026-06-24,13,2,4,2023-02-04,2025-12-15,5.0,4.92,5.0,5.0,4.92,4.92,0.32,3,0
999,752972329960556528,2026-06-24,city scrape,"Sunny, Modern 2 Bedroom Home. Quiet & Comfortable.",68110772,Jason,10,2,3,7,"Ottawa, Canada",f,1,t,Barrhaven,45.24866,-75.74402,Entire home,Entire home/apt,4,1.5,2.0,2.0,173.3,2026-07-01,2026-07-31,2246.7,173.3,30.0,1125.0,f,23,53,83,358,2026-06-24,0,0,0,10,10,4.8,4.8,4.9,4.9,4.8,4.7,1.8,1,1
1000,753615451853622061,2026-06-24,city scrape,NOCleanFee!Beautiful room/King Bed/Desk inKanata#1,472593398,Gill,3,10,3,10,"Ottawa, Canada",f,13,t,Stittsville-Kanata West,45.2765486,-75.8835558,Private room in home,Private room,2,1.5,2.0,1.0,58.0,2026-06-26,2026-06-27,58.0,58.0,1.0,20.0,t,26,55,82,357,2026-06-24,21,5,3,2022-11-19,2026-05-18,4.95,4.95,5.0,5.0,4.95,5.0,0.48,13,0
1001,754154253024410400,2026-06-24,city scrape,1-bedroom place with free parking on premises,56520364,Van,10,4,3,2,"Ottawa, Canada",f,1,t,Somerset,45.40825,-75.70819,Entire guest suite,Entire home/apt,2,1.0,1.0,2.0,130.53,2026-06-25,2026-07-25,3916.0,130.53,30.0,365.0,t,29,59,89,364,2026-06-24,192,37,69,2023-04-09,2025-12-27,4.8,4.88,4.9,4.94,4.64,4.73,4.91,1,1
1002,754246530463131967,2026-06-24,city scrape,Cheerful 2-bedroom townhouse with indoor fireplace,252623362,Ali Fernand,7,2,7,2,"Ottawa, Canada",f,1,t,Rideau-Goulbourn,45.21366,-75.67733,Entire townhouse,Entire home/apt,4,1.4,2.0,2.0,331.87,2026-06-24,2026-07-24,9956.0,331.87,30.0,1125.0,t,30,60,90,365,2026-06-24,0,0,0,10,10,4.8,4.8,4.9,4.9,4.8,4.7,1.8,1,1
1003,755602362260201507,2026-06-24,city scrape,Master bedrm near Kanata Hightech,225081808,My,7,7,3,7,"Ottawa, Canada",t,4,t,Kanata South,45.30578,-75.88681,Private room in home,Private room,2,1.5,2.0,1.0,59.0,2027-01-01,2027-01-31,1770.0,59.0,30.0,365.0,t,0,0,0,174,2026-06-24,2,1,2,2025-05-31,2025-09-01,5.0,4.5,5.0,5.0,5.0,4.5,0.15,4,0
1004,755657529037028377,2026-07-02,previous scrape,"Entire House for Rent 5 Bed, 5 Baths Furnished",433027932,Armin & Morvarid,4,7,4,7,"Ottawa, Canada",f,2,t,Stittsville-Kanata West,45.28885,-75.9144,Entire home,Entire home/apt,10,1.4,5.0,2.0,156.02,2026-07-02,2026-08-31,9361.0,156.02,60.0,365.0,t,30,60,90,365,2026-07-02,0,0,0,10,10,4.8,4.8,4.9,4.9,4.8,4.7,1.8,2,2
1005,755913110896494698,2026-06-24,city scrape,Downtown 5-Star 3-bdrm - BBQ - Backyard & Parking,11138376,Kal,12,5,6,11,"Ottawa, Canada",t,1,t,Kitchissippi,45.40505,-75.72482,Entire home,Entire home/apt,6,2.0,3.0,3.0,838.0,2026-06-29,2026-07-01,1676.0,838.0,2.0,1125.0,t,7,28,53,324,2026-06-24,62,11,9,2022-12-30,2026-06-22,4.92,4.94,4.94,4.97,4.89,4.81,1.46,1,1
1006,756805810157588574,2026-06-24,city scrape,Cheerful 3 bedroom home,487109183,Eskedar,3,7,3,2,"Ottawa, Canada",t,2,t,River,45.37129,-75.65923,Entire home,Entire home/apt,6,1.5,3.0,4.0,339.0,2026-06-29,2026-06-30,339.0,339.0,1.0,365.0,t,5,8,18,247,2026-06-24,203,62,62,2023-05-14,2026-06-12,4.85,4.9,4.95,4.9,4.79,4.77,5.35,2,2
1007,757868126505641079,2026-06-24,city scrape,"Superbe appartement à louer à Kanata, tout fourni",478940717,Christian,3,9,3,8,"Ottawa, Canada",f,1,t,Kanata South,45.27761,-75.86577,Entire rental unit,Entire home/apt,2,1.0,1.0,1.0,160.0,2026-06-28,2026-06-30,320.0,160.0,2.0,180.0,t,14,44,74,254,2026-06-24,60,12,9,2022-12-22,2026-05-24,4.53,4.63,4.8,4.53,4.72,4.43,1.41,1,1
1008,758521237337119904,2026-06-24,city scrape,Cozy apartment for a long stay\central Ottawa,239203963,Sam,7,4,3,7,"Ottawa, Canada",f,1,t,Rideau-Rockcliffe,45.4451,-75.64743,Entire condo,Entire home/apt,4,1.5,2.0,2.0,151.4,2026-06-24,2026-07-24,4542.07,151.4,30.0,1125.0,t,30,60,90,365,2026-06-24,0,0,0,10,10,4.8,4.8,4.9,4.9,4.8,4.7,1.8,1,1
1009,759800837972810188,2026-07-02,previous scrape,Modern cozy and private one bedroom in townhouse,144680969,Edmond,8,10,3,7,"Ottawa, Canada",f,3,t,Barrhaven,45.2459,-75.7434,Private room in townhouse,Private room,2,1.4,2.0,2.0,173.3,0000-00-00,"""0000-00-00""",2246.7,173.3,2.0,27.0,t,0,0,0,0,2026-07-02,23,0,0,2022-12-02,2024-04-26,4.91,4.96,4.96,5.0,4.87,4.96,0.53,2,1
1010,760856502569021372,2026-06-24,city scrape,Private room in Ottawa,189447060,Olurotimi,8,1,3,6,"Ottawa, Canada",f,1,t,Orleans,45.47415,-75.45558,Private room in townhouse,Private room,2,1.0,2.0,1.0,68.47,2026-06-28,2026-06-30,136.94,68.47,2.0,1125.0,t,12,35,61,322,2026-06-24,140,22,29,2022-12-14,2026-06-19,4.81,4.86,4.93,4.86,4.81,4.84,3.26,1,0
1011,760928074663480757,2026-06-24,city scrape,4-bedroom all-inclusive furnished apartment,64762834,Lisa,10,2,10,2,"Gatineau, Canada",f,7,t,Rideau-Vanier,45.44017,-75.66581,Entire rental unit,Entire home/apt,4,1.5,4.0,5.0,137.16,2026-09-01,2026-10-02,4252.0,137.16,31.0,122.0,t,0,0,21,296,2026-06-24,0,0,0,10,10,4.8,4.8,4.9,4.9,4.8,4.7,1.8,6,6
1012,761569055889237974,2026-06-24,city scrape,Entire House: 5BR + Optional 2BR Basement | Kanata,462190630,Joy,4,0,4,0,"Ottawa, Canada",t,1,t,Kanata South,45.29003314063438,-75.86555778980255,Entire home,Entire home/apt,10,3.0,5.0,6.0,626.0,2026-07-06,2026-07-07,626.0,626.0,1.0,1125.0,t,9,17,34,291,2026-06-24,261,80,82,2023-01-22,2026-06-22,4.88,4.89,4.96,4.93,4.93,4.82,6.26,1,1
1013,762198407132296075,2026-07-02,previous scrape,Modern Bright 2BR Apt with Fast Wi-Fi & Parking,58038466,Eldin,10,4,3,4,"Ottawa, Canada",f,4,t,Kitchissippi,45.39784,-75.71068,Entire rental unit,Entire home/apt,4,1.4,2.0,2.0,173.3,0000-00-00,"""0000-00-00""",2246.7,173.3,30.0,730.0,t,0,0,0,0,2026-07-02,1,0,0,2023-07-05,2023-07-05,5.0,5.0,5.0,5.0,4.0,5.0,0.03,4,4
1014,763010696336896601,2026-06-24,city scrape,Lovely private room in Ottawa,292416323,Jeremiah,6,9,2,9,"Ottawa, Canada",f,1,t,Cumberland,45.47379,-75.47135,Private room in home,Private room,2,1.0,2.0,1.0,57.52,2026-06-24,2026-07-24,1725.64,57.52,30.0,365.0,t,30,60,90,365,2026-06-24,0,0,0,10,10,4.8,4.8,4.9,4.9,4.8,4.7,1.8,1,0
1015,763219688128716053,2026-06-24,city scrape,Comfy double bed size room,57651625,Muiz,10,4,9,10,"Ottawa, Canada",t,3,t,Barrhaven,45.28546,-75.73133,Private room in home,Private room,1,1.5,2.0,1.0,37.58,2026-07-01,2026-07-31,1127.47,37.58,30.0,60.0,t,23,53,83,83,2026-06-24,7,2,4,2022-12-26,2025-12-19,5.0,5.0,5.0,5.0,5.0,5.0,0.16,3,0
1016,763894469633579046,2026-06-24,city scrape,"Entire Beautiful house, 10 min from Ey Centre",278907473,Steve.O,6,11,3,10,"Ottawa, Canada",t,2,t,Gloucester-South Nepean,45.3190224,-75.5966475,Entire townhouse,Entire home/apt,6,2.5,3.0,3.0,147.33,2026-10-02,2026-11-01,4419.76,147.33,30.0,1125.0,t,9,9,9,274,2026-06-24,86,28,27,2023-07-28,2026-06-08,4.9,4.92,4.92,4.95,4.93,4.83,2.43,2,2
1017,764672032045314930,2026-06-24,city scrape,Hideaway at Margrave,488530527,Jose,3,7,3,7,"Ottawa, Canada",f,1,t,Gloucester-Southgate,45.36584,-75.63556,Entire home,Entire home/apt,5,1.5,3.0,3.0,147.4,2026-08-30,2026-09-29,4422.0,147.4,30.0,500.0,t,13,19,42,317,2026-06-24,6,2,0,2023-05-31,2026-05-30,5.0,5.0,5.0,5.0,5.0,5.0,0.16,1,1
1018,765444134007229930,2026-06-24,city scrape,Luxury modern Home for 10+ with Hot Tub!,488675856,Lindsay,3,7,3,7,"Ottawa, Canada",t,4,t,Orleans,45.47131,-75.48501,Entire home,Entire home/apt,10,3.5,5.0,5.0,388.0,2026-07-05,2026-07-08,1164.0,388.0,3.0,1125.0,t,9,19,37,296,2026-06-24,83,25,16,2022-11-26,2026-06-08,4.93,4.89,4.93,4.94,4.92,4.84,1.91,3,3
1019,765473045330113795,2026-06-24,city scrape,Cozy and peaceful house!,409125379,Sylvestre,4,11,3,6,"Ottawa, Canada",t,2,t,Beacon Hill-Cyrville,45.42711,-75.61043,Private room in home,Private room,4,1.0,2.0,2.0,132.19,2026-08-12,2026-09-11,3965.64,132.19,30.0,30.0,t,3,18,48,48,2026-06-24,73,19,21,2022-12-09,2026-06-11,4.84,4.82,4.92,4.9,4.89,4.79,1.69,2,1
1020,768193990878876845,2026-06-24,city scrape,Great location.,395177224,Ali,5,2,3,8,"Ottawa, Canada",f,1,t,Alta Vista,45.39468,-75.6177,Private room in home,Private room,1,2.5,6.0,1.0,107.7,2026-06-25,2026-07-25,3231.0,107.7,30.0,365.0,t,29,59,89,364,2026-06-24,0,0,0,10,10,4.8,4.8,4.9,4.9,4.8,4.7,1.8,1,0
1021,769503336578392006,2026-06-24,city scrape,Spacious 1 Bedroom unit,489326320,Su,3,6,3,6,"Ottawa, Canada",f,1,t,Cumberland,45.45343,-75.47102,Private room in rental unit,Private room,2,1.0,2.0,1.0,173.3,2026-06-25,2026-07-26,2246.7,173.3,31.0,365.0,f,29,59,89,364,2026-06-24,0,0,0,10,10,4.8,4.8,4.9,4.9,4.8,4.7,1.8,1,0
1022,771569481538690258,2026-06-24,city scrape,Spacious room in downtown Ottawa. Room #1,138778788,John,8,11,3,2,"Ottawa, Canada",t,6,t,Somerset,45.41366,-75.69881,Private room in home,Private room,2,1.0,2.0,1.0,71.21,2027-02-28,2027-03-30,2136.32,71.21,30.0,1125.0,t,0,0,0,116,2026-06-24,64,0,0,2023-04-13,2024-11-17,4.61,4.78,4.73,4.7,4.69,4.5,1.64,5,0
1023,772757835310202646,2026-06-24,city scrape,Bright Room -Private Bath -Single Home-Barrhaven,248638353,Mary,7,3,7,3,Canada,f,2,t,Barrhaven,45.249825917650185,-75.75824897736311,Private room in home,Private room,1,1.0,2.0,1.0,71.5,2026-06-27,2026-06-29,143.0,71.5,2.0,365.0,t,27,57,87,87,2026-06-24,6,0,0,2023-02-17,2023-08-27,5.0,5.0,5.0,5.0,4.5,5.0,0.15,2,0
1024,773391350112023629,2026-07-02,previous scrape,"Beautifully Renovated Home, 5bed",71201716,Danusia,10,1,10,1,"Ottawa, Canada",t,2,t,Beacon Hill-Cyrville,45.45699,-75.60149,Entire home,Entire home/apt,10,1.4,5.0,2.0,173.3,0000-00-00,"""0000-00-00""",2246.7,173.3,3.0,365.0,t,0,0,0,0,2026-07-02,87,31,36,2023-01-01,2026-03-23,4.94,4.86,4.97,4.94,4.86,4.84,2.04,1,1
1025,774597383431990825,2026-06-24,city scrape,Charming Westboro Suite,14237221,Emily,12,2,3,6,"Ottawa, Canada",t,1,t,Kitchissippi,45.39302,-75.75631,Entire rental unit,Entire home/apt,2,1.0,1.0,1.0,200.0,2026-07-05,2026-07-07,400.0,200.0,2.0,365.0,t,5,6,21,103,2026-06-24,108,34,31,2023-03-31,2026-06-14,4.97,4.95,4.98,4.98,4.99,4.93,2.74,1,1
1026,776117972899484888,2026-06-24,city scrape,"Room in, Orleans",300835642,Shane,6,8,2,0,"Ottawa, Canada",f,1,t,Orleans,45.46695,-75.49776,Private room in home,Private room,4,1.0,4.0,4.0,26.19,2026-07-31,2026-08-30,785.83,26.19,30.0,365.0,t,0,23,32,269,2026-06-24,0,0,0,10,10,4.8,4.8,4.9,4.9,4.8,4.7,1.8,1,0
1027,776330831969415816,2026-06-24,city scrape,Cozy 2 bedroom unit,406457348,Jason,5,0,3,6,"Ottawa, Canada",f,1,t,Alta Vista,45.3806382,-75.64217239999999,Entire home,Entire home/apt,2,1.4,2.0,2.0,90.07,2026-08-02,2026-09-01,2702.0,90.07,30.0,365.0,t,27,56,86,361,2026-06-24,6,1,2,2023-02-08,2025-07-31,4.83,5.0,5.0,5.0,4.5,4.67,0.15,1,1
1028,778226799075514751,2026-06-24,city scrape,Private room in single home,173801552,Feng,8,4,8,4,"Ottawa, Canada",t,2,t,Kanata South,45.27651,-75.83913,Private room in home,Private room,2,1.0,2.0,1.0,62.0,2027-05-25,2027-06-04,620.0,62.0,10.0,1125.0,t,9,9,9,39,2026-06-24,34,8,14,2023-01-11,2025-12-12,5.0,4.97,5.0,4.97,4.91,4.91,0.81,2,0
1029,778246537350682328,2026-06-24,city scrape,"Cozy Kanata Home. Near CND Tire Ctr, 4 parkings.",490836673,Harry,3,6,3,6,"Ottawa, Canada",t,2,t,Kanata South,45.2803,-75.85569,Entire home,Entire home/apt,8,3.0,4.0,5.0,628.0,2026-06-29,2026-07-01,1256.0,628.0,2.0,190.0,t,14,36,66,167,2026-06-24,104,37,32,2022-12-31,2026-06-20,4.9,4.93,4.97,4.97,4.96,4.83,2.45,2,2
1030,779088468144923265,2026-06-24,city scrape,Quiet & Sunlit Basement Suite,490962762,Ben,3,6,3,6,"Ottawa, Canada",t,1,t,Kanata North,45.3261096,-75.9255113,Entire home,Entire home/apt,4,1.0,2.0,3.0,292.5,2026-07-13,2026-07-15,585.0,292.5,2.0,14.0,t,6,28,58,58,2026-06-24,115,35,35,2022-12-28,2026-06-12,4.93,4.9,4.93,4.93,4.93,4.85,2.71,1,1
1031,781755656542911697,2026-06-24,city scrape,Elegant Home in a Charming Neighbourhood,192078006,Elizabeth,8,0,3,3,"Ottawa, Canada",t,2,t,Rideau-Goulbourn,45.25217978813333,-75.9000427116394,Entire bungalow,Entire home/apt,6,2.5,2.0,3.0,139.6,2026-10-17,2026-11-16,4187.99,139.6,30.0,360.0,t,0,0,0,194,2026-06-24,11,4,3,2023-05-08,2026-04-13,5.0,5.0,5.0,5.0,4.82,4.91,0.29,1,1
1032,781782657209275042,2026-07-02,previous scrape,Place to call home,491175458,Wanjiku Kungu,3,6,2,11,"Ottawa, Canada",f,2,t,Cumberland,45.4564195,-75.503757,Private room in home,Private room,2,1.4,2.0,2.0,173.3,0000-00-00,"""0000-00-00""",2246.7,173.3,30.0,365.0,t,0,0,0,0,2026-07-02,0,0,0,10,10,4.8,4.8,4.9,4.9,4.8,4.7,1.8,2,0
1033,781790371266423432,2026-06-24,city scrape,Comfort,491175458,Wanjiku Kungu,3,6,2,11,"Ottawa, Canada",f,2,t,Cumberland,45.45687,-75.50265,Private room in home,Private room,2,1.0,2.0,1.0,549.23,2026-06-24,2026-07-24,16477.0,549.23,30.0,90.0,t,30,60,90,365,2026-06-24,2,0,0,2023-09-06,2023-09-10,5.0,5.0,5.0,5.0,5.0,5.0,0.06,2,0
1034,782023931159201661,2026-06-24,city scrape,Ottawa Home Near Downtown with Pool,206908062,Omar,7,10,3,10,"Ottawa, Canada",f,2,t,College,45.34383,-75.73515,Entire home,Entire home/apt,6,1.0,3.0,3.0,423.0,2026-06-29,2026-06-30,423.0,423.0,1.0,1125.0,t,13,25,47,316,2026-06-24,203,33,42,2022-12-25,2026-05-18,4.53,4.6,4.86,4.79,4.71,4.49,4.77,1,1
1035,782153140079321944,2026-06-24,city scrape,Kanata Comfort:Private Roomw/Queen Bed+Desk&Parkng,472593398,Gill,3,10,3,10,"Ottawa, Canada",f,13,t,Stittsville-Kanata West,45.27751655255102,-75.88318105273078,Private room in home,Private room,2,1.4,2.0,1.0,58.0,2026-06-25,2026-06-26,58.0,58.0,1.0,20.0,t,27,57,87,362,2026-06-24,51,33,18,2023-01-02,2026-06-19,4.61,4.65,4.73,4.65,4.69,4.59,1.2,13,0
1036,782584466795180239,2026-06-24,city scrape,4 bed house with chefs kitchen,491557486,Jonathan,3,6,3,5,"Ottawa, Canada",f,1,t,Bay,45.34733,-75.8027,Entire home,Entire home/apt,8,3.0,4.0,4.0,451.22,2026-07-07,2026-07-09,902.44,451.22,1.0,1125.0,t,5,15,31,286,2026-06-24,255,77,72,2023-01-08,2026-06-11,4.8,4.82,4.94,4.94,4.91,4.78,6.05,1,1
1037,782835087193422857,2026-06-24,city scrape,The Park Avenue,170632262,Steve,8,4,8,4,"Ottawa, Canada",f,2,t,Somerset,45.41331,-75.68395,Entire rental unit,Entire home/apt,6,1.0,2.0,2.0,230.84,2026-06-24,2026-07-24,6925.22,230.84,30.0,365.0,t,30,60,90,365,2026-06-24,3,0,0,2023-04-07,2023-07-04,4.67,5.0,4.67,4.67,5.0,4.33,0.08,2,2
1038,783464851929894418,2026-06-24,city scrape,Newly Renovated 2 Bedroom Basement Retreat,2582233,Daniel,14,0,1,9,"Ottawa, Canada",t,2,t,Kitchissippi,45.3766503472231,-75.75738642955007,Entire rental unit,Entire home/apt,4,1.0,2.0,2.0,358.0,2026-06-29,2026-06-30,358.0,358.0,1.0,90.0,t,7,20,43,315,2026-06-24,68,38,51,2024-09-29,2026-05-31,5.0,5.0,5.0,5.0,4.9,4.94,3.22,1,1
1039,785037184875184236,2026-07-02,previous scrape,Cozy Central 2 bedroom Flat with free parking,16029536,Korosh,12,0,5,11,"Ottawa, Canada",f,11,t,Rideau-Vanier,45.44224,-75.6561,Entire condo,Entire home/apt,4,1.4,2.0,2.0,173.3,0000-00-00,"""0000-00-00""",2246.7,173.3,30.0,1125.0,t,1,1,1,1,2026-07-02,12,4,4,2023-03-29,2026-06-04,4.83,4.83,5.0,5.0,4.75,4.92,0.3,7,6
1040,786238171714561003,2026-06-24,city scrape,Villa mon rêve,77640813,Marie-Hélène,10,0,3,6,"Ottawa, Canada",f,1,t,Rideau-Vanier,45.43677,-75.68688,Entire rental unit,Entire home/apt,4,1.4,1.0,3.0,76.29,2026-12-01,2026-12-31,2288.68,76.29,30.0,1125.0,t,26,55,82,295,2026-06-24,11,1,2,2023-01-01,2026-04-01,4.91,4.91,4.91,5.0,4.91,4.82,0.26,1,1
1041,788494133284880266,2026-06-24,city scrape,Modern large 2brm 10min from downtown w/parking,401767563,Roxanne,5,1,3,11,"Ottawa, Canada",t,7,t,Rideau-Vanier,45.4432,-75.65981,Entire rental unit,Entire home/apt,4,2.0,2.0,2.0,173.3,0000-00-00,"""0000-00-00""",2246.7,173.3,30.0,1125.0,t,5,20,26,82,2026-06-24,11,3,2,2023-06-17,2026-05-22,5.0,5.0,5.0,5.0,4.73,4.91,0.3,5,5
1042,789107588144183515,2026-06-24,city scrape,Charming 1 Bedroom Apartment near Downtown Ottawa,16750376,Amira,12,0,4,8,"Ottawa, Canada",f,1,t,Rideau-Vanier,45.4360084,-75.6794704,Entire rental unit,Entire home/apt,2,1.0,1.0,1.0,75.81,2026-07-02,2026-08-01,2274.3,75.81,30.0,60.0,t,22,52,82,172,2026-06-24,0,0,0,10,10,4.8,4.8,4.9,4.9,4.8,4.7,1.8,1,1
1043,790785190152762058,2026-07-02,previous scrape,Beautiful Views in the sky,71367960,Vivianne,10,1,10,1,"Ottawa, Canada",f,1,t,Bay,45.36025600000001,-75.7942829,Private room in rental unit,Private room,1,1.4,2.0,2.0,8.49,2026-07-05,2027-01-01,1528.0,8.49,180.0,180.0,t,27,57,87,362,2026-07-02,0,0,0,10,10,4.8,4.8,4.9,4.9,4.8,4.7,1.8,1,0
1044,791239387736441592,2026-07-02,previous scrape,City Cottage,136960017,Julia,9,0,3,6,"Ottawa, Canada",f,1,t,Alta Vista,45.41648,-75.64136,Entire home,Entire home/apt,6,1.4,4.0,2.0,223.07,2026-08-27,2026-09-26,6692.0,223.07,30.0,365.0,t,0,4,34,34,2026-07-02,0,0,0,10,10,4.8,4.8,4.9,4.9,4.8,4.7,1.8,1,1
1045,791559999305880247,2026-06-24,city scrape,Global-Themed Comfort at Ottawa Travel Stay,128147300,Maria Kristina,9,1,3,5,"Ottawa, Canada",t,1,t,Rideau-Rockcliffe,45.4409319,-75.6421652,Entire rental unit,Entire home/apt,4,1.0,2.0,3.0,200.0,2026-08-29,2026-08-31,400.0,200.0,2.0,1125.0,t,2,2,8,166,2026-06-24,273,84,84,2023-01-09,2026-06-02,4.95,4.92,4.96,4.99,4.71,4.89,6.48,1,1
1046,793663956560184367,2026-06-24,city scrape,Park Avenue Pied a Terre,170632262,Steve,8,4,8,4,"Ottawa, Canada",f,2,t,Somerset,45.4142778,-75.68507819999999,Entire rental unit,Entire home/apt,4,1.0,1.0,1.0,91.26,2026-06-24,2026-07-24,2737.79,91.26,30.0,365.0,t,30,60,90,365,2026-06-24,10,2,2,2023-08-31,2026-05-01,4.4,4.9,5.0,5.0,4.8,4.5,0.29,2,2
1047,794796761058354832,2026-06-24,city scrape,Simple private room in Little Italy,125531677,Anas,9,2,4,5,"Ottawa, Canada",f,3,t,Somerset,45.39906,-75.70972,Private room in home,Private room,1,1.0,2.0,1.0,70.33,2026-07-19,2026-07-22,211.0,70.33,3.0,1125.0,t,6,30,38,74,2026-06-24,77,29,32,2023-12-09,2026-06-13,4.61,4.66,4.91,4.84,4.78,4.58,2.49,3,0
1048,794907570441018513,2026-06-24,city scrape,Little Italy: private room in a shared house,125531677,Anas,9,2,4,5,"Ottawa, Canada",f,3,t,Somerset,45.40036,-75.70925,Private room in home,Private room,2,1.0,2.0,1.0,74.33,2026-07-18,2026-07-21,223.0,74.33,2.0,14.0,t,8,16,17,53,2026-06-24,87,26,28,2023-05-03,2026-05-18,4.53,4.61,4.75,4.71,4.62,4.51,2.27,3,0
1049,796363922232123132,2026-06-24,city scrape,Casa Del Chill,16802051,Jake,12,0,3,5,"Ottawa, Canada",f,1,t,Bay,45.34709,-75.83741,Entire home,Entire home/apt,4,2.0,2.0,2.0,417.58,2026-06-25,2026-07-25,12527.45,417.58,30.0,60.0,t,29,59,89,89,2026-06-24,1,0,0,2023-03-10,2023-03-10,5.0,5.0,5.0,5.0,5.0,5.0,0.02,1,1
1050,796416617950764750,2026-06-24,city scrape,Charming 3BDM Single Family Home with Parking,494135157,Sophie Nadine,3,5,3,5,"Ottawa, Canada",t,1,t,Rideau-Vanier,45.43646,-75.6919,Entire home,Entire home/apt,5,1.0,3.0,3.0,432.33,2026-08-06,2026-08-12,2594.0,432.33,6.0,365.0,t,0,15,16,16,2026-06-24,31,13,7,2023-02-05,2026-06-04,4.77,4.81,5.0,4.81,4.84,4.77,0.75,1,1
1051,797044418756807163,2026-06-24,city scrape,A beautiful place 1,142510385,Mujib,8,10,4,0,"Ottawa, Canada",f,3,t,Kanata South,45.29976,-75.90338,Private room in home,Private room,1,1.5,1.0,1.0,34.67,2026-09-12,2026-10-12,1040.0,34.67,30.0,1125.0,t,0,0,10,285,2026-06-24,2,1,0,2023-01-31,2026-04-17,3.0,3.5,4.0,4.5,4.5,3.5,0.05,3,0
1052,797060312382687296,2026-07-02,previous scrape,A beautiful place 2,142510385,Mujib,8,10,4,0,"Ottawa, Canada",f,3,t,Kanata South,45.29876,-75.90335,Private room in home,Private room,1,1.4,2.0,2.0,173.3,0000-00-00,"""0000-00-00""",2246.7,173.3,30.0,1125.0,t,0,0,0,0,2026-07-02,2,0,0,2023-02-05,2023-08-09,5.0,5.0,4.5,5.0,5.0,4.5,0.05,3,0
1053,797067284588253312,2026-06-24,city scrape,A beautiful place 3,142510385,Mujib,8,10,4,0,"Ottawa, Canada",f,3,t,Kanata South,45.29943,-75.9038,Private room in home,Private room,1,1.5,2.0,1.0,39.33,2026-12-01,2026-12-31,1180.0,39.33,30.0,1125.0,t,0,0,0,205,2026-06-24,0,0,0,10,10,4.8,4.8,4.9,4.9,4.8,4.7,1.8,3,0
1054,798618143475109633,2026-07-02,previous scrape,"4 bed, 4 bath w/ Gym & Office in Westboro",7354245,Lisa,12,11,12,10,"Ontario, Canada",t,29,t,Kitchissippi,45.39771,-75.75851,Entire home,Entire home/apt,8,1.4,4.0,2.0,173.3,0000-00-00,"""0000-00-00""",2246.7,173.3,30.0,365.0,t,0,0,0,0,2026-07-02,5,1,1,2023-02-28,2025-07-15,4.8,5.0,5.0,4.8,5.0,4.8,0.12,20,20
1055,799456242836191658,2026-07-02,previous scrape,Customize build in Westboro,492054533,Happy Stay Property Management,3,6,3,5,"Ottawa, Canada",f,3,t,Kitchissippi,45.39739,-75.75807999999999,Entire home,Entire home/apt,8,1.4,4.0,2.0,173.3,0000-00-00,"""0000-00-00""",2246.7,173.3,30.0,365.0,t,0,0,0,0,2026-07-02,4,0,0,2023-03-09,2024-02-24,5.0,5.0,5.0,5.0,5.0,4.75,0.1,3,3
1056,800695501658675151,2026-07-02,previous scrape,Rideau Canal Suite - Downtown Ottawa,44043730,Oksana & Alex,10,9,10,8,"Ottawa, Canada",f,1,t,Capital,45.40472,-75.68116,Entire rental unit,Entire home/apt,2,1.4,1.0,2.0,173.3,0000-00-00,"""0000-00-00""",2246.7,173.3,3.0,1125.0,t,0,0,0,0,2026-07-02,86,19,25,2023-01-23,2026-01-01,4.85,4.86,4.92,4.88,4.97,4.76,2.05,1,1
1057,800903834297712795,2026-06-24,city scrape,Raj Niwas  Private-Entry Suite Near Ottawa Airport,272612419,Shukra,6,11,2,11,"Ottawa, Canada",t,1,t,Gloucester-South Nepean,45.31252,-75.59170999999999,Private room in home,Private room,2,1.0,1.0,1.0,117.0,2026-06-24,2026-06-25,117.0,117.0,1.0,90.0,t,27,57,87,177,2026-06-24,242,63,88,2023-07-09,2026-06-08,4.86,4.88,4.91,4.92,4.82,4.83,6.71,1,0
1058,801052217334012495,2026-06-24,city scrape,Entire fully renovated/ private entrance apartment,495278626,Jose,3,5,3,5,"Ottawa, Canada",f,1,t,Kanata South,45.28941,-75.86479,Entire rental unit,Entire home/apt,3,1.0,1.0,2.0,80.09,2026-08-14,2026-09-13,2402.62,80.09,30.0,500.0,t,0,9,39,314,2026-06-24,3,1,0,2023-03-31,2026-01-31,4.67,4.67,4.67,4.67,5.0,4.67,0.08,1,1
1059,801506127246884071,2026-06-24,city scrape,Luxury Ensuite room in Ottawa,495390918,Preet,3,5,3,5,"Ottawa, Canada",f,4,t,Osgoode,45.32394,-75.5857,Private room in home,Private room,2,1.0,2.0,1.0,101.0,2026-06-24,2026-06-25,101.0,101.0,1.0,1125.0,t,27,57,87,362,2026-06-24,42,21,17,2023-02-19,2026-06-19,4.81,4.79,4.95,4.81,4.81,4.76,1.03,4,0
1060,802408761929188187,2026-06-24,city scrape,"1-Bedroom + Den, Sleeps 4",64762834,Lisa,10,2,10,2,"Gatineau, Canada",f,7,t,Rideau-Vanier,45.43678,-75.65745,Entire rental unit,Entire home/apt,4,1.0,1.0,2.0,61.82,2026-09-01,2026-10-02,1916.34,61.82,31.0,185.0,t,0,0,21,122,2026-06-24,8,3,3,2023-04-29,2026-05-31,4.38,4.25,4.63,4.63,4.25,4.13,0.21,6,6
1061,803014166045380525,2026-06-24,city scrape,Private Bedroom #3 in a Brand New Home,325824177,Bader,6,5,3,5,"Ottawa, Canada",t,8,t,Gloucester-South Nepean,45.31283,-75.59216,Private room in townhouse,Private room,2,1.5,2.0,2.0,55.0,2026-07-09,2026-08-08,1650.0,55.0,30.0,365.0,t,15,45,75,255,2026-06-24,78,17,32,2023-03-31,2025-11-15,4.91,4.96,4.94,4.92,4.81,4.85,1.98,8,1
1062,803014178017683698,2026-06-24,city scrape,Private Bedroom #2 in a Brand New Home,325824177,Bader,6,5,3,5,"Ottawa, Canada",t,8,t,Gloucester-South Nepean,45.31169999999999,-75.59283,Private room in home,Private room,2,1.5,2.0,1.0,61.11,2026-06-29,2026-07-29,1833.16,61.11,30.0,1125.0,t,25,55,85,265,2026-06-24,97,13,30,2023-05-01,2025-12-08,4.84,4.85,4.92,4.84,4.79,4.77,2.53,8,1
1063,803691473420873195,2026-06-24,city scrape,The Design Gallery,12929693,Linda,12,3,12,3,"Ottawa, Canada",t,1,t,Somerset,45.4161131,-75.68641099999999,Private room,Private room,1,1.0,1.0,1.0,93.66,2026-07-01,2026-07-31,2809.69,93.66,30.0,30.0,t,23,53,83,83,2026-06-24,3,1,1,2023-06-14,2025-11-14,5.0,5.0,5.0,5.0,5.0,5.0,0.08,1,0
1064,807129409077279559,2026-07-02,previous scrape,Amazing pond view in Kanata,492054533,Happy Stay Property Management,3,6,3,5,"Ottawa, Canada",f,3,t,Kanata North,45.30745,-75.93585,Entire home,Entire home/apt,8,1.4,4.0,2.0,173.3,0000-00-00,"""0000-00-00""",2246.7,173.3,30.0,365.0,t,0,0,0,0,2026-07-02,10,0,0,2023-03-01,2023-10-01,4.7,4.7,4.9,4.8,4.8,4.6,0.25,3,3
1065,807308479729719542,2026-06-24,city scrape,Chic 3BR Unit in DT Ottawa (Sandyhill) w/Parking*,373561137,Jaybird,5,7,5,7,"Ottawa, Canada",t,6,t,Rideau-Vanier,45.42883,-75.68111,Entire rental unit,Entire home/apt,6,1.4,3.0,3.0,280.0,2026-06-24,2026-06-26,560.0,280.0,1.0,365.0,t,17,35,39,39,2026-06-24,85,2,0,2023-01-26,2026-06-05,4.69,4.8,4.86,4.67,4.69,4.6,2.05,4,4
1066,810426925080036360,2026-06-24,city scrape,Modern Hintonburg APT w/parking,19055907,Timothy,11,10,3,0,"Ottawa, Canada",f,1,t,Kitchissippi,45.40389,-75.72006,Entire rental unit,Entire home/apt,2,1.0,1.0,2.0,128.75,2026-08-01,2026-08-31,3862.6,128.75,30.0,365.0,t,0,22,33,135,2026-06-24,89,19,34,2023-06-26,2026-05-12,4.97,4.96,4.94,4.97,4.91,4.87,2.44,1,1
1067,811003558166597900,2026-07-02,previous scrape,Modern 2BD w Hot Tub near Nepean Sail Club and DND,45229471,Kevin,10,9,3,5,"Ottawa, Canada",f,1,t,Bay,45.35198,-75.83315,Entire townhouse,Entire home/apt,4,1.4,2.0,2.0,173.3,0000-00-00,"""0000-00-00""",2246.7,173.3,3.0,1125.0,t,0,0,0,0,2026-07-02,14,0,0,2023-03-31,2024-04-22,5.0,5.0,5.0,5.0,4.93,5.0,0.35,1,1
1068,811047887686356190,2026-06-24,city scrape,Private bedroom in Quiet house,495390918,Preet,3,5,3,5,"Ottawa, Canada",f,4,t,Osgoode,45.32352,-75.58762,Private room in home,Private room,2,1.0,2.0,1.0,85.0,2026-06-24,2026-06-25,85.0,85.0,1.0,1125.0,t,27,57,87,362,2026-06-24,45,21,21,2023-04-30,2026-06-15,4.67,4.76,4.89,4.64,4.8,4.51,1.17,4,0
1069,811756292949458253,2026-06-24,city scrape,Authentic Glebe Annex Home Parking/Patio/BBQ,489006492,Aurangzeb,3,7,3,4,"Ottawa, Canada",t,1,t,Capital,45.40439,-75.68509,Entire home,Entire home/apt,4,2.5,2.0,2.0,556.5,2026-06-25,2026-06-27,1113.0,556.5,2.0,1125.0,t,2,10,18,261,2026-06-24,204,45,43,2023-02-12,2026-06-14,4.97,4.98,4.97,4.96,4.99,4.91,4.98,1,1
1070,811799871027924138,2026-06-24,city scrape,Specious New Townhouse 20 min from downtown,392546478,Kian,5,3,3,0,"Ottawa, Canada",t,1,t,Innes,45.4380499,-75.5066987,Entire townhouse,Entire home/apt,8,1.4,4.0,6.0,169.58,2026-09-20,2026-10-20,5087.25,169.58,30.0,90.0,t,0,0,2,92,2026-06-24,37,2,12,2023-06-18,2026-02-19,4.95,4.97,5.0,5.0,4.73,4.86,1.01,1,1
1071,812221253631015950,2026-06-24,city scrape,*Welcome to your stress-free zone - Ottawa*,257869858,Bara,7,1,4,2,"Ottawa, Canada",t,2,t,Rideau-Rockcliffe,45.44073,-75.64023,Entire home,Entire home/apt,5,1.0,2.0,2.0,177.73,2026-09-09,2026-10-09,5331.99,177.73,30.0,730.0,t,2,11,24,204,2026-06-24,97,2,24,2023-04-13,2026-04-27,4.92,4.94,4.96,4.98,4.77,4.85,2.49,2,2
1072,812996882596539001,2026-07-02,previous scrape,KASHY HOMES-Alluring large single family home,66264674,Kashy,10,2,10,2,"Ottawa, Canada",t,7,t,Gloucester-South Nepean,45.32413509232185,-75.60575243477933,Entire home,Entire home/apt,16,1.4,6.0,2.0,300.01,2026-07-12,2026-08-11,9000.15,300.01,30.0,365.0,t,20,50,80,355,2026-07-02,11,11,11,2025-08-04,2025-12-30,4.91,5.0,5.0,5.0,4.82,4.91,0.99,7,7
1073,813039745450490501,2026-06-24,city scrape,Quiet Bedroom In A House,281544930,⁨David (Qu)⁩,6,10,4,10,"Ottawa, Canada",f,2,t,Gloucester-Southgate,45.36559,-75.62448,Private room in home,Private room,2,1.5,2.0,1.0,99.0,2026-10-01,2026-10-02,99.0,99.0,1.0,1125.0,t,0,0,0,31,2026-06-24,14,6,3,2024-05-19,2026-04-17,4.43,4.43,4.43,4.86,4.21,4.29,0.55,1,0
1074,814025843770449651,2026-06-24,city scrape,Spacious Master Bedroom en-suite bathroom #1,325824177,Bader,6,5,3,5,"Ottawa, Canada",t,8,t,Gloucester-South Nepean,45.31215,-75.59345,Private room in townhouse,Private room,2,1.5,2.0,1.0,60.66,2026-08-05,2026-09-04,1819.66,60.66,30.0,1125.0,t,1,19,49,269,2026-06-24,133,23,37,2023-03-08,2026-06-01,4.95,4.91,4.96,4.92,4.85,4.88,3.31,8,1
1075,814403746243543489,2026-06-24,city scrape,Cozy Townhouse in Barrhaven near Metro Plaza,432022571,Emmanuel,4,7,4,3,"Ottawa, Canada",t,1,t,Gloucester-South Nepean,45.270349906588805,-75.71466643363237,Entire home,Entire home/apt,6,2.5,4.0,4.0,200.27,2026-09-06,2026-10-06,6008.09,200.27,30.0,1125.0,t,0,7,23,298,2026-06-24,41,5,4,2023-04-07,2026-01-17,4.9,4.9,4.98,4.95,4.88,4.73,1.05,1,1
1076,815280231518592235,2026-06-24,city scrape,Blissful Cove,119349298,Gloria,9,3,2,10,"Ottawa, Canada",f,1,t,Stittsville-Kanata West,45.2903303,-75.9169465,Private room in home,Private room,1,1.0,2.0,1.0,72.73,2026-06-24,2026-07-24,2181.82,72.73,30.0,1125.0,t,30,60,90,270,2026-06-24,0,0,0,10,10,4.8,4.8,4.9,4.9,4.8,4.7,1.8,1,0
1077,816160403004337405,2026-06-24,city scrape,Private Studio in Kanata South.,340832428,Graziela,6,3,3,2,"Ottawa, Canada",t,1,t,Kanata South,45.28467,-75.88189,Private room in home,Private room,2,1.0,1.0,2.0,109.0,2026-07-06,2026-07-07,109.0,109.0,1.0,5.0,t,7,25,45,54,2026-06-24,150,30,30,2023-04-20,2026-06-21,4.93,4.97,4.97,4.98,4.88,4.98,3.87,1,0
1078,816844236228901172,2026-06-24,city scrape,"Private, clean and spacious 2BR luxury unit.",186146353,Christo,8,1,3,3,"Ottawa, Canada",t,1,t,College,45.32046461651445,-75.81907007843256,Entire rental unit,Entire home/apt,4,1.0,2.0,2.0,217.5,2026-07-26,2026-07-28,435.0,217.5,2.0,26.0,t,1,12,37,37,2026-06-24,142,53,40,2023-03-10,2026-06-19,4.89,4.94,4.94,4.96,4.92,4.92,3.54,1,1
1079,819107803598408163,2026-06-24,city scrape,Welcome to B&W hotel!,52123395,Will,10,6,7,11,"Ottawa, Canada",f,2,t,Gloucester-South Nepean,45.2842118,-75.6803992,Private room in home,Private room,1,1.0,2.0,1.0,77.88,2027-01-01,2027-01-31,2336.25,77.88,30.0,60.0,t,0,0,0,174,2026-06-24,0,0,0,10,10,4.8,4.8,4.9,4.9,4.8,4.7,1.8,2,0
1080,819568713268755944,2026-06-24,city scrape,Luxury Home 15minDT PremiumBedsLinens Parking Yard,365426346,Randy,5,9,3,2,"Ottawa, Canada",t,1,t,Knoxdale-Merivale,45.35925346391144,-75.7249077909851,Entire home,Entire home/apt,6,2.0,3.0,3.0,377.0,2026-07-06,2026-07-10,1508.0,377.0,2.0,100.0,t,12,27,50,90,2026-06-24,71,20,17,2023-04-10,2026-05-27,4.97,4.99,5.0,4.94,4.75,4.83,1.82,1,1
1081,819812624479222111,2026-06-24,city scrape,The Pink Hideout (private room),154600184,Cjay,8,8,8,2,"Ottawa, Canada",f,3,t,College,45.31356,-75.8266,Private room in home,Private room,2,1.5,2.0,1.0,63.8,2026-06-24,2026-07-24,1914.0,63.8,30.0,365.0,t,30,60,90,365,2026-06-24,8,0,0,2023-02-20,2023-04-30,4.5,4.63,4.75,4.75,4.5,4.63,0.2,3,1
1082,819827459159814997,2026-06-24,city scrape,Very Spacious Basement Bedroom #4 in New Home,325824177,Bader,6,5,3,5,"Ottawa, Canada",t,8,t,Gloucester-South Nepean,45.31267,-75.59202,Private room in townhouse,Private room,3,1.5,1.0,1.0,57.54,2027-02-24,2027-03-26,1726.24,57.54,30.0,365.0,t,0,0,0,120,2026-06-24,90,3,18,2023-04-26,2025-11-19,4.89,4.93,4.96,4.89,4.88,4.93,2.34,8,1
1083,821916523665336793,2026-06-24,city scrape,Bright & Modern. Great Location!,157425361,Tracy,8,7,3,3,"Ottawa, Canada",t,1,t,Capital,45.38204,-75.67305,Entire rental unit,Entire home/apt,4,1.0,2.0,2.0,226.0,2026-10-13,2026-10-16,678.0,226.0,3.0,365.0,t,1,1,2,247,2026-06-24,64,25,21,2023-03-19,2026-06-15,5.0,5.0,4.98,5.0,4.92,5.0,1.61,1,1
1084,824868754914004945,2026-06-24,city scrape,Spacious dwelling overlooking the Ottawa River!,471454918,Idris,3,10,3,1,"Ottawa, Canada",f,1,t,Cumberland,45.51324,-75.45742,Entire home,Entire home/apt,3,1.0,2.0,3.0,80.43,2026-06-25,2026-07-25,2413.0,80.43,30.0,1125.0,t,29,59,89,364,2026-06-24,7,3,4,2024-06-30,2026-02-14,4.14,4.43,4.43,4.43,4.57,3.71,0.29,1,1
1085,826210615520887426,2026-06-24,city scrape,Modern getaway 1 Bedroom,156346759,Jean-Yves,8,7,3,4,"Ottawa, Canada",t,1,t,Rideau-Vanier,45.43852,-75.65584,Entire rental unit,Entire home/apt,2,1.0,1.0,1.0,74.9,2026-10-01,2026-10-31,2246.87,74.9,30.0,1125.0,t,0,0,0,59,2026-06-24,31,2,8,2023-02-18,2025-07-30,4.9,4.84,4.94,4.97,4.71,4.74,0.76,1,1
1086,827593096990084788,2026-06-24,city scrape,"NEW Bright & Cozy, 2 Bedroom, 2 Balcony!",460949715,Jesse,4,0,4,0,"Ottawa, Canada",t,2,t,Somerset,45.40941,-75.70917,Entire rental unit,Entire home/apt,4,1.0,2.0,2.0,115.35,2026-10-08,2026-11-07,3460.56,115.35,30.0,365.0,t,0,0,0,259,2026-06-24,6,1,1,2023-04-12,2025-08-13,4.83,4.5,5.0,5.0,3.83,5.0,0.15,2,2
1087,828241170049177182,2026-06-24,city scrape,"Bright, Clean & Crisp 3 Bed Townhouse",501352533,Ryan,3,4,3,3,"Ottawa, Canada",f,2,t,Barrhaven,45.24786,-75.75039,Entire townhouse,Entire home/apt,6,1.5,3.0,4.0,250.91,2026-08-10,2026-09-09,7527.19,250.91,5.0,1125.0,t,0,13,43,223,2026-06-24,70,2,2,2023-03-19,2026-06-01,4.94,4.93,4.96,4.94,4.71,4.9,1.76,2,2
1088,829806051379691136,2026-07-02,previous scrape,Stylish single family home-Downtown- Airport-River,305048917,Mohammad,6,7,4,4,"Ottawa, Canada",t,10,t,Gloucester-South Nepean,45.26411,-75.68802,Entire home,Entire home/apt,8,1.4,4.0,2.0,173.3,0000-00-00,"""0000-00-00""",2246.7,173.3,30.0,30.0,t,0,0,0,0,2026-07-02,4,0,0,2023-06-26,2024-03-31,5.0,4.75,5.0,5.0,5.0,4.75,0.11,8,8
1089,831122460530475073,2026-06-24,city scrape,The Rustic Antler,412746928,Alanna,4,11,3,3,"Ottawa, Canada",f,1,t,Osgoode,45.2488699,-75.43002,Entire cabin,Entire home/apt,5,1.0,1.0,2.0,140.13,2026-06-25,2026-07-25,4204.03,140.13,30.0,365.0,t,29,59,89,364,2026-06-24,4,0,0,2023-03-14,2023-04-10,5.0,4.75,5.0,5.0,5.0,4.75,0.1,1,1
1090,831202423405794145,2026-07-02,previous scrape,Quite Cozy townhouse,92173812,Abeer,9,10,2,6,"Ottawa, Canada",f,1,t,Gloucester-South Nepean,45.25925,-75.68645,Entire townhouse,Entire home/apt,6,1.4,3.0,2.0,173.3,0000-00-00,"""0000-00-00""",2246.7,173.3,30.0,1125.0,t,0,0,0,0,2026-07-02,0,0,0,10,10,4.8,4.8,4.9,4.9,4.8,4.7,1.8,1,1
1091,831208414491005462,2026-07-02,previous scrape,Room with private bathroom,478342638,Lemnue,3,9,3,9,"Ottawa, Canada",f,1,t,Rideau-Goulbourn,45.23845,-75.74782,Private room in home,Private room,1,1.4,2.0,2.0,14.49,2026-07-03,2026-10-02,1319.0,14.49,91.0,365.0,t,29,59,89,364,2026-07-02,1,0,1,2025-03-29,2025-03-29,5.0,5.0,5.0,5.0,5.0,5.0,0.07,1,0
1092,832132617418555852,2026-07-02,previous scrape,Spacious Family Home in Barrhaven. Dwtn.Shops 8min,86386718,Reem,9,10,3,4,"Ottawa, Canada",t,5,t,Rideau-Goulbourn,45.23945,-75.74643999999999,Entire townhouse,Entire home/apt,6,1.4,3.0,2.0,173.3,0000-00-00,"""0000-00-00""",2246.7,173.3,30.0,1125.0,t,0,0,0,0,2026-07-02,268,35,70,2023-03-02,2025-12-01,4.95,4.93,4.95,4.97,4.76,4.91,6.6,1,1
1093,832564951778037394,2026-06-24,city scrape,Mid-Century Apartment,26902228,Yvonne,11,4,9,11,"Ottawa, Canada",t,2,t,Kitchissippi,45.39831,-75.72583,Entire rental unit,Entire home/apt,6,1.0,2.0,3.0,331.0,2026-07-06,2026-07-07,331.0,331.0,1.0,1125.0,t,1,2,9,237,2026-06-24,236,66,63,2023-03-18,2026-06-17,4.94,4.93,4.96,4.98,4.79,4.85,5.92,1,1
1094,835409099062314773,2026-06-24,city scrape,Waves Cottage Retreat Waterfront Property,499906188,Bruce,3,4,3,3,"Ottawa, Canada",f,1,t,West Carleton-March,45.48352,-76.05230999999999,Entire home,Entire home/apt,8,1.0,4.0,5.0,688.67,2026-09-20,2026-09-23,2066.0,688.67,3.0,29.0,t,0,1,3,167,2026-06-24,2,0,0,2023-09-04,2024-08-05,4.5,4.5,5.0,4.5,5.0,4.0,0.06,1,1
1095,836440411843106862,2026-06-24,city scrape,"A2 double bed, desk+tv (shared condo)",247432884,Andy,7,3,3,2,"Ottawa, Canada",f,2,t,River,45.37033,-75.70241,Private room in rental unit,Private room,1,1.0,1.0,1.0,45.31,2026-07-01,2026-07-31,1359.36,45.31,30.0,90.0,t,23,53,83,184,2026-06-24,44,0,0,2023-04-04,2024-03-25,4.86,4.82,4.86,4.91,4.75,4.89,1.12,1,0
1096,840110986077867889,2026-07-02,previous scrape,Beautiful New Home for Families & Friends,503901171,Adam,3,3,3,3,"Ottawa, Canada",f,2,t,Stittsville-Kanata West,45.2752,-75.9113,Entire bungalow,Entire home/apt,4,1.4,2.0,2.0,173.3,0000-00-00,"""0000-00-00""",2246.7,173.3,30.0,365.0,t,0,0,0,0,2026-07-02,2,0,0,2023-05-26,2024-06-27,4.5,5.0,5.0,5.0,4.5,4.5,0.05,2,2
1097,840556793986095771,2026-06-24,city scrape,Room 4 U,503993097,Marie,3,3,3,1,"Ottawa, Canada",t,1,t,River,45.38251,-75.7278,Private room in home,Private room,2,1.0,2.0,1.0,120.0,2026-07-06,2026-07-08,240.0,120.0,2.0,1125.0,t,14,29,53,316,2026-06-24,103,40,36,2023-05-04,2026-06-15,4.93,4.92,4.95,4.96,4.84,4.87,2.69,1,0
1098,841545879612040752,2026-06-24,city scrape,Whole basement apartment,504231780,Aline,3,3,3,2,"Ottawa, Canada",f,1,t,Beacon Hill-Cyrville,45.4479189,-75.5882383,Entire guest suite,Entire home/apt,2,1.4,1.0,1.0,137.0,2026-06-27,2026-06-28,137.0,137.0,1.0,1125.0,t,24,54,84,359,2026-06-24,85,45,46,2023-06-25,2026-06-13,4.68,4.71,4.85,4.8,4.79,4.53,2.33,1,1
1099,841852428878760093,2026-07-02,previous scrape,New Luxury 1 Bedroom Condo Downtown,6237251,Joy,13,1,9,0,"Ottawa, Canada",t,13,t,Rideau-Vanier,45.4258917,-75.68822949999999,Entire rental unit,Entire home/apt,2,1.4,1.0,2.0,173.3,0000-00-00,"""0000-00-00""",2246.7,173.3,31.0,360.0,t,0,0,0,0,2026-07-02,0,0,0,10,10,4.8,4.8,4.9,4.9,4.8,4.7,1.8,3,3
1100,842877146519352426,2026-06-24,city scrape,"Beautiful home in Findlay Creek Village, Ottawa",504514070,Sanyu,3,3,3,3,"Ottawa, Canada",t,1,t,Gloucester-South Nepean,45.3190224,-75.5966475,Entire home,Entire home/apt,6,2.5,3.0,3.0,147.5,2026-07-06,2026-07-18,1770.0,147.5,4.0,730.0,t,14,14,14,280,2026-06-24,29,4,6,2023-06-30,2026-05-03,4.79,4.69,4.9,4.9,4.79,4.59,0.8,1,1
1101,844294509487143130,2026-06-24,city scrape,"Bright, Spacious Private Monthly 1 BR Apt -Orléans",379979184,Amaury,5,6,5,6,"Ottawa, Canada",t,3,t,Orleans,45.47089,-75.50956,Entire rental unit,Entire home/apt,2,1.0,1.0,1.0,86.67,2026-10-31,2026-11-30,2600.0,86.67,30.0,365.0,t,1,1,2,238,2026-06-24,16,4,3,2023-07-31,2026-04-30,4.94,4.94,4.94,5.0,4.81,4.75,0.45,2,2
1102,844339106672322641,2026-06-24,city scrape,"Orleans 3 bedroom | Clean, spacious, sunny!",113330491,Josefine,9,4,5,7,"Ottawa, Canada",f,3,t,Orleans,45.47073,-75.50938,Entire rental unit,Entire home/apt,5,1.0,3.0,3.0,125.37,2026-11-30,2026-12-30,3761.0,125.37,30.0,365.0,t,0,0,0,206,2026-06-24,8,3,3,2024-02-29,2026-03-31,5.0,5.0,5.0,5.0,4.75,5.0,0.28,1,1
1103,845734983760546083,2026-06-24,city scrape,confortable et propre grand appartement,482257097,Radia,3,8,3,2,"Ottawa, Canada",f,1,t,Gloucester-Southgate,45.3596833,-75.63430029999999,Entire rental unit,Entire home/apt,3,1.0,1.0,1.0,125.53,2026-06-26,2026-07-26,3766.0,125.53,30.0,100.0,t,28,58,88,88,2026-06-24,0,0,0,10,10,4.8,4.8,4.9,4.9,4.8,4.7,1.8,1,1
1104,847205876912064009,2026-06-24,city scrape,Prestige Home,505418978,Chinedu,3,3,3,3,"Ottawa, Canada",t,1,t,Rideau-Goulbourn,45.23827,-75.74611,Private room in home,Private room,2,1.0,2.0,1.0,91.0,2026-06-25,2026-06-26,91.0,91.0,1.0,365.0,t,28,58,88,363,2026-06-24,52,32,26,2023-05-21,2026-06-12,4.75,4.85,4.92,4.79,4.65,4.69,1.38,1,0
1105,847397440041615406,2026-07-02,previous scrape,Kanata Luxury home with elevator,224889769,Eddy,7,7,4,5,"Ottawa, Canada",t,10,t,Kanata North,45.32008,-75.92711,Entire townhouse,Entire home/apt,6,1.4,3.0,2.0,173.3,0000-00-00,"""0000-00-00""",2246.7,173.3,31.0,1125.0,t,0,0,0,0,2026-07-02,10,0,0,2023-04-11,2023-07-14,5.0,5.0,5.0,5.0,5.0,5.0,0.25,7,7
1106,848082963763684272,2026-06-24,city scrape,Lighthouse Cottage Retreat,103724894,Kyle,9,7,8,0,"Ottawa, Canada",t,1,t,West Carleton-March,45.45476,-76.27522,Entire home,Entire home/apt,8,2.0,3.0,4.0,510.98,2026-06-29,2026-07-02,1532.94,510.98,2.0,28.0,t,9,22,43,131,2026-06-24,89,31,35,2023-07-16,2026-06-07,4.94,4.93,4.97,4.96,4.9,4.81,2.48,1,1
1107,848471472931866157,2026-07-02,previous scrape,"1 bed apt - own kitchen, living room 5 min airport",235240133,Ivan,7,5,7,5,"Ottawa, Canada",f,3,t,Gloucester-Southgate,45.35188,-75.641,Entire rental unit,Entire home/apt,2,1.4,1.0,2.0,173.3,0000-00-00,"""0000-00-00""",2246.7,173.3,29.0,365.0,t,0,0,0,0,2026-07-02,9,1,1,2023-05-16,2026-06-02,4.89,5.0,5.0,4.89,4.78,5.0,0.24,3,3
1108,848554593634780071,2026-06-24,city scrape,Nature Retreat,505697441,Kenny,3,3,2,10,"Ottawa, Canada",t,1,t,West Carleton-March,45.45724,-75.96475,Entire bungalow,Entire home/apt,6,2.0,2.0,3.0,182.22,2026-06-25,2026-07-25,5466.56,182.22,30.0,365.0,t,29,56,84,359,2026-06-24,40,12,19,2023-08-19,2026-05-20,4.9,4.85,4.9,4.98,4.9,4.8,1.15,1,1
1109,849867980671099303,2026-06-24,city scrape,Cozy Cottage Steps 2 the Water,385488463,James,5,5,2,11,"Ottawa, Canada",t,1,t,West Carleton-March,45.50181829292642,-76.08164962381124,Entire home,Entire home/apt,4,1.0,2.0,3.0,346.0,2026-07-30,2026-08-01,692.0,346.0,2.0,365.0,t,3,14,20,20,2026-06-24,66,24,23,2023-08-06,2026-06-14,4.98,4.92,4.98,4.98,4.91,4.86,1.88,1,1
1110,850020750858302571,2026-06-24,city scrape,KASHY HOMES-Immense Home Close to DT and Airport,33847324,Jean,11,1,5,8,"Ottawa, Canada",f,1,t,Gloucester-South Nepean,45.32548,-75.60444000000001,Entire home,Entire home/apt,16,4.5,7.0,8.0,347.93,2026-07-31,2026-08-30,10437.78,347.93,30.0,730.0,t,0,23,53,328,2026-06-24,94,27,51,2023-05-22,2026-04-22,4.95,4.96,4.97,4.94,4.91,4.83,2.5,1,1
1111,851049115581096256,2026-06-24,city scrape,Big room in a great location.,290415304,Maha,6,9,3,3,"Ottawa, Canada",f,5,t,College,45.3593590652867,-75.74938394129276,Private room in home,Private room,2,1.0,2.0,1.0,49.32,2026-06-24,2026-07-25,1529.0,49.32,31.0,90.0,t,30,60,90,180,2026-06-24,22,0,0,2023-03-31,2024-06-01,5.0,5.0,5.0,5.0,4.95,4.95,0.56,5,1
1112,851545202310449388,2026-06-24,city scrape,The Byron Brownstone,506311317,Mike,3,3,2,10,"Ottawa, Canada",t,1,t,Kitchissippi,45.394157,-75.7422134,Entire guest suite,Entire home/apt,4,2.0,2.0,2.0,430.0,2026-06-29,2026-07-01,860.0,430.0,2.0,1125.0,t,10,20,34,214,2026-06-24,89,35,48,2023-12-03,2026-05-29,4.99,4.99,4.99,4.98,4.98,4.89,2.86,1,1
1113,851695215636850111,2026-06-24,city scrape,cozy room in a perfect location.,290415304,Maha,6,9,3,3,"Ottawa, Canada",f,5,t,College,45.35842,-75.74903,Private room in home,Private room,2,1.0,2.0,1.0,50.39,2026-06-24,2026-07-25,1562.0,50.39,31.0,100.0,t,30,60,90,180,2026-06-24,19,0,1,2023-04-01,2025-05-02,4.84,4.79,4.89,4.79,4.79,4.84,0.48,5,1
1114,851799960074519522,2026-06-24,city scrape,Comfortable 2 Br in Quiet Place,42714196,Amani,10,9,9,10,"Ottawa, Canada",t,7,t,Rideau-Rockcliffe,45.44712,-75.62771,Private room in home,Private room,3,2.5,2.0,3.0,80.99,2027-02-02,2027-03-04,2429.77,80.99,30.0,365.0,t,0,0,0,142,2026-06-24,2,1,1,2023-08-26,2025-11-01,5.0,4.0,5.0,5.0,5.0,4.0,0.06,7,1
1115,852295110298592294,2026-06-24,city scrape,cute room in a beautiful house.,290415304,Maha,6,9,3,3,"Ottawa, Canada",f,5,t,College,45.3591181,-75.7495107,Private room in home,Private room,2,1.0,2.0,1.0,54.74,2026-06-24,2026-07-25,1697.0,54.74,31.0,95.0,t,30,60,90,365,2026-06-24,9,0,0,2023-03-31,2023-08-20,5.0,5.0,5.0,5.0,4.89,5.0,0.23,5,1
1116,852798814606736835,2026-06-24,city scrape,Beautiful Modern Home*Sleeps 8! 4BR NFLX 2.5Bath,506569095,Micbet,3,3,3,1,"Ottawa, Canada",t,5,t,Barrhaven,45.2478455,-75.7530519,Entire home,Entire home/apt,8,2.5,4.0,4.0,211.63,2026-10-28,2026-11-27,6348.89,211.63,30.0,730.0,t,0,0,0,239,2026-06-24,99,14,25,2023-05-08,2026-06-05,4.96,4.96,4.98,4.98,4.75,4.83,2.6,3,3
1117,852821411634422005,2026-06-24,city scrape,Private suite in the heart of the city! 1bed/1bath,418361049,Zainab,4,10,3,0,"Ottawa, Canada",f,1,t,College,45.33899,-75.76239,Entire guest suite,Entire home/apt,2,1.0,1.0,1.0,186.0,2026-07-04,2026-07-05,186.0,186.0,1.0,60.0,t,8,38,68,338,2026-06-24,173,52,50,2023-07-05,2026-06-15,4.79,4.79,4.96,4.94,4.84,4.63,4.78,1,1
1118,853841621885097736,2026-07-02,previous scrape,1bedroom and bath outside home,466816069,Gisele,4,0,3,2,"Ottawa, Canada",f,1,t,Alta Vista,45.39821,-75.61301,Entire rental unit,Entire home/apt,2,1.4,1.0,2.0,23.16,2026-10-02,2026-12-01,1389.74,23.16,60.0,1125.0,t,0,0,0,273,2026-07-02,37,0,0,2023-04-20,2023-09-19,4.41,4.49,4.62,4.76,4.57,4.54,0.95,1,1
1119,856588245431513418,2026-06-24,city scrape,Beach & Cozy House w Amazing View in Constants Bay,469450103,Bayhouse,3,11,3,2,"Ottawa, Canada",t,1,t,West Carleton-March,45.50929,-76.10347999999999,Entire guest suite,Entire home/apt,4,1.0,2.0,2.0,369.0,2026-06-29,2026-06-30,369.0,369.0,1.0,1125.0,t,5,9,32,307,2026-06-24,65,17,18,2023-05-22,2026-05-10,4.91,4.86,4.94,4.98,4.98,4.85,1.73,1,1
1120,856595534923568593,2026-06-24,city scrape,Spacious Family Home. Airport 8min Downtown 15 min,361668155,Mouhamad,5,10,3,8,"Ottawa, Canada",t,2,t,Osgoode,45.3063,-75.59499,Entire home,Entire home/apt,8,2.5,4.0,4.0,226.91,2026-08-01,2026-08-31,6807.41,226.91,30.0,1125.0,t,0,22,52,232,2026-06-24,114,6,29,2023-04-02,2025-08-31,4.95,4.9,4.93,4.96,4.88,4.85,2.9,1,1
1121,857440442812646620,2026-06-24,city scrape,A wonderful and cozy suite,445751469,Anthony,4,4,3,2,"Ottawa, Canada",f,1,t,Gloucester-Southgate,45.36302,-75.64459,Entire home,Entire home/apt,6,2.5,3.0,3.0,257.0,2026-07-11,2026-07-13,514.0,257.0,2.0,96.0,t,5,16,46,46,2026-06-24,66,28,28,2023-07-31,2026-06-11,4.76,4.85,4.97,4.86,4.79,4.73,1.87,1,1
1122,859210314762793559,2026-07-02,previous scrape,Stylish Bungalow,43445093,Rnea,10,9,3,3,"Ottawa, Canada",f,1,t,Bay,45.35789,-75.77644,Entire bungalow,Entire home/apt,4,1.4,2.0,2.0,173.3,0000-00-00,"""0000-00-00""",2246.7,173.3,2.0,365.0,t,0,0,0,0,2026-07-02,34,0,0,2023-04-09,2024-04-16,4.97,4.97,5.0,4.97,4.97,4.85,0.86,1,1
1123,860127625862766700,2026-06-24,city scrape,New Modern 1BR Apt Near Downtown - FREE Parking,369086465,Ahmed,5,9,3,2,"Ottawa, Canada",f,1,t,Rideau-Vanier,45.43414,-75.6603,Entire guest suite,Entire home/apt,2,1.0,1.0,2.0,224.5,2026-06-25,2026-07-25,6735.0,224.5,30.0,1125.0,t,29,59,89,364,2026-06-24,103,0,2,2023-04-10,2025-06-14,4.36,4.49,4.76,4.71,4.33,4.25,2.64,1,1
1124,860826381618048073,2026-06-24,city scrape,Bright 1-bed suite in core of Ottawa,134578070,Shawn,9,0,9,0,"Ottawa, Canada",t,1,t,Capital,45.39602,-75.67633,Entire guest suite,Entire home/apt,2,1.0,1.0,1.0,217.0,2026-07-30,2026-08-01,434.0,217.0,2.0,30.0,t,2,14,22,104,2026-06-24,119,39,38,2023-06-29,2026-06-21,4.87,4.91,4.94,4.97,4.93,4.78,3.27,1,1
1125,861743523223071620,2026-06-24,city scrape,Room with en-suite Bathroom Room # 1,189847984,Michelle,8,1,6,11,"Ottawa, Canada",f,5,t,Barrhaven,45.2636698,-75.7754578,Private room in home,Private room,1,1.0,2.0,1.0,36.9,2026-11-01,2026-12-01,1107.0,36.9,30.0,365.0,t,0,0,0,230,2026-06-24,17,1,1,2023-08-18,2025-12-20,4.65,4.71,4.65,4.65,4.65,4.65,0.49,5,1
1126,861813979357491666,2026-06-24,city scrape,Cozy spacious bedroom in Ottawa,496906679,John,3,5,3,2,"Ottawa, Canada",f,2,t,Barrhaven,45.24857,-75.75271,Private room in home,Private room,2,1.4,1.0,1.0,66.39,2026-06-24,2026-07-24,1991.67,66.39,30.0,365.0,t,30,60,90,365,2026-06-24,18,2,3,2023-04-08,2025-09-28,4.0,4.22,4.17,3.94,4.11,3.89,0.46,2,0
1127,861845068659385695,2026-06-24,city scrape,4-Bedroom Apartment in Ottawa,64762834,Lisa,10,2,10,2,"Gatineau, Canada",f,7,t,Rideau-Vanier,45.4410606,-75.6661307,Entire rental unit,Entire home/apt,6,1.5,4.0,5.0,111.5,2026-09-01,2026-10-01,3345.08,111.5,30.0,180.0,t,0,0,21,296,2026-06-24,1,0,0,2023-08-02,2023-08-02,5.0,5.0,5.0,5.0,5.0,5.0,0.03,6,6
1128,862163994324152661,2026-06-24,city scrape,Cozy Retreat - 15 min drive/bus from downtown,163370098,Buffy,8,6,6,11,"Ottawa, Canada",t,2,t,Rideau-Vanier,45.4389634,-75.6544845,Private room in bungalow,Private room,2,1.0,2.0,1.0,94.0,2026-06-24,2026-06-26,188.0,94.0,2.0,1125.0,t,14,24,47,305,2026-06-24,98,38,26,2023-04-14,2026-06-18,4.97,4.94,4.97,4.96,4.74,4.89,2.52,1,0
1129,864557732653418404,2026-06-24,city scrape,Private Bedroom,495390918,Preet,3,5,3,5,"Ottawa, Canada",f,4,t,Osgoode,45.32395,-75.5862,Private room in home,Private room,2,1.0,2.0,1.0,79.0,2026-06-24,2026-06-25,79.0,79.0,1.0,1125.0,t,10,40,70,345,2026-06-24,74,43,41,2023-04-09,2026-06-06,4.66,4.7,4.78,4.76,4.74,4.62,1.89,4,0
1130,865991362144290250,2026-06-24,city scrape,Private Luxury Bachelor Flat,457117783,Cam,4,1,3,7,"Richmond Hill, Canada",f,2,t,Capital,45.37985,-75.6756,Entire home,Entire home/apt,2,1.0,1.0,1.0,71.9,2026-07-20,2026-08-19,2157.05,71.9,30.0,365.0,t,4,34,64,339,2026-06-24,25,0,0,2023-05-26,2024-06-24,4.52,4.6,4.68,4.64,4.68,4.44,0.67,2,2
1131,866150379326529594,2026-06-24,city scrape,Bright basement,487109183,Eskedar,3,7,3,2,"Ottawa, Canada",t,2,t,River,45.37033,-75.65986,Entire guesthouse,Entire home/apt,4,1.0,2.0,3.0,94.93,2027-01-01,2027-01-31,2847.89,94.93,30.0,365.0,t,0,0,0,174,2026-06-24,31,0,1,2023-05-05,2025-02-01,4.94,4.97,4.84,5.0,4.71,4.87,0.81,2,2
1132,866791565420192011,2026-06-24,city scrape,3 Bedroom Stylish Home in Kanata,508223971,Zoloti,3,2,3,2,"Ottawa, Canada",t,1,t,Kanata North,45.35931,-75.92427,Entire home,Entire home/apt,6,1.5,3.0,3.0,271.94,2026-08-06,2026-09-05,8158.06,271.94,30.0,365.0,t,2,19,49,324,2026-06-24,11,1,1,2023-06-04,2025-10-02,5.0,5.0,5.0,5.0,5.0,4.91,0.3,3,3
1133,868878767773883906,2026-06-24,city scrape,Bright Bachelor in Little Italy,85297148,Short And Suite BnB,9,11,9,4,"Ottawa, Canada",t,51,t,Somerset,45.41049,-75.71446,Entire rental unit,Entire home/apt,2,1.0,1.0,1.0,84.08,2026-07-18,2026-08-17,2522.53,84.08,10.0,365.0,t,6,36,66,311,2026-06-24,17,0,0,2024-01-21,2024-08-31,4.76,4.88,4.94,4.76,4.82,4.71,0.58,28,28
1134,869284093636983126,2026-06-24,city scrape,Ottawa Downtown Skylight Room #5,138778788,John,8,11,3,2,"Ottawa, Canada",t,6,t,Somerset,45.41468,-75.69859,Private room in home,Private room,1,2.0,2.0,1.0,69.27,2027-02-28,2027-03-30,2078.0,69.27,30.0,1125.0,t,0,0,0,116,2026-06-24,97,0,0,2023-04-30,2024-12-05,4.62,4.63,4.75,4.79,4.65,4.41,2.53,5,0
1135,869517053899238879,2026-06-24,city scrape,Spacious & Sunny 2 bedrooms,245105082,Linda,7,4,3,1,"Ottawa, Canada",f,1,t,Kitchissippi,45.40888,-75.73378,Entire rental unit,Entire home/apt,4,2.0,2.0,2.0,110.63,2026-07-19,2026-08-18,3319.0,110.63,30.0,120.0,t,5,30,31,306,2026-06-24,1,1,1,2025-08-31,2025-08-31,5.0,5.0,4.0,5.0,4.0,4.0,0.1,1,1
1136,870522174478601473,2026-06-24,city scrape,Ottawa Beautiful & Cozy Downtown Room #2,138778788,John,8,11,3,2,"Ottawa, Canada",t,6,t,Somerset,45.41492,-75.69911,Private room in home,Private room,2,2.0,2.0,2.0,114.4,2027-02-28,2027-03-30,3432.0,114.4,30.0,1125.0,t,0,0,0,116,2026-06-24,123,0,0,2023-04-25,2024-10-05,4.63,4.77,4.85,4.79,4.54,4.54,3.19,5,0
1137,871612717559317531,2026-06-24,city scrape,Red Brick Hideaway: 1 bedroom suite in Centretown,45410077,Scott,10,8,2,10,"Ottawa, Canada",t,1,t,Somerset,45.40719,-75.70155,Entire rental unit,Entire home/apt,2,1.0,1.0,1.0,71.26,2026-06-29,2026-07-29,2137.69,71.26,30.0,68.0,t,25,49,79,169,2026-06-24,16,4,5,2023-09-27,2026-05-08,5.0,4.94,5.0,5.0,4.94,4.88,0.48,1,1
1138,871840143603020605,2026-07-02,previous scrape,"Private suite in Walkley, Ottawa",492844694,Moyinoluwa,3,5,3,2,"Ottawa, Canada",f,2,t,Alta Vista,45.394863060351526,-75.61620620000001,Entire home,Entire home/apt,4,1.4,1.0,2.0,173.3,0000-00-00,"""0000-00-00""",2246.7,173.3,30.0,1125.0,t,8,8,8,31,2026-07-02,4,1,0,2023-09-01,2026-01-10,4.75,5.0,4.5,5.0,5.0,4.75,0.12,2,2
1139,872022877592450608,2026-06-24,city scrape,Spacious master bedroom en-suite bathroom#1,325824177,Bader,6,5,3,5,"Ottawa, Canada",t,8,t,Gloucester-South Nepean,45.31069,-75.59242,Private room in home,Private room,2,1.4,1.0,1.0,85.59,2026-07-06,2026-07-07,85.59,85.59,1.0,1125.0,t,5,29,57,328,2026-06-24,17,16,0,2023-05-31,2026-06-04,5.0,4.94,4.94,5.0,4.88,4.94,0.45,8,1
1140,872041356891468103,2026-06-24,city scrape,Spacious Master Bedroom+private washroom room#2,325824177,Bader,6,5,3,5,"Ottawa, Canada",t,8,t,Gloucester-South Nepean,45.31042,-75.59383,Private room in home,Private room,2,1.0,1.0,1.0,91.29,2026-07-05,2026-07-06,91.29,91.29,1.0,1125.0,t,6,13,35,310,2026-06-24,16,14,0,2023-05-31,2026-06-21,5.0,5.0,5.0,4.75,5.0,5.0,0.43,8,1
1141,872046489056982212,2026-06-24,city scrape,Spacious Master Bedroom en-suite privatebathroom#3,325824177,Bader,6,5,3,5,"Ottawa, Canada",t,8,t,Gloucester-South Nepean,45.31078,-75.59318,Private room in home,Private room,2,1.4,1.0,1.0,92.0,2026-07-01,2026-07-02,92.0,92.0,1.0,1125.0,t,12,20,50,314,2026-06-24,29,24,0,2023-07-01,2026-06-07,4.93,4.93,4.93,4.93,4.83,4.9,0.8,8,1
1142,874870938574618129,2026-06-24,city scrape,Room Number 4,325965874,Arian,6,5,6,5,"Ottawa, Canada",t,7,t,Knoxdale-Merivale,45.36400694452371,-75.71948803961277,Private room in bungalow,Private room,2,1.0,2.0,1.0,100.0,2026-06-29,2026-07-01,200.0,100.0,2.0,30.0,t,17,43,67,67,2026-06-24,58,15,16,2023-05-05,2026-06-05,4.81,4.84,4.88,4.83,4.78,4.72,1.52,7,1
1143,874900627834073573,2026-06-24,city scrape,Room Number 5,325965874,Arian,6,5,6,5,"Ottawa, Canada",t,7,t,Knoxdale-Merivale,45.36386,-75.71929759999999,Private room in bungalow,Private room,2,1.0,2.0,1.0,106.0,2026-06-29,2026-07-01,212.0,106.0,2.0,30.0,t,17,43,67,67,2026-06-24,40,10,17,2023-04-28,2026-05-10,4.7,4.7,4.85,4.73,4.7,4.55,1.04,7,1
1144,874908538311473821,2026-06-24,city scrape,Room Number 6,325965874,Arian,6,5,6,5,"Ottawa, Canada",t,7,t,Knoxdale-Merivale,45.36386,-75.71929759999999,Private room in bungalow,Private room,2,1.0,2.0,1.0,106.0,2026-06-29,2026-07-01,212.0,106.0,2.0,30.0,t,17,43,67,329,2026-06-24,71,24,33,2023-04-28,2026-06-04,4.87,4.92,5.0,4.87,4.87,4.8,1.85,7,1
1145,877721191972105803,2026-06-24,city scrape,Best location Uncover your adventure Enjoy Ottawa!,318541362,Katie,6,6,5,7,"Ottawa, Canada",f,3,t,Rideau-Vanier,45.4264,-75.67542,Entire place,Entire home/apt,3,1.0,1.0,1.0,87.76,2026-10-22,2026-11-21,2632.7,87.76,30.0,1125.0,t,15,15,15,259,2026-06-24,4,1,2,2023-07-19,2025-12-01,4.5,4.5,4.0,5.0,4.75,4.5,0.11,3,3
1146,877744732986078471,2026-06-24,city scrape,Cozy 2 bedroom townhouse,23211413,Alexey,11,7,3,10,"Ottawa, Canada",f,2,t,Stittsville-Kanata West,45.2701,-75.88286,Entire townhouse,Entire home/apt,4,2.0,2.0,2.0,302.5,2026-06-28,2026-06-30,605.0,302.5,1.0,90.0,t,9,18,41,316,2026-06-24,86,12,18,2023-05-06,2026-06-14,4.85,4.91,4.98,4.9,4.81,4.77,2.25,2,1
1147,878163658823434076,2026-06-24,city scrape,Cute room in a house,71581994,Carla,10,1,2,9,"Ottawa, Canada",t,1,t,Bay,45.34842,-75.83307,Private room in home,Private room,2,1.0,2.0,1.0,100.0,2026-06-28,2026-06-29,100.0,100.0,1.0,10.0,t,14,31,47,137,2026-06-24,75,30,29,2023-09-11,2026-06-23,4.97,4.99,5.0,4.99,4.91,4.96,2.21,1,0
1148,878170016760136997,2026-06-24,city scrape,Superb Huge Downtown Ottawa + Sofabed Bedroom #6,138778788,John,8,11,3,2,"Ottawa, Canada",t,6,t,Somerset,45.4148,-75.69985,Private room in rental unit,Private room,2,2.0,2.0,1.0,87.4,2027-02-28,2027-03-30,2622.0,87.4,30.0,1125.0,t,0,0,0,116,2026-06-24,28,0,0,2023-05-07,2024-12-29,4.61,4.75,4.75,4.68,4.64,4.43,0.73,5,0
1149,878200629050258150,2026-06-24,city scrape,Just Like Home (private room),154600184,Cjay,8,8,8,2,"Ottawa, Canada",f,3,t,College,45.31442,-75.82703,Private room in home,Private room,2,1.5,2.0,1.0,77.43,2026-06-25,2026-07-25,2323.0,77.43,30.0,365.0,t,29,59,89,364,2026-06-24,1,0,0,2023-05-20,2023-05-20,5.0,5.0,5.0,5.0,5.0,5.0,0.03,3,1
1150,880393491370218807,2026-06-24,city scrape,Rideau Getaway: Waterfront 3BR Cottage,180971904,Kelly,8,2,2,11,"Caledon, Canada",t,1,t,Rideau-Goulbourn,45.04165,-75.69302,Entire cottage,Entire home/apt,6,2.0,3.0,3.0,352.0,2026-07-08,2026-07-09,352.0,352.0,1.0,1125.0,t,1,7,28,303,2026-06-24,94,28,30,2023-07-16,2026-05-31,4.9,4.93,4.94,4.97,4.89,4.82,2.62,1,1
1151,881351281297508437,2026-06-24,city scrape,Charming 2 Bedrooms in a Shared Home,166030665,Brittany,8,5,0,0,"Ottawa, Canada",f,1,t,Kanata South,45.306517997517886,-75.88483834842387,Private room in home,Private room,4,1.0,2.0,2.0,173.3,2026-07-21,2026-07-22,2246.7,173.3,1.0,30.0,f,3,12,33,123,2026-06-24,0,0,0,10,10,4.8,4.8,4.9,4.9,4.8,4.7,1.8,1,0
1152,881869818695475627,2026-06-24,city scrape,Condo for rent 234 Rideau Ottawa,397432311,Anne Marie,5,2,3,1,"Ottawa, Canada",f,1,t,Rideau-Vanier,45.42721,-75.68722,Entire condo,Entire home/apt,2,1.0,1.0,1.0,162.9,2026-06-24,2026-07-25,5049.88,162.9,31.0,1125.0,t,30,60,90,270,2026-06-24,0,0,0,10,10,4.8,4.8,4.9,4.9,4.8,4.7,1.8,1,1
1153,882842409147909709,2026-06-24,city scrape,Private room in westend townhome,276082277,Julia,6,11,6,4,"Ottawa, Canada",f,3,t,Knoxdale-Merivale,45.33086,-75.76073,Private room in home,Private room,1,1.0,2.0,1.0,28.4,2026-11-22,2026-12-22,852.0,28.4,30.0,365.0,t,0,0,0,214,2026-06-24,1,0,0,2023-09-16,2023-09-16,5.0,5.0,5.0,5.0,5.0,5.0,0.03,3,0
1154,883207876343488511,2026-06-24,city scrape,Private room and private washroom in Kanata,277840745,Yao,6,11,2,11,"Ottawa, Canada",t,1,t,Kanata South,45.30068,-75.89916,Private room in home,Private room,2,1.0,2.0,1.0,85.0,2026-09-16,2026-09-17,85.0,85.0,1.0,10.0,t,0,0,6,6,2026-06-24,135,37,33,2023-07-15,2026-05-03,4.94,4.93,4.99,4.98,4.95,4.91,3.76,1,0
1155,883988358250789546,2026-06-24,city scrape,Charming Room in a Townhouse Room # 4,189847984,Michelle,8,1,6,11,"Ottawa, Canada",f,5,t,Barrhaven,45.26275,-75.77605,Private room in townhouse,Private room,1,1.5,2.0,1.0,30.33,2027-01-01,2027-01-31,910.0,30.33,30.0,365.0,t,0,0,0,174,2026-06-24,26,0,0,2023-07-05,2024-11-13,4.19,4.54,4.5,4.42,4.5,4.27,0.72,5,1
1156,884004256120593062,2026-06-24,city scrape,MarkG's Shack!,81189031,Mark,9,11,8,11,"Ottawa, Canada",f,1,t,Barrhaven,45.2547057,-75.7303885,Entire townhouse,Entire home/apt,6,1.5,2.0,3.0,210.03,2026-06-26,2026-07-26,6300.78,210.03,30.0,365.0,t,28,58,88,363,2026-06-24,6,0,0,2023-06-04,2023-10-15,5.0,5.0,5.0,5.0,5.0,4.83,0.16,1,1
1157,884708822174568272,2026-07-02,previous scrape,The Solace Suite – with Fireplace & attached bath,415870364,Tanvi,4,11,3,1,"Ottawa, Canada",t,1,t,Rideau-Goulbourn,45.25159,-75.89554,Private room in home,Private room,2,1.4,2.0,2.0,173.3,0000-00-00,"""0000-00-00""",2246.7,173.3,1.0,28.0,t,0,0,0,0,2026-07-02,25,10,12,2023-05-21,2025-10-12,4.76,4.88,4.88,4.88,4.64,4.6,0.66,1,0
1158,884983703624034964,2026-06-24,city scrape,Charming 3 bedroom unit,1959431,Paul,14,3,11,9,"Ottawa, Canada",f,13,t,Rideau-Vanier,45.44168,-75.65943,Entire home,Entire home/apt,4,1.0,3.0,3.0,115.63,2026-07-15,2026-08-14,3468.97,115.63,30.0,365.0,t,9,39,69,344,2026-06-24,4,1,1,2023-07-31,2025-08-01,4.25,4.25,4.75,4.75,4.5,4.25,0.11,13,7
1159,885503372789809662,2026-06-24,city scrape,complete private basement,290415304,Maha,6,9,3,3,"Ottawa, Canada",f,5,t,College,45.3591181,-75.7495107,Private room in home,Private room,2,1.0,2.0,1.0,72.87,2026-06-24,2026-07-25,2259.0,72.87,31.0,90.0,t,30,60,90,365,2026-06-24,13,0,0,2023-05-14,2024-09-07,5.0,4.92,5.0,5.0,5.0,4.77,0.34,5,1
1160,885677561234788483,2026-06-24,city scrape,Cozy & Convenient Room,56652346,Jason,10,4,3,10,"Ottawa, Canada",t,2,t,Orleans,45.48218,-75.50963,Private room in townhouse,Private room,1,1.5,1.0,1.0,33.27,2026-06-30,2026-07-30,997.98,33.27,30.0,220.0,t,24,54,84,174,2026-06-24,9,2,2,2023-08-02,2026-04-01,4.67,4.33,4.89,4.67,4.56,4.22,0.26,2,0
1161,886502129774426740,2026-06-24,city scrape,Eclectic suite w backyard balcony in heart of city,463823712,Phedra,4,0,2,8,"Ottawa, Canada",t,2,t,Somerset,45.4158773,-75.685307,Entire rental unit,Entire home/apt,2,1.0,1.0,2.0,102.14,2026-12-04,2027-01-03,3064.28,102.14,30.0,180.0,t,12,16,25,139,2026-06-24,13,4,5,2024-01-13,2026-01-24,4.92,4.92,5.0,5.0,5.0,4.85,0.44,2,2
1162,887062730913904705,2026-06-24,city scrape,Stunning 2 bedroom modern town home,420094491,Yulia,4,9,2,11,"Ottawa, Canada",t,1,t,Stittsville-Kanata West,45.2671899,-75.8878228,Entire home,Entire home/apt,3,1.4,2.0,2.0,220.4,2026-07-03,2026-07-08,1102.0,220.4,5.0,365.0,t,21,47,74,349,2026-06-24,78,7,4,2023-08-17,2026-06-13,4.96,4.92,4.96,4.99,4.91,4.85,2.24,1,1
1163,887308070868269759,2026-07-02,previous scrape,Cozy and peaceful personal room in Ottawa,258018212,Kartavya,7,2,3,1,"Ottawa, Canada",f,2,t,Rideau-Goulbourn,45.2483767,-75.71497049999999,Private room in home,Private room,2,1.4,2.0,2.0,173.3,0000-00-00,"""0000-00-00""",2246.7,173.3,1.0,40.0,t,0,0,0,0,2026-07-02,45,0,0,2023-06-09,2024-10-27,4.96,4.96,5.0,5.0,4.8,4.91,1.21,2,0
1164,887583891897902391,2026-06-24,city scrape,"Pvt room, pvt bath & adjcnt living rm. Free parkng",256632775,Md,7,2,2,11,"Ottawa, Canada",t,1,t,Innes,45.42789,-75.51655,Private room in townhouse,Private room,2,1.4,2.0,1.0,101.0,2026-06-24,2026-06-25,101.0,101.0,1.0,1125.0,t,2,10,33,123,2026-06-24,93,43,30,2023-07-17,2026-06-14,4.88,4.9,4.95,4.95,4.86,4.89,2.6,1,0
1165,887863894226868803,2026-07-02,previous scrape,Lux-Haven- Single family home Barrhaven,36343664,Dario,11,0,3,1,"Ottawa, Canada",f,2,t,Rideau-Goulbourn,45.24107,-75.73975,Entire home,Entire home/apt,8,1.4,4.0,2.0,374.5,2027-03-01,2027-03-03,749.0,374.5,2.0,1125.0,t,0,0,0,28,2026-07-02,47,0,12,2023-06-04,2025-05-30,4.96,4.96,4.96,4.98,4.81,4.91,1.25,1,1
1166,887873798814049641,2026-06-24,city scrape,Room At UOttawa 8Min Parliament,510569116,Carlos,3,2,3,2,"Ottawa, Canada",f,47,t,Rideau-Vanier,45.42348,-75.68086,Private room in rental unit,Private room,1,1.0,2.0,1.0,128.38,2026-06-25,2026-07-25,3851.42,128.38,30.0,365.0,t,29,59,89,364,2026-06-24,0,0,0,10,10,4.8,4.8,4.9,4.9,4.8,4.7,1.8,26,0
1167,887885791492818983,2026-06-24,city scrape,Tiny Room Steps UOttawa/Downtown,146743514,Frits,8,10,8,2,"Mexicali, Mexico",f,74,t,Rideau-Vanier,45.42373,-75.67887,Private room in rental unit,Private room,1,1.0,2.0,1.0,45.29,2026-06-24,2026-07-24,1358.77,45.29,30.0,1125.0,t,30,60,90,365,2026-06-24,1,0,0,2023-05-21,2023-05-21,1.0,1.0,1.0,1.0,1.0,1.0,0.03,28,0
1168,888366739660231398,2026-06-24,city scrape,NOCleanFee!SelfCheck-in Chic Rmw/QueenBed inKanata,472593398,Gill,3,10,3,10,"Ottawa, Canada",f,13,t,Stittsville-Kanata West,45.2765486,-75.8835558,Private room in home,Private room,2,1.5,2.0,1.0,56.0,2026-06-28,2026-06-29,56.0,56.0,1.0,20.0,t,25,55,85,360,2026-06-24,46,9,12,2023-05-20,2026-06-11,4.8,4.89,4.96,4.89,4.83,4.74,1.22,13,0
1169,888411913209907935,2026-06-24,city scrape,Spacious Room in Kanata North,458983927,Samy,4,1,4,1,"Ottawa, Canada",f,5,t,Kanata North,45.3533781,-75.9398729,Private room in home,Private room,1,1.0,2.0,1.0,38.73,2026-08-01,2026-08-31,1162.0,38.73,30.0,365.0,t,1,23,53,328,2026-06-24,2,1,1,2023-10-30,2025-10-01,4.0,5.0,5.0,5.0,4.5,4.0,0.06,5,2
1170,888415147612532527,2026-06-24,city scrape,Master bedroom in Kanata north,458983927,Samy,4,1,4,1,"Ottawa, Canada",f,5,t,Kanata North,45.3533781,-75.9398729,Private room in home,Private room,1,2.0,2.0,1.0,49.07,2026-09-01,2026-10-01,1472.0,49.07,30.0,365.0,t,0,1,22,297,2026-06-24,1,0,0,2023-07-05,2023-07-05,5.0,5.0,5.0,5.0,5.0,5.0,0.03,5,2
1171,888418026099262608,2026-06-24,city scrape,Elegant Room in Kanata North,458983927,Samy,4,1,4,1,"Ottawa, Canada",f,5,t,Kanata North,45.35361,-75.94077,Private room in home,Private room,1,1.0,2.0,1.0,39.67,2026-08-01,2026-08-31,1190.0,39.67,30.0,365.0,t,0,22,52,327,2026-06-24,3,0,1,2024-10-01,2025-01-30,4.33,4.67,5.0,5.0,4.67,4.67,0.14,5,2
1172,888421009282390983,2026-06-24,city scrape,2 bedroom Basement apt. Kanata North,458983927,Samy,4,1,4,1,"Ottawa, Canada",f,5,t,Kanata North,45.3533781,-75.9398729,Entire home,Entire home/apt,3,1.0,2.0,2.0,84.83,2026-07-01,2026-07-31,2545.0,84.83,30.0,150.0,t,23,51,81,356,2026-06-24,6,0,1,2023-06-23,2025-06-01,4.83,4.67,4.83,5.0,5.0,4.33,0.16,5,2
1173,888469543175998225,2026-06-24,city scrape,The Executive Studio,514140616,Vasilios,3,1,3,1,"Ottawa, Canada",f,1,t,Somerset,45.4151366,-75.6901356,Entire rental unit,Entire home/apt,2,1.0,2.0,1.0,127.29,2026-09-13,2026-09-27,1782.0,127.29,14.0,1125.0,t,12,25,34,290,2026-06-24,12,8,4,2023-09-13,2026-05-28,4.58,4.75,4.92,4.75,4.83,4.5,0.35,1,1
1174,888503653948959243,2026-06-24,city scrape,Bright & Modern Unit,200708163,Ziad,7,11,3,1,"Ottawa, Canada",f,1,t,Gloucester-Southgate,45.34287,-75.62522,Entire home,Entire home/apt,2,1.0,2.0,1.0,356.5,2026-08-27,2026-08-29,713.0,356.5,2.0,95.0,t,0,0,26,26,2026-06-24,15,0,0,2023-05-21,2023-09-01,4.93,4.73,5.0,5.0,4.87,4.73,0.4,1,1
1175,888567091943625414,2026-06-24,city scrape,NoCleanFee!Stylish & CozyQueen Rm+Desk In Kanata#3,472593398,Gill,3,10,3,10,"Ottawa, Canada",f,13,t,Stittsville-Kanata West,45.2765486,-75.8835558,Private room in home,Private room,2,1.4,2.0,1.0,57.0,2026-06-25,2026-06-26,57.0,57.0,1.0,20.0,t,27,57,87,362,2026-06-24,26,5,6,2023-05-14,2026-04-05,4.85,4.85,4.92,4.81,4.65,4.81,0.69,13,0
1176,889367246898079771,2026-07-02,previous scrape,Private suite in carriage house,71674805,Evelyn,10,1,2,9,"Ottawa, Canada",t,1,t,Rideau-Vanier,45.42628,-75.6773,Entire guest suite,Entire home/apt,2,1.4,1.0,2.0,122.5,2026-07-27,2026-07-29,245.0,122.5,1.0,21.0,t,2,10,10,10,2026-07-02,104,39,33,2023-09-24,2026-06-29,4.97,4.94,4.99,4.98,4.88,4.85,3.08,1,1
1177,889911304085983836,2026-06-24,city scrape,JstLikeHome - Cozy Serenity,27076237,Roy,11,4,9,8,"Ottawa, Canada",f,5,t,Rideau-Vanier,45.44247,-75.65563,Entire rental unit,Entire home/apt,8,1.0,3.0,4.0,173.3,2026-07-20,2026-08-19,2246.7,173.3,30.0,365.0,t,11,41,71,342,2026-06-24,2,2,2,2025-12-10,2025-12-22,2.5,2.5,3.0,2.5,2.5,2.5,0.3,5,2
1178,891433837176683336,2026-06-24,city scrape,Townhouse in Ottawa,465807683,Omar,4,0,3,0,"Ottawa, Canada",t,1,t,Rideau-Goulbourn,45.23457,-75.73311,Entire home,Entire home/apt,6,2.5,3.0,4.0,233.07,2026-10-14,2026-11-13,6992.0,233.07,30.0,1125.0,t,0,0,0,253,2026-06-24,204,23,52,2023-06-09,2026-04-28,4.95,4.96,4.97,4.95,4.81,4.88,5.5,1,1
1179,892199338939731514,2026-06-24,city scrape,A privet room in my home,361683347,Eniye,5,10,3,1,"Ottawa, Canada",f,1,t,Gloucester-South Nepean,45.27532,-75.70693,Private room in home,Private room,1,1.0,2.0,1.0,65.5,2026-06-25,2026-06-27,131.0,65.5,2.0,365.0,t,29,59,89,364,2026-06-24,6,0,0,2023-05-26,2023-09-29,4.67,4.5,4.83,4.67,4.83,4.67,0.16,1,0
1180,892774732351594853,2026-06-24,city scrape,6 Bedroom Crew Home | Central Location & Parking,52810809,Natalie,10,5,4,10,"Ottawa, Canada",f,31,t,College,45.34858,-75.73914,Entire home,Entire home/apt,10,2.0,6.0,6.0,280.93,2026-07-01,2026-07-31,8428.0,280.93,30.0,364.0,t,23,53,53,230,2026-06-24,100,0,7,2023-06-10,2025-04-13,4.72,4.78,4.8,4.81,4.89,4.69,2.7,21,21
1181,893012850704611950,2026-06-24,city scrape,Tranquil Oasis: Elegant Room with Peaceful Garden,517063123,Marlyn,3,0,3,0,"Ottawa, Canada",f,1,t,Stittsville-Kanata West,45.2842539,-75.925865,Private room in guest suite,Private room,2,1.0,2.0,2.0,100.42,2026-06-29,2026-06-30,100.42,100.42,1.0,1125.0,t,12,30,52,224,2026-06-24,417,142,134,2023-05-30,2026-06-09,4.91,4.93,4.95,4.95,4.86,4.91,11.15,1,0
1182,894966452336108980,2026-07-02,previous scrape,Britannia Beach cozy room - private entrance\bath,29268749,Linda,11,3,11,3,"Ottawa, Canada",f,2,t,Bay,45.36799,-75.79865,Entire guest suite,Entire home/apt,2,1.4,1.0,2.0,173.3,0000-00-00,"""0000-00-00""",2246.7,173.3,2.0,31.0,t,0,0,0,0,2026-07-02,12,1,2,2023-07-02,2026-01-01,4.5,4.5,4.83,4.83,4.92,4.33,0.33,2,1
1183,895620970449829678,2026-06-24,city scrape,Private Room in Stittsville,515679461,Ritesh,3,1,2,11,"Ottawa, Canada",f,4,t,Rideau-Goulbourn,45.25264,-75.89824,Private room in home,Private room,1,1.0,2.0,3.0,68.0,2026-06-25,2026-06-26,68.0,68.0,1.0,365.0,t,28,58,88,268,2026-06-24,24,8,9,2023-08-06,2026-01-31,4.79,4.83,4.88,4.92,4.71,4.71,0.68,4,0
1184,895904289377062132,2026-06-24,city scrape,Ottawa Airport Sweet Suite,515741185,Emérance,3,1,3,0,"Ottawa, Canada",f,1,t,Gloucester-South Nepean,45.31967,-75.60668,Entire rental unit,Entire home/apt,2,1.0,1.0,1.0,126.0,2026-06-24,2026-06-25,126.0,126.0,1.0,1125.0,t,23,47,75,248,2026-06-24,224,86,92,2023-07-29,2026-06-19,4.77,4.8,4.85,4.89,4.87,4.77,6.33,1,1
1185,896702807726155214,2026-06-24,city scrape,Wellington West Inn,146371544,Alexander,8,10,3,0,"Ottawa, Canada",t,1,t,Kitchissippi,45.40072,-75.7406,Entire home,Entire home/apt,4,1.0,2.0,1.0,262.5,2026-07-01,2026-07-05,1050.0,262.5,3.0,7.0,t,13,13,13,13,2026-06-24,68,12,22,2023-06-11,2026-06-09,4.99,4.94,4.99,5.0,4.96,4.88,1.84,1,1
1186,897043549444235026,2026-06-24,city scrape,"Architected Penthouse, Private Office, Parking",120116467,Marc,9,3,3,0,"Ottawa, Canada",f,1,t,Rideau-Vanier,45.4292861,-75.6950324,Entire condo,Entire home/apt,2,1.0,1.0,1.0,108.42,2026-10-21,2026-11-21,3361.0,108.42,31.0,365.0,t,0,22,32,224,2026-06-24,3,1,1,2024-10-05,2026-01-09,5.0,5.0,5.0,5.0,5.0,5.0,0.14,1,1
1187,897213398968080560,2026-06-24,city scrape,"2-storey, 3 bedroom apartment",100391944,Adiba,9,8,3,1,"Ottawa, Canada",f,1,t,Beacon Hill-Cyrville,45.43919440000001,-75.5981259,Entire condo,Entire home/apt,5,1.5,3.0,3.0,126.28,2026-07-01,2026-07-31,3788.43,126.28,30.0,35.0,t,23,46,46,46,2026-06-24,1,0,0,2023-09-01,2023-09-01,5.0,5.0,5.0,5.0,5.0,5.0,0.03,1,1
1188,897948316306895427,2026-06-24,city scrape,Private bedroom in Kanata near Tech Park,225081808,My,7,7,3,7,"Ottawa, Canada",t,4,t,Kanata South,45.3057788,-75.8867908,Private room in home,Private room,1,1.5,2.0,1.0,42.43,2027-01-01,2027-01-31,1273.0,42.43,30.0,365.0,t,0,0,0,174,2026-06-24,5,1,1,2023-09-30,2026-01-31,4.8,4.8,5.0,5.0,5.0,5.0,0.15,4,0
1189,897949322147828683,2026-07-02,previous scrape,Spacious Room - Great Location!,159399411,Mehnaz,8,7,1,5,"Ottawa, Canada",f,4,t,Gloucester-Southgate,45.3714305,-75.6215063,Private room in home,Private room,1,1.4,2.0,2.0,173.3,0000-00-00,"""0000-00-00""",2246.7,173.3,30.0,365.0,t,0,0,0,0,2026-07-02,0,0,0,10,10,4.8,4.8,4.9,4.9,4.8,4.7,1.8,2,1
1190,898795367239714959,2026-07-02,previous scrape,Britannia Beach | Fireplace | Ping Pong | Parking,52810809,Natalie,10,5,4,10,"Ottawa, Canada",f,31,t,Bay,45.36504,-75.79395,Entire home,Entire home/apt,8,1.4,4.0,2.0,184.55,2026-09-12,2026-10-12,5536.42,184.55,14.0,364.0,t,0,0,18,293,2026-07-02,80,18,33,2023-07-05,2026-04-19,4.73,4.75,4.93,4.81,4.76,4.7,2.19,21,21
1191,900020976210123305,2026-06-24,city scrape,Hollywood Parade - Chic DT Home,263332606,Nadine,7,1,7,1,"Ottawa, Canada",f,1,t,Somerset,45.41166,-75.69764,Entire home,Entire home/apt,7,2.0,3.0,3.0,206.09,2026-09-01,2026-10-01,6182.73,206.09,30.0,365.0,t,0,0,21,296,2026-06-24,0,0,0,10,10,4.8,4.8,4.9,4.9,4.8,4.7,1.8,1,1
1192,900120341946145422,2026-07-02,previous scrape,Modern 3BR Townhouse w/ King Bed + FREE Parking,98682860,Karl,9,8,8,10,"Ottawa, Canada",f,1,t,Innes,45.4628,-75.5371,Entire home,Entire home/apt,6,1.4,3.0,2.0,173.3,0000-00-00,"""0000-00-00""",2246.7,173.3,2.0,28.0,t,0,0,0,0,2026-07-02,96,0,25,2023-06-06,2025-06-15,4.85,4.88,4.91,4.91,4.86,4.81,2.56,1,1
1193,900192240649203065,2026-06-24,city scrape,Central and Cozy 1 Bedroom Suite,2126958,Josh,14,2,2,9,"Ottawa, Canada",t,1,t,Rideau-Vanier,45.43916,-75.66669,Entire rental unit,Entire home/apt,2,1.0,1.0,1.0,148.35,2026-06-29,2026-07-02,445.06,148.35,3.0,1125.0,t,12,27,54,329,2026-06-24,105,36,47,2023-09-01,2026-06-16,4.92,4.97,4.96,4.98,4.88,4.89,3.06,1,1
1194,901333386430601387,2026-06-24,city scrape,Luxury Modern Home in Ottawa!,7171977,Randy,12,11,3,0,"Ottawa, Canada",f,1,t,Gloucester-South Nepean,45.2750881,-75.6807407,Entire home,Entire home/apt,8,2.5,4.0,4.0,149.94,2026-08-27,2026-09-26,4498.27,149.94,30.0,1125.0,t,6,8,34,43,2026-06-24,158,12,45,2023-06-04,2026-01-21,4.93,4.95,4.96,4.97,4.94,4.91,4.24,1,1
1195,902725755819696243,2026-06-24,city scrape,Downtown Rideau River Suite,181295593,Martin,8,2,3,0,"Ottawa, Canada",f,1,t,Rideau-Vanier,45.4373,-75.68243,Private room in guest suite,Private room,4,1.0,2.0,2.0,137.0,2026-06-29,2026-07-01,274.0,137.0,2.0,730.0,t,16,30,60,335,2026-06-24,88,11,15,2023-06-08,2026-06-04,4.5,4.61,4.73,4.86,4.77,4.55,2.37,1,0
1196,903091370931469832,2026-06-24,city scrape,Hot Tub Getaway,517404700,Exclusive BNB,3,0,2,9,"Ottawa, Canada",f,1,t,Bay,45.35724,-75.79414,Entire rental unit,Entire home/apt,4,2.0,2.0,2.0,113.95,2026-08-22,2026-09-22,3532.59,113.95,31.0,365.0,t,2,3,33,308,2026-06-24,0,0,0,10,10,4.8,4.8,4.9,4.9,4.8,4.7,1.8,1,1
1197,905747118649403269,2026-06-24,city scrape,City Chic Apartment,404350011,Eloise,5,0,3,0,"Ottawa, Canada",f,1,t,Somerset,45.40669,-75.70092,Private room in rental unit,Private room,4,2.0,2.0,2.0,44.43,2026-06-25,2026-07-25,1333.0,44.43,30.0,365.0,t,29,59,89,364,2026-06-24,1,0,0,2023-10-25,2023-10-25,1.0,1.0,1.0,1.0,3.0,1.0,0.03,1,0
1198,906493035023484048,2026-07-02,previous scrape,A private room in Ottawa,258018212,Kartavya,7,2,3,1,"Ottawa, Canada",f,2,t,Rideau-Goulbourn,45.24726,-75.71442,Private room in home,Private room,2,1.4,2.0,2.0,173.3,0000-00-00,"""0000-00-00""",2246.7,173.3,1.0,30.0,t,0,0,0,0,2026-07-02,82,0,0,2023-06-10,2024-10-12,4.94,4.96,4.99,4.98,4.73,4.91,2.2,2,0
1199,906614250067590258,2026-06-24,city scrape,La Dolce Vita Studio Apartment w/ parking,518246328,Michela,3,0,2,10,"Ottawa, Canada",f,2,t,Somerset,45.40236,-75.70522,Entire rental unit,Entire home/apt,2,1.0,1.0,1.0,80.46,2026-09-19,2026-10-19,2413.68,80.46,2.0,1125.0,t,1,2,5,195,2026-06-24,116,17,36,2023-08-06,2026-04-04,4.88,4.89,4.92,4.96,4.76,4.72,3.3,1,1
1200,907275003833003577,2026-06-24,city scrape,Fancy 4 persons with garage,518413877,Azizos,3,0,2,8,"Ottawa, Canada",f,1,t,Capital,45.41509,-75.67064,Entire home,Entire home/apt,4,1.0,1.0,1.0,99.56,2026-06-24,2026-07-24,2986.68,99.56,30.0,365.0,t,30,60,90,360,2026-06-24,1,0,0,2023-10-29,2023-10-29,5.0,5.0,5.0,5.0,5.0,5.0,0.03,1,1
1201,908093441309848334,2026-06-24,city scrape,Cozy bedroom,496906679,John,3,5,3,2,"Ottawa, Canada",f,2,t,Barrhaven,45.2475749,-75.7523911,Private room in home,Private room,2,0.5,2.0,1.0,73.93,2026-06-24,2026-07-24,2218.0,73.93,30.0,365.0,t,30,60,90,365,2026-06-24,1,0,0,2023-08-06,2023-08-06,5.0,5.0,5.0,5.0,5.0,5.0,0.03,2,0
1202,908119482208124204,2026-06-24,city scrape,Findlay Creek Cozy Townhome,146143990,Yanyou,8,10,3,0,"Ottawa, Canada",f,1,t,Gloucester-South Nepean,45.31312,-75.61905,Entire home,Entire home/apt,5,2.5,3.0,3.0,147.1,2026-11-15,2026-12-15,4413.0,147.1,30.0,180.0,t,0,0,0,36,2026-06-24,2,0,1,2023-08-31,2025-02-28,5.0,5.0,5.0,5.0,5.0,5.0,0.06,1,1
1203,908748962880075306,2026-06-24,city scrape,The Stay Lounge - Deluxe Queen Room,502652819,The Stay,3,4,3,0,"Ottawa, Canada",f,3,t,Rideau-Goulbourn,45.23625,-75.74894,Private room in home,Private room,2,1.5,1.0,1.0,106.05,2026-06-25,2026-07-25,3181.47,106.05,30.0,365.0,t,29,59,89,364,2026-06-24,2,0,0,2023-09-25,2024-04-28,5.0,4.5,4.0,5.0,4.0,5.0,0.06,3,0
1204,908758080522059873,2026-06-24,city scrape,The Stay Lounge - Standard Room,502652819,The Stay,3,4,3,0,"Ottawa, Canada",f,3,t,Rideau-Goulbourn,45.23729,-75.74728,Private room in home,Private room,2,1.5,1.0,1.0,87.64,2026-06-25,2026-07-25,2629.14,87.64,30.0,365.0,t,29,59,89,364,2026-06-24,4,0,0,2023-06-10,2024-01-20,3.75,4.0,4.0,3.75,3.75,3.5,0.11,3,0
1205,908771059250679507,2026-06-24,city scrape,The Stay Lounge - Superior Room,502652819,The Stay,3,4,3,0,"Ottawa, Canada",f,3,t,Rideau-Goulbourn,45.23642,-75.74757,Private room in home,Private room,2,1.4,1.0,1.0,96.84,2026-06-25,2026-07-25,2905.3,96.84,30.0,365.0,t,29,59,89,364,2026-06-24,4,0,1,2023-10-15,2025-06-22,5.0,5.0,5.0,5.0,4.75,5.0,0.12,3,0
1206,909337642068688035,2026-06-24,city scrape,Cozy 1BR Home w/ Rooftop,407861225,Khurshed,5,0,2,11,"Ottawa, Canada",t,1,t,Rideau-Rockcliffe,45.45380900211018,-75.63023846612136,Entire home,Entire home/apt,2,1.0,1.0,1.0,251.5,2026-07-06,2026-07-08,503.0,251.5,2.0,40.0,t,18,44,74,349,2026-06-24,10,5,9,2025-04-28,2026-05-08,5.0,5.0,5.0,4.9,5.0,5.0,0.71,1,1
1207,910447522415469437,2026-06-24,city scrape,Venice Suite - Work/Chill/Concerts in Ottawa West,519168972,Chubi,3,0,3,0,"Ottawa, Canada",t,1,f,Rideau-Goulbourn,45.2508875,-75.8991932,Entire guest suite,Entire home/apt,2,1.0,1.0,3.0,139.5,2026-07-04,2026-07-06,279.0,139.5,2.0,1125.0,t,10,40,70,345,2026-06-24,79,8,19,2023-07-01,2026-05-25,4.89,4.85,4.92,4.92,4.86,4.77,2.17,1,1
1208,911053792731456749,2026-07-02,previous scrape,Cozy private apartment in trendy Hintonburg,519302846,Alexander,3,0,3,0,"Ottawa, Canada",t,1,t,Kitchissippi,45.40589,-75.72005,Entire home,Entire home/apt,2,1.4,1.0,2.0,173.3,0000-00-00,"""0000-00-00""",2246.7,173.3,30.0,120.0,t,0,0,0,0,2026-07-02,114,21,47,2023-07-06,2026-01-01,4.96,4.98,4.99,4.99,4.91,4.92,3.13,1,1
1209,911060864315138101,2026-06-24,city scrape,Cozy Cabin - 30 minutes from Ottawa,519303992,Jane,3,0,2,11,"Ottawa, Canada",t,1,t,West Carleton-March,45.4814787,-76.07086749999999,Entire home,Entire home/apt,10,2.0,5.0,5.0,512.67,2026-12-01,2026-12-04,1538.0,512.67,3.0,365.0,t,0,0,0,205,2026-06-24,48,11,15,2023-07-20,2025-10-06,5.0,4.94,4.98,4.98,4.96,4.9,1.34,1,1
1210,912549484040530694,2026-07-02,previous scrape,"Large Suite, king bed, kitchen and patio",21852250,Valérie,11,9,9,5,"Ottawa, Canada",f,2,t,Kitchissippi,45.3919,-75.74403,Entire home,Entire home/apt,2,1.4,1.0,2.0,173.3,0000-00-00,"""0000-00-00""",2246.7,173.3,3.0,365.0,t,0,0,0,0,2026-07-02,4,3,2,2023-07-31,2026-03-13,5.0,4.75,5.0,5.0,5.0,5.0,0.11,2,2
1211,913179868102037771,2026-07-02,previous scrape,The Modern Shack: Kanata 4bedrooms 6 beds,224889769,Eddy,7,7,4,5,"Ottawa, Canada",t,10,t,Kanata North,45.31655,-75.93948,Entire townhouse,Entire home/apt,8,1.4,4.0,2.0,173.3,0000-00-00,"""0000-00-00""",2246.7,173.3,4.0,1125.0,t,0,0,0,0,2026-07-02,32,0,5,2023-08-28,2025-04-06,4.94,4.91,4.97,4.97,4.91,4.88,0.92,7,7
1212,913739564186199122,2026-06-24,city scrape,Beautiful and modern home,106390902,Abby,9,6,9,6,"Ottawa, Canada",f,3,t,Gloucester-Southgate,45.37278,-75.60562,Entire home,Entire home/apt,6,2.5,4.0,4.0,354.95,2026-06-24,2026-07-24,10648.5,354.95,30.0,1125.0,t,30,60,90,365,2026-06-24,2,0,0,2023-07-07,2023-07-15,1.5,3.5,1.0,2.0,3.5,1.5,0.06,3,3
1213,914828203875873860,2026-06-24,city scrape,Dreamy Country Retreat with Private Sauna,73049307,Sonam,10,1,9,4,"Ottawa, Canada",f,1,t,Osgoode,45.18059,-75.47359,Private room in home,Private room,6,1.0,1.0,1.0,238.93,2026-06-24,2026-07-24,7168.03,238.93,30.0,365.0,t,30,60,90,365,2026-06-24,0,0,0,10,10,4.8,4.8,4.9,4.9,4.8,4.7,1.8,1,0
1214,915346899546045148,2026-06-24,city scrape,Bright bedroom airport,206518638,Rahul,7,10,4,5,"Ottawa, Canada",f,1,t,Gloucester-South Nepean,45.314637836262776,-75.59076983481646,Private room in home,Private room,1,1.5,2.0,1.0,77.0,2026-07-01,2026-07-02,77.0,77.0,1.0,30.0,t,23,53,83,83,2026-06-24,99,35,32,2023-07-01,2026-05-28,4.82,4.89,4.91,4.86,4.77,4.87,2.72,1,0
1215,916755424079611202,2026-06-24,city scrape,The Pool House,59480154,Jennifer,10,4,2,10,"Ottawa, Canada",t,1,t,College,45.3600261,-75.7488966,Entire rental unit,Entire home/apt,2,1.0,2.0,1.0,67.85,2026-10-02,2026-11-01,2035.37,67.85,30.0,60.0,t,1,9,9,273,2026-06-24,11,3,4,2023-12-01,2026-05-05,5.0,5.0,5.0,4.91,5.0,4.91,0.35,1,1
1216,917649904697188495,2026-06-24,city scrape,Room Steps to Ottawa University/Parliment,146743514,Frits,8,10,8,2,"Mexicali, Mexico",f,74,t,Rideau-Vanier,45.42181,-75.67978,Private room in rental unit,Private room,1,2.0,2.0,1.0,69.82,2026-06-25,2026-07-25,2094.55,69.82,30.0,365.0,t,29,59,89,364,2026-06-24,0,0,0,10,10,4.8,4.8,4.9,4.9,4.8,4.7,1.8,28,0
1217,917963561417227527,2026-06-24,city scrape,"Beechwood Oasis Private Studio Apartment, King Bed",517709296,Sarah And Sy,3,0,3,0,"Ottawa, Canada",t,6,t,Rideau-Vanier,45.44447965470657,-75.66479583068848,Entire rental unit,Entire home/apt,2,1.0,2.0,1.0,180.0,2026-07-02,2026-07-03,180.0,180.0,1.0,1125.0,t,9,21,43,318,2026-06-24,214,63,67,2023-06-28,2026-06-06,4.92,4.92,4.95,4.97,4.85,4.85,5.87,5,5
1218,918106507605095844,2026-06-24,city scrape,Newly Refreshed Cute 2 bedroom close to Downtown,520046812,P,3,0,2,11,"Ottawa, Canada",f,1,t,Rideau-Vanier,45.43937,-75.6623,Entire rental unit,Entire home/apt,4,1.0,2.0,2.0,177.5,2026-07-07,2026-07-09,355.0,177.5,2.0,1125.0,t,10,24,29,29,2026-06-24,100,30,43,2023-07-30,2026-06-05,4.54,4.64,4.81,4.84,4.64,4.51,2.83,1,1
1219,919408357318148822,2026-06-24,city scrape,Room Across Uottawa Steps To Rideau/ByWard Market,146743514,Frits,8,10,8,2,"Mexicali, Mexico",f,74,t,Rideau-Vanier,45.42199,-75.67883,Private room in rental unit,Private room,1,2.0,2.0,1.0,48.65,2026-06-24,2026-07-24,1459.58,48.65,30.0,1125.0,t,30,60,90,360,2026-06-24,0,0,0,10,10,4.8,4.8,4.9,4.9,4.8,4.7,1.8,28,0
1220,922252787834592966,2026-06-24,city scrape,Private bedroom in Kanata near Tech Park,225081808,My,7,7,3,7,"Ottawa, Canada",t,4,t,Kanata South,45.3057788,-75.8867908,Private room in home,Private room,1,1.0,2.0,1.0,42.43,2026-08-29,2026-09-28,1273.0,42.43,30.0,365.0,t,0,0,24,299,2026-06-24,4,2,1,2024-12-22,2026-04-26,5.0,5.0,5.0,5.0,4.25,4.75,0.22,4,0
1221,923415611741003107,2026-06-24,city scrape,Downtown Oasis: Newly Renovated 3-Bedroom House,188908573,Cassandra,8,1,3,8,"Ottawa, Canada",f,1,t,Rideau-Rockcliffe,45.429279,-75.6498479,Entire home,Entire home/apt,8,1.0,3.0,4.0,132.23,2026-08-31,2026-09-30,3966.75,132.23,30.0,365.0,t,7,7,29,304,2026-06-24,4,1,0,2023-09-22,2026-02-28,4.5,4.75,5.0,4.5,4.75,4.5,0.12,1,1
1222,923449151637435829,2026-06-24,city scrape,1 Room in stittsville,515679461,Ritesh,3,1,2,11,"Ottawa, Canada",f,4,t,Rideau-Goulbourn,45.25267,-75.89745,Private room in home,Private room,2,1.0,1.0,1.0,68.0,2026-06-27,2026-06-28,68.0,68.0,1.0,365.0,t,27,57,86,266,2026-06-24,7,2,3,2023-07-02,2025-11-01,4.86,4.86,5.0,5.0,4.57,4.71,0.19,4,0
1223,923454612113027929,2026-06-24,city scrape,Room in Stittsville,515679461,Ritesh,3,1,2,11,"Ottawa, Canada",f,4,t,Rideau-Goulbourn,45.25255,-75.89945,Private room in home,Private room,2,1.4,1.0,1.0,79.0,2026-06-28,2026-06-29,79.0,79.0,1.0,365.0,t,26,56,86,266,2026-06-24,21,3,3,2023-08-05,2025-10-31,4.76,4.67,4.81,4.71,4.81,4.48,0.6,4,0
1224,923942901992175365,2026-06-24,city scrape,Britannia Beach House - Perfect 4 Long Term Stays,52810809,Natalie,10,5,4,10,"Ottawa, Canada",f,31,t,Bay,45.36655,-75.79577,Entire home,Entire home/apt,8,3.5,4.0,4.0,161.87,2026-10-31,2026-11-30,4856.0,161.87,30.0,364.0,t,0,0,0,236,2026-06-24,39,0,0,2023-07-09,2024-07-07,4.69,4.69,4.97,4.69,4.72,4.62,1.08,21,21
1225,924484189889701497,2026-06-24,city scrape,"Modern 1BR - King Bed, Near DTN",150407358,Geo,8,9,2,2,"Ottawa, Canada",t,2,t,Alta Vista,45.4178,-75.64313,Entire rental unit,Entire home/apt,2,1.0,1.0,2.0,168.89,2026-07-13,2026-07-16,506.68,168.89,2.0,1125.0,t,9,28,38,171,2026-06-24,124,58,54,2024-04-10,2026-06-14,4.99,4.98,4.98,5.0,4.9,4.92,4.62,2,2
1226,924531376359734214,2026-06-24,city scrape,"Big, clean room in a great area!",364541518,Amin,5,9,5,9,"Ottawa, Canada",f,12,t,Gloucester-Southgate,45.35764,-75.65246,Private room in home,Private room,2,1.0,2.0,1.0,116.0,2026-07-11,2026-07-12,116.0,116.0,1.0,60.0,t,13,43,73,348,2026-06-24,26,8,13,2023-08-25,2026-06-08,4.65,4.65,4.81,4.85,4.65,4.62,0.75,7,0
1227,924531384935516539,2026-06-24,city scrape,Clean and big room in great area,364541518,Amin,5,9,5,9,"Ottawa, Canada",f,12,t,Gloucester-Southgate,45.35772,-75.65173,Private room in home,Private room,2,1.0,2.0,1.0,118.0,2026-06-24,2026-06-25,118.0,118.0,1.0,60.0,t,28,58,88,363,2026-06-24,37,17,14,2023-07-31,2026-05-31,4.86,4.89,5.0,4.84,4.89,4.84,1.05,7,0
1228,924681262252040050,2026-06-24,city scrape,Modern Comfort | Prime Area + King Bed + Parking,522440970,Kevin,2,11,2,11,"Toronto, Canada",t,22,t,Kitchissippi,45.40493,-75.71911,Entire home,Entire home/apt,4,1.0,2.0,2.0,411.0,2026-07-02,2026-07-04,822.0,411.0,1.0,1125.0,t,11,28,30,210,2026-06-24,75,36,22,2023-09-08,2026-06-10,4.93,4.95,4.96,4.97,4.85,4.88,2.2,1,1
1229,924827376029224984,2026-06-24,city scrape,New renovated room in great area,364541518,Amin,5,9,5,9,"Ottawa, Canada",f,12,t,Gloucester-Southgate,45.35771,-75.65133,Private room in home,Private room,2,1.0,2.0,1.0,124.0,2026-06-24,2026-06-25,124.0,124.0,1.0,60.0,t,26,56,86,361,2026-06-24,34,11,14,2023-10-04,2026-06-08,4.82,4.85,4.94,4.91,4.82,4.82,1.03,7,0
1230,925144513338089719,2026-06-24,city scrape,"KING bed, Free Parking, Central Location & Cozy",555266165,Jonell,2,5,2,5,"Ottawa, Canada",f,1,t,Kitchissippi,45.40578,-75.71813,Entire home,Entire home/apt,4,1.0,2.0,2.0,371.54,2026-06-29,2026-07-01,743.07,371.54,1.0,1125.0,t,10,22,49,229,2026-06-24,162,52,52,2023-09-30,2026-06-05,4.92,4.9,4.94,4.96,4.81,4.8,4.86,1,1
1231,926034760576763756,2026-07-02,previous scrape,Beautiful entire basement studio with Netflix,437820112,Godwin,4,6,4,6,"Ottawa, Canada",f,1,t,Rideau-Goulbourn,45.1834,-75.84863,Entire home,Entire home/apt,4,1.4,2.0,2.0,197.0,2026-07-02,2026-07-03,197.0,197.0,1.0,365.0,t,4,34,64,154,2026-07-02,42,9,6,2023-07-09,2026-04-02,4.76,4.81,4.79,4.83,4.67,4.64,1.16,1,1
1232,926369347462607136,2026-06-24,city scrape,Cozy room in a peaceful neighborhood,357320386,Vabna,5,11,3,2,"Ottawa, Canada",f,1,t,Cumberland,45.4454099946114,-75.48590250313282,Private room in home,Private room,2,1.4,2.0,1.0,72.0,2026-06-26,2026-06-27,72.0,72.0,1.0,365.0,t,23,53,83,83,2026-06-24,338,101,111,2023-07-05,2026-06-13,4.72,4.8,4.83,4.78,4.79,4.74,9.34,1,0
1233,926704056852805938,2026-06-24,city scrape,Room1,523249298,Lara,2,11,2,9,"Ottawa, Canada",t,4,f,Knoxdale-Merivale,45.363859,-75.7184031,Private room in bungalow,Private room,2,2.0,2.0,1.0,47.67,2026-06-25,2026-07-25,1430.0,47.67,30.0,90.0,t,29,59,89,364,2026-06-24,24,12,14,2024-01-16,2026-01-04,4.96,5.0,4.96,5.0,4.96,4.96,0.81,4,0
1234,929712408142835397,2026-06-24,city scrape,Condo at the heart of ottawa,524110886,Fatoumata,2,11,0,1,"Ottawa, Canada",f,1,t,Rideau-Vanier,45.42968,-75.68821,Entire rental unit,Entire home/apt,2,1.0,1.0,1.0,88.5,2026-09-28,2026-10-28,2655.0,88.5,30.0,365.0,t,0,0,0,269,2026-06-24,0,0,0,10,10,4.8,4.8,4.9,4.9,4.8,4.7,1.8,1,1
1235,929759662885166456,2026-07-02,previous scrape,Spacious Central Oasis,466389432,Andy,4,0,2,11,"Ottawa, Canada",f,1,t,Somerset,45.41191,-75.70358,Entire home,Entire home/apt,6,1.4,4.0,2.0,173.3,0000-00-00,"""0000-00-00""",2246.7,173.3,3.0,30.0,t,0,0,0,0,2026-07-02,0,0,0,10,10,4.8,4.8,4.9,4.9,4.8,4.7,1.8,1,1
1236,932127443736251429,2026-06-24,city scrape,Luxurious Private Master & 4-Piece Ensuite,107026767,Amr,9,6,2,10,"Ottawa, Canada",f,3,t,Gloucester-South Nepean,45.3256,-75.60703,Private room in home,Private room,1,1.5,2.0,1.0,51.01,2026-06-26,2026-07-26,1530.29,51.01,30.0,365.0,t,28,58,88,268,2026-06-24,0,0,0,10,10,4.8,4.8,4.9,4.9,4.8,4.7,1.8,3,0
1237,932672395217874966,2026-06-24,city scrape,"Centretown Studio, Steps to Bank Street",85297148,Short And Suite BnB,9,11,9,4,"Ottawa, Canada",t,51,t,Somerset,45.41144431130263,-75.69610152746716,Entire rental unit,Entire home/apt,2,1.0,2.0,1.0,73.58,2026-08-29,2026-09-28,2207.27,73.58,30.0,1125.0,t,0,2,26,301,2026-06-24,74,2,0,2023-07-23,2026-05-31,4.54,4.59,4.85,4.81,4.54,4.45,2.08,28,28
1238,932811836805305146,2026-06-24,city scrape,Cozy bedroom 10 mins to Hwy 417,196437928,Grace,8,0,7,11,"Ottawa, Canada",f,2,t,Kanata South,45.27961,-75.85451,Private room in home,Private room,1,1.0,2.0,2.0,56.26,2026-06-25,2026-07-25,1687.75,56.26,30.0,365.0,t,29,59,89,89,2026-06-24,2,0,1,2024-12-05,2025-02-23,5.0,5.0,5.0,5.0,4.0,4.0,0.11,1,0
1239,933417996761706102,2026-06-24,city scrape,newly renovated cozy apartment,265378050,Israa,7,0,2,11,"Ottawa, Canada",f,1,t,Rideau-Rockcliffe,45.44369847897699,-75.64751869044909,Private room in rental unit,Private room,1,1.0,2.0,1.0,75.24,2026-06-25,2026-07-25,2257.26,75.24,30.0,365.0,t,29,59,89,364,2026-06-24,0,0,0,10,10,4.8,4.8,4.9,4.9,4.8,4.7,1.8,1,0
1240,933634779394598591,2026-06-24,city scrape,The Golden Wave Downtown Ottawa,525173100,Ash,2,11,2,10,"Ottawa, Canada",f,1,t,Somerset,45.41589,-75.68498,Entire home,Entire home/apt,6,1.0,3.0,3.0,247.22,2026-08-24,2026-09-23,7416.7,247.22,30.0,1125.0,t,23,46,75,345,2026-06-24,173,58,62,2023-08-23,2026-05-25,4.81,4.82,4.94,4.92,4.91,4.76,5.0,1,1
1241,933965284471357774,2026-07-02,previous scrape,Essentially Whitehaven 2,525249434,Quinn,2,11,2,10,"Ottawa, Canada",t,2,t,Bay,45.36424994076326,-75.77096793370632,Private room in home,Private room,2,1.4,2.0,2.0,173.3,0000-00-00,"""0000-00-00""",2246.7,173.3,3.0,31.0,t,0,0,0,0,2026-07-02,7,4,6,2025-05-31,2026-01-08,5.0,5.0,5.0,5.0,5.0,5.0,0.53,2,0
1242,934013503121277271,2026-06-24,city scrape,Essentially Whitehaven,525249434,Quinn,2,11,2,10,"Ottawa, Canada",t,2,t,Bay,45.36524,-75.77157,Private room in home,Private room,2,1.0,2.0,3.0,171.33,2026-08-12,2026-08-15,514.0,171.33,3.0,90.0,t,1,12,42,42,2026-06-24,7,3,5,2023-08-06,2026-05-31,5.0,5.0,5.0,5.0,5.0,5.0,0.2,2,0
1243,934189764413566159,2026-07-02,previous scrape,"Escape in Little Italy, Ottawa",487965545,Rayyan,3,7,2,2,"Ottawa, Canada",f,1,t,Somerset,45.39813,-75.70918,Entire rental unit,Entire home/apt,6,1.4,2.0,2.0,230.52,2026-07-07,2026-07-12,1152.59,230.52,1.0,1125.0,t,18,23,53,309,2026-07-02,48,9,11,2024-04-25,2026-06-21,4.63,4.63,4.71,4.92,4.71,4.54,1.8,2,2
1244,934789259975180552,2026-06-24,city scrape,Beautiful and modern home,106390902,Abby,9,6,9,6,"Ottawa, Canada",f,3,t,Gloucester-Southgate,45.37455,-75.60507,Entire home,Entire home/apt,6,2.5,4.0,4.0,353.98,2026-06-24,2026-07-24,10619.3,353.98,30.0,365.0,t,30,60,90,360,2026-06-24,1,0,0,2023-07-23,2023-07-23,2.0,3.0,1.0,2.0,5.0,1.0,0.03,3,3
1245,934870844008808845,2026-06-24,city scrape,Elegant single home,106390902,Abby,9,6,9,6,"Ottawa, Canada",f,3,t,Gloucester-Southgate,45.34986,-75.61794,Entire home,Entire home/apt,6,3.5,3.0,4.0,353.98,2026-06-25,2026-07-25,10619.3,353.98,30.0,365.0,t,29,59,89,269,2026-06-24,0,0,0,10,10,4.8,4.8,4.9,4.9,4.8,4.7,1.8,3,3
1246,937048164368329057,2026-06-24,city scrape,"*New*Clean, Luxe home with bed. 22 mins to DL",526113131,Jennifer,2,11,2,6,"Ottawa, Canada",t,1,t,Barrhaven,45.2626371,-75.7482174,Private room in home,Private room,2,1.5,1.0,1.0,211.47,2026-08-07,2026-09-06,6344.0,211.47,30.0,1125.0,t,7,29,49,324,2026-06-24,111,39,49,2023-12-25,2026-06-07,4.97,4.95,4.98,4.94,4.9,4.91,3.65,1,0
1247,937519113768622394,2026-06-24,city scrape,"Modern, spacious 1 bedroom unit.",41497173,Sheila,10,10,2,10,"Ottawa, Canada",f,1,t,Rideau-Rockcliffe,45.4419531,-75.67674219999999,Private room in home,Private room,2,1.0,2.0,1.0,72.83,2026-08-16,2026-09-15,2185.0,72.83,30.0,150.0,t,0,7,37,160,2026-06-24,10,1,3,2023-09-28,2025-09-21,4.6,4.8,5.0,4.6,4.9,4.6,0.3,1,0
1248,938890256071367221,2026-07-02,previous scrape,Carolyn's Cozy Retreat,510759662,Carolyn,3,2,2,9,"Ottawa, Canada",t,1,t,Alta Vista,45.4080011,-75.6437718,Entire guest suite,Entire home/apt,2,1.4,1.0,2.0,173.3,0000-00-00,"""0000-00-00""",2246.7,173.3,4.0,28.0,t,4,4,4,4,2026-07-02,65,27,20,2023-09-20,2026-06-29,4.98,4.95,4.98,4.95,4.97,4.82,1.92,1,1
1249,939370759339037086,2026-06-24,city scrape,Beautiful new 3 Beds Townhouse in Kanata,54368665,Shaba,10,5,2,11,"Ottawa, Canada",t,1,t,Stittsville-Kanata West,45.28425,-75.93695,Entire home,Entire home/apt,6,3.5,3.0,4.0,144.37,2026-10-25,2026-11-24,4331.0,144.37,30.0,1125.0,t,24,45,73,339,2026-06-24,69,14,26,2023-09-02,2026-06-15,4.96,4.96,4.99,4.97,4.91,4.94,2.02,1,1
1250,940771178088282374,2026-06-24,city scrape,NRC 2C: Room near college & NRC,1959431,Paul,14,3,11,9,"Ottawa, Canada",f,13,t,Beacon Hill-Cyrville,45.43694,-75.62039,Private room in home,Private room,1,1.0,2.0,1.0,32.63,2026-06-25,2026-07-25,979.0,32.63,30.0,365.0,t,29,59,89,364,2026-06-24,1,1,0,2026-04-29,2026-04-29,5.0,5.0,5.0,5.0,5.0,5.0,0.53,13,7
1251,941237625921911515,2026-06-24,city scrape,Hidden Haven Private Studio Apartment w/ King Bed,517709296,Sarah And Sy,3,0,3,0,"Ottawa, Canada",t,6,t,Rideau-Vanier,45.44297,-75.66388,Entire rental unit,Entire home/apt,2,1.0,2.0,1.0,72.43,2026-09-16,2026-10-16,2172.98,72.43,30.0,365.0,t,0,2,8,283,2026-06-24,12,2,4,2023-09-01,2025-12-13,4.92,4.92,5.0,5.0,4.67,4.75,0.35,5,5
1252,942090010811606626,2026-06-24,city scrape,Spacious Basement Suite,202840460,Jacob,7,11,4,9,"Ottawa, Canada",t,1,t,Barrhaven,45.23957,-75.72861,Entire home,Entire home/apt,4,1.0,3.0,2.0,182.67,2026-08-05,2026-08-08,548.0,182.67,2.0,30.0,t,3,20,41,131,2026-06-24,32,8,12,2023-08-08,2026-06-21,4.81,4.88,4.94,4.81,4.81,4.78,0.91,1,1
1253,942200713089161133,2026-07-02,previous scrape,"Walk out full, private entrance",212625431,Elham,7,10,2,11,"Ottawa, Canada",f,1,t,Stittsville-Kanata West,45.24575,-75.92086,Entire guest suite,Entire home/apt,2,1.4,1.0,2.0,173.3,0000-00-00,"""0000-00-00""",2246.7,173.3,30.0,35.0,t,0,0,0,0,2026-07-02,2,0,0,2023-10-15,2024-04-22,5.0,5.0,5.0,5.0,5.0,5.0,0.06,1,1
1254,942939006522983158,2026-06-24,city scrape,NoCleanFee!Rm/KingBed+Desk&Prkng,472593398,Gill,3,10,3,10,"Ottawa, Canada",f,13,t,Stittsville-Kanata West,45.2765486,-75.8835558,Private room in home,Private room,2,1.4,2.0,1.0,74.0,2026-06-26,2026-06-27,74.0,74.0,1.0,20.0,t,26,55,82,172,2026-06-24,3,0,0,2023-08-05,2024-08-31,4.67,4.67,4.0,4.67,4.67,4.67,0.09,13,0
1255,942966003576309295,2026-07-02,previous scrape,Cozy room with private entrance,23679383,Salman,11,7,3,8,"Ottawa, Canada",f,9,t,Knoxdale-Merivale,45.34955,-75.71807,Private room in home,Private room,2,1.4,2.0,2.0,173.3,0000-00-00,"""0000-00-00""",2246.7,173.3,1.0,365.0,t,0,0,0,0,2026-07-02,20,0,0,2023-08-13,2024-10-04,4.4,4.35,4.65,4.75,4.75,4.25,0.57,7,0
1256,943533588443409911,2026-06-24,city scrape,Studio 924,23730174,Mintcho,11,7,2,2,"Ottawa, Canada",t,1,t,River,45.36322,-75.70247,Entire rental unit,Entire home/apt,2,1.0,1.0,2.0,202.0,2026-06-28,2026-06-29,202.0,202.0,1.0,30.0,t,11,24,36,301,2026-06-24,207,95,98,2024-04-28,2026-06-14,4.99,4.98,4.98,5.0,4.93,4.95,7.88,1,1
1257,943626394148593581,2026-06-24,city scrape,Beautiful Home in Manotick 5BR 4BATH,527915143,Andy,2,10,2,10,"Ottawa, Canada",f,1,t,Gloucester-South Nepean,45.25484,-75.69336,Entire home,Entire home/apt,12,4.0,6.0,6.0,508.87,2026-07-01,2026-07-31,15266.0,508.87,30.0,365.0,t,23,53,83,263,2026-06-24,39,9,20,2023-09-17,2026-01-01,4.9,4.74,4.95,4.85,4.79,4.9,1.16,1,1
1258,943735744643747298,2026-06-24,city scrape,Quiet & cozy bedroom (#1) near downtown w parking,231872283,Simran,7,6,2,0,"Ottawa, Canada",t,3,t,Rideau-Rockcliffe,45.44619,-75.63229,Private room in home,Private room,1,1.0,2.0,1.0,137.0,2026-06-27,2026-06-28,137.0,137.0,1.0,365.0,t,26,56,86,176,2026-06-24,199,58,86,2024-06-12,2026-06-21,4.85,4.88,4.9,4.89,4.79,4.8,8.03,3,0
1259,944163168076702820,2026-06-24,city scrape,Room in A Home Away From Home,478483544,Lena,3,9,2,10,"Ottawa, Canada",f,2,t,Knoxdale-Merivale,45.32971,-75.76169,Private room in home,Private room,3,4.0,3.0,3.0,138.01,2026-07-01,2026-07-31,4140.42,138.01,30.0,90.0,t,23,53,83,83,2026-06-24,0,0,0,10,10,4.8,4.8,4.9,4.9,4.8,4.7,1.8,2,1
1260,944444206504812026,2026-06-24,city scrape,Cozy Bedroom in Urban Townhouse w/ Parking,196595586,Jenny,8,0,3,11,Canada,f,2,t,Rideau-Rockcliffe,45.42342,-75.65534,Private room in townhouse,Private room,2,1.5,2.0,1.0,112.0,2026-06-29,2026-06-30,112.0,112.0,1.0,365.0,t,9,29,32,211,2026-06-24,54,18,19,2023-08-05,2026-05-25,4.78,4.93,4.91,4.94,4.81,4.8,1.54,2,0
1261,945080683261825695,2026-06-24,city scrape,4 Bedroom Luxury Barrhaven House,528310692,Daulton,2,10,2,9,"Toronto, Canada",f,1,t,Barrhaven,45.27113,-75.77939,Entire home,Entire home/apt,8,2.5,4.0,4.0,446.17,2026-06-24,2026-07-24,13385.0,446.17,30.0,1125.0,t,30,60,90,360,2026-06-24,9,0,0,2023-09-16,2023-10-23,4.89,4.89,5.0,5.0,5.0,4.78,0.27,1,1
1262,945854253176177042,2026-06-24,city scrape,Rooms in Stittsville,515679461,Ritesh,3,1,2,11,"Ottawa, Canada",f,4,t,Rideau-Goulbourn,45.25199,-75.89941,Private room in home,Private room,6,2.0,3.0,3.0,192.0,2026-06-25,2026-06-26,192.0,192.0,1.0,1125.0,t,29,59,89,269,2026-06-24,0,0,0,10,10,4.8,4.8,4.9,4.9,4.8,4.7,1.8,4,0
1263,946279485934976418,2026-06-24,city scrape,New 4 Bedroom Luxury Smart Home and Gym,5911151,John,13,2,11,5,"Ottawa, Canada",t,1,t,Barrhaven,45.2494315,-75.7604702,Entire home,Entire home/apt,8,2.5,4.0,4.0,272.74,2026-07-02,2026-07-03,272.74,272.74,1.0,1125.0,t,1,10,26,118,2026-06-24,144,85,56,2023-10-09,2026-06-21,4.8,4.81,4.91,4.9,4.74,4.78,4.36,1,1
1264,946470235813139098,2026-07-02,previous scrape,Lovely 4-Bedroom Ottawa,445056948,Nancy,4,4,4,4,"Ottawa, Canada",f,6,t,Rideau-Vanier,45.43261,-75.68457,Entire rental unit,Entire home/apt,9,1.4,4.0,2.0,173.3,0000-00-00,"""0000-00-00""",2246.7,173.3,1.0,365.0,t,0,0,0,0,2026-07-02,18,0,0,2023-08-07,2023-12-29,4.11,4.33,4.78,4.56,3.94,3.83,0.51,2,2
1265,947038098758899476,2026-06-24,city scrape,Homey 2 bedroom cottage!,196641898,Vick,8,0,4,8,"Ottawa, Canada",f,6,t,West Carleton-March,45.510453237927926,-76.14764906466007,Entire cabin,Entire home/apt,6,1.0,2.0,4.0,307.0,2026-06-25,2026-06-28,921.0,307.0,3.0,1125.0,t,27,55,85,360,2026-06-24,0,0,0,10,10,4.8,4.8,4.9,4.9,4.8,4.7,1.8,6,6
1266,947360940386906727,2026-06-24,city scrape,Two bedroom ensuite,495390918,Preet,3,5,3,5,"Ottawa, Canada",f,4,t,Osgoode,45.32237,-75.5873,Private room in home,Private room,4,2.0,2.0,2.0,194.0,2026-06-24,2026-06-25,194.0,194.0,1.0,1125.0,t,25,55,85,85,2026-06-24,40,21,19,2023-08-20,2026-06-13,4.4,4.48,4.73,4.63,4.58,4.4,1.15,4,0
1267,947396983694260265,2026-07-02,previous scrape,"Movie Haven: 3 rooms, 4 beds",224889769,Eddy,7,7,4,5,"Ottawa, Canada",t,10,t,Barrhaven,45.25517,-75.72899,Entire townhouse,Entire home/apt,6,1.4,3.0,2.0,173.3,0000-00-00,"""0000-00-00""",2246.7,173.3,31.0,1125.0,t,0,0,0,0,2026-07-02,26,5,11,2023-09-22,2025-11-06,4.81,4.81,5.0,5.0,4.85,4.73,0.77,7,7
1268,947654701254290281,2026-06-24,city scrape,NRC 2B: Quiet room near Blair,1959431,Paul,14,3,11,9,"Ottawa, Canada",f,13,t,Rideau-Rockcliffe,45.43879,-75.62041,Private room in home,Private room,1,1.0,1.0,1.0,32.55,2026-08-29,2026-09-29,1009.0,32.55,31.0,365.0,t,0,0,24,299,2026-06-24,2,2,1,2025-08-28,2026-04-29,3.5,4.5,5.0,4.5,4.5,4.0,0.2,13,7
1269,947993092812409706,2026-06-24,city scrape,Modern apartment on Rideau River near Ottawa,483081503,Jim,3,8,2,10,"Ottawa, Canada",f,1,t,Osgoode,45.16384,-75.62898,Entire rental unit,Entire home/apt,2,1.0,1.0,1.0,124.45,2026-06-26,2026-07-26,3733.35,124.45,30.0,365.0,t,28,58,88,268,2026-06-24,1,0,0,2024-07-21,2024-07-21,5.0,5.0,5.0,5.0,5.0,5.0,0.04,1,1
1270,948949237859944255,2026-06-24,city scrape,Tranquil Nest By The Airport,92313272,Etin,9,9,2,10,"Ottawa, Canada",t,7,t,Gloucester-Southgate,45.34192,-75.6268,Entire home,Entire home/apt,6,4.0,3.0,5.0,481.0,2026-08-08,2026-08-09,481.0,481.0,1.0,1125.0,t,0,5,15,275,2026-06-24,129,15,51,2023-08-07,2025-09-02,4.95,4.95,4.96,4.95,4.93,4.91,3.68,2,2
1271,950026950902235771,2026-06-24,city scrape,Private 3 Bedrooms Downtown w Balcony,408239270,Shu-Yu,5,0,2,10,"Ottawa, Canada",t,1,t,Somerset,45.40895661247104,-75.7105595351877,Entire home,Entire home/apt,6,1.5,3.0,3.0,125.92,2026-08-18,2026-09-17,3777.59,125.92,30.0,1125.0,t,9,14,44,319,2026-06-24,3,3,1,2025-07-01,2026-06-09,5.0,5.0,5.0,5.0,5.0,5.0,0.25,1,1
1272,950781366723419723,2026-06-24,city scrape,Luxury Private Room,104257035,Wagdy,9,7,2,10,"Ottawa, Canada",f,1,t,Gloucester-South Nepean,45.28707,-75.68513039999999,Private room in rental unit,Private room,2,1.0,2.0,1.0,88.86,2026-06-25,2026-07-25,2665.89,88.86,30.0,60.0,t,29,59,89,89,2026-06-24,0,0,0,10,10,4.8,4.8,4.9,4.9,4.8,4.7,1.8,1,0
1273,950919159345109032,2026-06-24,city scrape,Cozy yet spacious home! 15 mins from DT Ottawa,16479090,Alexandra,12,0,8,0,"Ottawa, Canada",f,4,t,Innes,45.43916,-75.51394,Entire home,Entire home/apt,6,2.5,2.0,3.0,153.02,2027-01-10,2027-02-09,4590.63,153.02,30.0,365.0,t,0,0,0,70,2026-06-24,0,0,0,10,10,4.8,4.8,4.9,4.9,4.8,4.7,1.8,1,1
1274,951023884717143491,2026-06-24,city scrape,1BR Apt w Sleeper Sofa | Downtown | Parking incl,450234698,Modern,4,3,4,3,"Ottawa, Canada",f,7,t,Rideau-Vanier,45.42932,-75.68357,Entire rental unit,Entire home/apt,4,1.0,1.0,2.0,268.0,2026-06-24,2026-06-25,268.0,268.0,1.0,365.0,t,30,57,85,265,2026-06-24,75,38,48,2024-05-08,2026-06-08,4.52,4.53,4.53,4.69,4.35,4.4,2.89,7,7
1275,951395681353606672,2026-06-24,city scrape,Beautiful Airbnb 5 Minutes from Ottawa Airport,118757686,Joshua,9,3,2,9,"Ottawa, Canada",f,1,t,River,45.34264,-75.67234,Entire home,Entire home/apt,8,2.5,4.0,4.0,454.5,2026-06-30,2026-07-02,909.0,454.5,2.0,365.0,t,10,23,40,208,2026-06-24,42,17,17,2023-09-17,2026-06-22,4.69,4.81,4.93,4.81,4.9,4.74,1.25,1,1
1276,953126490159221588,2026-06-24,city scrape,LakeHouse8MinFrom Airport  4Bed4BathHtubSaunaGym,55108009,Todd,10,5,3,1,"Ottawa, Canada",f,3,t,Osgoode,45.27017,-75.57953,Entire home,Entire home/apt,12,3.5,4.0,4.0,1867.6,2026-06-25,2026-07-25,56028.0,1867.6,30.0,365.0,t,29,59,89,364,2026-06-24,2,1,1,2024-10-19,2025-08-19,5.0,5.0,5.0,5.0,5.0,5.0,0.1,2,2
1277,953206605705398847,2026-06-24,city scrape,TN Homes,530574881,Nathaniel,2,10,2,10,"Ottawa, Canada",t,3,t,Rideau-Goulbourn,45.2386749,-75.7440012,Entire home,Entire home/apt,6,3.0,3.0,3.0,320.0,2026-06-24,2026-06-25,320.0,320.0,1.0,1125.0,t,9,24,53,209,2026-06-24,91,29,23,2023-09-13,2026-06-08,4.89,4.89,4.95,4.91,4.69,4.7,2.69,3,1
1278,954901089753521471,2026-06-24,city scrape,River Eco-Retreat,42189921,Dana,10,10,2,2,"Ottawa, Canada",t,1,t,Gloucester-South Nepean,45.26246,-75.70693,Entire guest suite,Entire home/apt,2,1.0,1.0,2.0,205.5,2026-07-18,2026-07-20,411.0,205.5,2.0,30.0,t,7,30,55,140,2026-06-24,52,18,24,2024-04-21,2026-05-31,5.0,4.98,5.0,5.0,4.94,4.94,1.96,1,1
1279,954973707863051160,2026-06-24,city scrape,Spacious 3BR Home w/ Great Amenities,531051154,Evelyn,2,10,2,10,"Ottawa, Canada",f,1,t,Kanata North,45.344784,-75.9432083,Entire home,Entire home/apt,8,2.5,3.0,4.0,446.5,2027-01-01,2027-01-03,893.0,446.5,2.0,365.0,t,0,0,0,174,2026-06-24,7,0,0,2023-08-20,2023-10-22,5.0,5.0,5.0,5.0,5.0,5.0,0.2,1,1
1280,954975014365110674,2026-06-24,city scrape,Home Away From Home,478483544,Lena,3,9,2,10,"Ottawa, Canada",f,2,t,Knoxdale-Merivale,45.33009,-75.7614,Entire home,Entire home/apt,6,3.0,4.0,5.0,212.36,2026-06-27,2026-07-27,6370.69,212.36,30.0,365.0,t,27,57,87,267,2026-06-24,0,0,0,10,10,4.8,4.8,4.9,4.9,4.8,4.7,1.8,2,1
1281,955061268999052797,2026-07-02,previous scrape,"255 Bay St., Unit #1405, Ottawa",137643339,Ferzin,9,0,2,5,"Ottawa, Canada",f,1,t,Somerset,45.4153555,-75.7037277,Entire rental unit,Entire home/apt,2,1.4,1.0,2.0,173.3,0000-00-00,"""0000-00-00""",2246.7,173.3,30.0,365.0,t,0,0,0,0,2026-07-02,0,0,0,10,10,4.8,4.8,4.9,4.9,4.8,4.7,1.8,1,1
1282,955352002212818262,2026-06-24,city scrape,"Luxury Palace W/Hot-tub, Arcade, & 11 beds-Airport",517887232,Maytham,3,0,2,10,"Ottawa, Canada",t,1,t,Gloucester-South Nepean,45.32881,-75.5928,Entire home,Entire home/apt,10,3.5,6.0,10.0,911.0,2026-07-08,2026-07-09,911.0,911.0,1.0,365.0,t,7,14,39,311,2026-06-24,159,48,29,2023-09-04,2026-06-09,4.87,4.87,4.97,4.96,4.87,4.86,4.65,1,1
1283,955783436211171781,2026-06-24,city scrape,Cozy home in Elmvale Acres near General Hospital,252342663,Ali,7,2,2,7,"Ottawa, Canada",t,1,t,Alta Vista,45.3900547,-75.62596889999999,Entire guest suite,Entire home/apt,4,1.0,3.0,3.0,207.89,2026-06-26,2026-07-26,6236.63,207.89,30.0,365.0,t,28,57,86,266,2026-06-24,65,17,32,2023-11-27,2025-11-12,4.97,4.97,4.98,4.95,4.92,4.91,2.07,1,1
1284,956072400448167829,2026-06-24,city scrape,Spacious Master bedroom ensuite,529544927,Robert And Miriam,2,10,2,10,"Ottawa, Canada",t,3,t,Kanata South,45.28042,-75.87281,Private room in cave,Private room,2,1.0,2.0,1.0,54.23,2027-01-01,2027-01-31,1626.85,54.23,30.0,365.0,t,0,0,0,79,2026-06-24,4,1,1,2023-10-14,2025-08-31,5.0,4.75,5.0,5.0,4.5,4.5,0.12,3,0
1285,956689963554796432,2026-06-24,city scrape,Spacious Guest house (walkout Basement)- 4 guests!,221288428,Soha,7,8,2,8,"Ottawa, Canada",f,1,t,Bay,45.36871,-75.76619,Entire home,Entire home/apt,4,1.0,1.0,3.0,166.87,2026-06-24,2026-07-24,5006.0,166.87,30.0,365.0,t,30,60,90,360,2026-06-24,4,0,0,2023-10-09,2023-10-29,4.5,4.0,4.25,5.0,4.5,4.5,0.12,1,1
1286,957865362075903193,2026-06-24,city scrape,Charming Upper Unit - close to amenities / airport,531800474,Rabih,2,10,2,4,"Ottawa, Canada",f,2,t,Osgoode,45.26418,-75.56204,Entire home,Entire home/apt,1,1.0,1.0,2.0,56.23,2026-12-31,2027-01-30,1687.0,56.23,30.0,365.0,t,0,1,1,176,2026-06-24,7,3,2,2024-03-23,2026-03-01,4.86,4.71,4.86,4.86,4.43,4.71,0.25,2,2
1287,959673636599872730,2026-06-24,city scrape,Hidden Gem,154600184,Cjay,8,8,8,2,"Ottawa, Canada",f,3,t,River,45.37801,-75.72124,Entire rental unit,Entire home/apt,4,1.5,2.0,2.0,165.93,2026-06-25,2026-07-25,4978.0,165.93,30.0,365.0,t,29,59,89,179,2026-06-24,0,0,0,10,10,4.8,4.8,4.9,4.9,4.8,4.7,1.8,3,1
1288,961269246190165808,2026-06-24,city scrape,cozy friendly trustworthy Host.,186359402,Tarek,8,1,2,10,"Ottawa, Canada",f,1,t,Knoxdale-Merivale,45.34491,-75.72634,Private room in rental unit,Private room,2,1.0,2.0,1.0,54.78,2026-06-25,2026-06-26,54.78,54.78,1.0,365.0,t,25,53,83,263,2026-06-24,0,0,0,10,10,4.8,4.8,4.9,4.9,4.8,4.7,1.8,1,0
1289,961673844947764632,2026-06-24,city scrape,Private and nice basement suit,173801552,Feng,8,4,8,4,"Ottawa, Canada",t,2,t,Rideau-Goulbourn,45.27628,-75.83801,Private room in home,Private room,4,1.0,1.0,2.0,86.0,2026-07-12,2026-07-13,86.0,86.0,1.0,1125.0,t,12,42,72,162,2026-06-24,44,16,22,2023-09-03,2026-04-18,4.89,4.73,5.0,4.93,4.8,4.93,1.29,2,0
1290,961676174346916532,2026-06-24,city scrape,Master bedroom with private bathroom in Ottawa,233000958,Ajibola,7,5,6,6,"Ottawa, Canada",f,6,t,Rideau-Goulbourn,45.23716,-75.74824,Private room in home,Private room,2,1.5,2.0,2.0,116.0,2026-10-20,2026-10-21,116.0,116.0,1.0,1125.0,t,0,0,0,242,2026-06-24,59,29,22,2023-08-25,2026-06-01,4.54,4.61,4.78,4.66,4.54,4.56,1.71,6,1
1291,961705626347707495,2026-06-24,city scrape,Modern house with Smart T.V,233000958,Ajibola,7,5,6,6,"Ottawa, Canada",f,6,t,Rideau-Goulbourn,45.23576,-75.74901,Private room in home,Private room,2,2.5,2.0,1.0,93.0,2026-10-20,2026-10-21,93.0,93.0,1.0,1125.0,t,0,0,0,242,2026-06-24,120,36,33,2023-08-26,2026-06-12,4.68,4.78,4.88,4.84,4.67,4.68,3.48,6,1
1292,961854266619945327,2026-07-02,previous scrape,A Long term dans la Capitale,40854055,Pierre,10,10,9,9,"Ottawa, Canada",t,3,t,Rideau-Rockcliffe,45.43569339764825,-75.6380494683981,Private room in townhouse,Private room,1,1.4,2.0,2.0,59.79,2026-07-15,2026-07-29,837.0,59.79,14.0,30.0,t,17,35,65,65,2026-07-02,5,2,3,2024-04-30,2025-10-23,5.0,5.0,5.0,4.8,4.8,4.8,0.19,3,0
1293,962346544729633094,2026-06-24,city scrape,Modern house with Smart T.V,233000958,Ajibola,7,5,6,6,"Ottawa, Canada",f,6,t,Rideau-Goulbourn,45.23586,-75.74812,Private room in home,Private room,2,2.5,2.0,1.0,93.0,2026-10-20,2026-10-21,93.0,93.0,1.0,1125.0,t,0,0,0,242,2026-06-24,99,39,38,2023-08-22,2026-06-10,4.77,4.84,4.84,4.81,4.73,4.82,2.86,6,1
1294,962360796308661288,2026-06-24,city scrape,Modern house with Smart T.V,233000958,Ajibola,7,5,6,6,"Ottawa, Canada",f,6,t,Rideau-Goulbourn,45.23623,-75.74749,Private room in home,Private room,2,2.5,2.0,1.0,93.0,2026-10-20,2026-10-21,93.0,93.0,1.0,1125.0,t,0,0,0,242,2026-06-24,63,23,23,2023-08-30,2026-06-05,4.78,4.81,4.83,4.76,4.6,4.76,1.83,6,1
1295,962584524798693070,2026-07-02,previous scrape,New Star Wi-Fi Air Conditioning Free Parking,35283874,Yu Huang,11,0,2,10,"Ottawa, Canada",f,1,t,Rideau-Goulbourn,45.21417639729074,-75.67598679714732,Private room in home,Private room,1,1.4,5.0,2.0,173.3,2026-07-02,2026-10-29,2246.7,173.3,119.0,365.0,f,30,60,90,360,2026-07-02,0,0,0,10,10,4.8,4.8,4.9,4.9,4.8,4.7,1.8,1,0
1296,963241081215322160,2026-06-24,city scrape,Room Rome – Bright Room with Shared Bath,533170415,Will,2,10,1,6,"Ottawa, Canada",t,2,t,Rideau-Goulbourn,45.232620332507935,-75.73718389410601,Private room in home,Private room,2,1.0,2.0,1.0,86.0,2026-07-02,2026-07-03,86.0,86.0,1.0,1125.0,t,22,52,82,254,2026-06-24,47,31,34,2024-12-14,2026-06-21,4.83,4.89,4.91,4.94,4.77,4.85,2.53,2,0
1297,963696429966473684,2026-06-24,city scrape,Spacious Garden Retreat with Gourmet Kitchen,10473316,Cassandra,12,6,2,9,"Ottawa, Canada",t,2,t,Rideau-Rockcliffe,45.4335211,-75.6354416,Entire serviced apartment,Entire home/apt,6,1.0,3.0,3.0,132.37,2026-10-21,2026-11-20,3971.0,132.37,30.0,1125.0,t,18,21,32,183,2026-06-24,54,18,27,2023-10-02,2026-02-16,4.93,4.89,4.91,4.94,4.89,4.78,1.62,2,1
1298,963966304942666410,2026-07-02,previous scrape,The Blue Minty: 4beds 3.5baths luxury house,224889769,Eddy,7,7,4,5,"Ottawa, Canada",t,10,t,Barrhaven,45.24921,-75.7213,Entire villa,Entire home/apt,8,1.4,4.0,2.0,173.3,0000-00-00,"""0000-00-00""",2246.7,173.3,2.0,1125.0,t,0,0,0,0,2026-07-02,19,0,0,2023-09-18,2024-11-15,5.0,5.0,5.0,5.0,4.89,4.95,0.56,7,7
1299,964515473190716907,2026-06-24,city scrape,Red Door Haven,533503020,Oye,2,10,2,9,"Ottawa, Canada",f,1,t,Kanata South,45.30197,-75.88249,Private room in condo,Private room,1,1.5,2.0,1.0,48.49,2026-08-31,2026-09-30,1454.62,48.49,30.0,90.0,t,0,0,22,297,2026-06-24,3,0,1,2024-06-30,2025-02-18,5.0,5.0,5.0,5.0,5.0,5.0,0.12,1,0
1300,964624980070502276,2026-06-24,city scrape,"Century Charmer, Entire Home!",149155146,Jennifer L,8,9,3,6,"Ottawa, Canada",t,2,t,Stittsville-Kanata West,45.25745,-75.92299,Entire home,Entire home/apt,4,1.5,2.0,2.0,122.0,2027-02-02,2027-03-04,3660.0,122.0,30.0,180.0,t,0,0,0,47,2026-06-24,9,2,2,2023-12-14,2026-04-06,4.89,4.78,4.89,4.78,4.78,4.56,0.29,1,1
1301,965106557511022058,2026-06-24,city scrape,Swanky & Spacious Space,522919165,Suhani,2,11,2,9,"Ottawa, Canada",t,7,t,Cumberland,45.45187,-75.47197,Private room in home,Private room,4,1.0,2.0,1.0,144.5,2026-07-06,2026-07-08,289.0,144.5,2.0,1125.0,t,12,28,58,238,2026-06-24,49,15,10,2023-08-31,2026-06-12,4.96,4.94,5.0,4.96,4.96,4.92,1.43,3,0
1302,965206761842322865,2026-06-24,city scrape,Bright 2-Queen Suite | 8 Mins to DT | NEW!,430263832,Mark,4,7,3,7,"Ottawa, Canada",f,2,t,College,45.36048,-75.74936,Entire home,Entire home/apt,4,1.0,1.0,2.0,89.23,2026-09-01,2026-10-01,2677.0,89.23,30.0,730.0,t,0,0,21,296,2026-06-24,15,5,4,2023-10-10,2026-03-13,4.67,4.67,4.87,4.73,4.67,4.47,0.46,1,1
1303,966217255036830790,2026-07-02,previous scrape,Room Steps To OttawaU/parliament,510569116,Carlos,3,2,3,2,"Ottawa, Canada",f,47,t,Rideau-Vanier,45.42202,-75.67886,Private room in rental unit,Private room,1,1.4,2.0,2.0,21.6,2026-07-03,2026-10-01,1944.33,21.6,90.0,365.0,t,29,59,89,269,2026-07-02,1,0,0,2024-06-12,2024-06-12,5.0,4.0,5.0,4.0,4.0,5.0,0.04,26,0
1304,966516968509807488,2026-06-24,city scrape,"Modern Apartment: Steps to Downtown, Airport,Shops",409551845,Marco,4,11,2,9,"Ottawa, Canada",t,2,t,Knoxdale-Merivale,45.33411,-75.74279,Entire condo,Entire home/apt,4,1.5,2.0,2.0,320.0,2026-06-26,2026-06-27,320.0,320.0,1.0,1125.0,t,8,16,27,283,2026-06-24,128,48,56,2023-09-02,2026-06-13,4.95,4.95,4.98,4.98,4.78,4.87,3.74,2,2
1305,968369646963359731,2026-06-24,city scrape,Room2,523249298,Lara,2,11,2,9,"Ottawa, Canada",t,4,f,Knoxdale-Merivale,45.36323,-75.71798,Private room in bungalow,Private room,2,1.0,2.0,1.0,43.1,2026-06-25,2026-07-25,1293.12,43.1,30.0,90.0,t,29,59,89,179,2026-06-24,31,11,18,2024-02-05,2025-11-21,4.81,4.77,4.9,4.81,4.74,4.68,1.07,4,0
1306,968675576570806443,2026-06-24,city scrape,Nepean Retreat,534481099,Adekola,2,9,2,9,"Ottawa, Canada",f,1,t,Barrhaven,45.24654,-75.74367,Entire home,Entire home/apt,4,2.5,3.0,3.0,146.77,2026-08-27,2026-09-26,4403.0,146.77,30.0,365.0,t,28,56,85,360,2026-06-24,51,7,24,2023-11-05,2025-10-16,4.65,4.8,4.73,4.8,4.69,4.65,1.59,1,1
1307,968735312416028274,2026-06-24,city scrape,Spacious 8 Bed Home in Barrhaven • Shops 8 Min,475194901,Mike,3,10,2,9,"Ottawa, Canada",t,2,t,Rideau-Goulbourn,45.23938,-75.7412,Entire townhouse,Entire home/apt,8,2.5,4.0,8.0,173.3,2026-07-16,2026-08-15,5199.03,173.3,30.0,1125.0,t,8,38,68,169,2026-06-24,57,12,20,2023-09-16,2026-05-03,4.98,4.95,4.95,4.98,4.84,4.89,1.69,2,2
1308,968787546054870084,2026-06-24,city scrape,Cozy Basement Studio in Ottawa,86705145,Yann-Alexandre,9,10,9,9,"Ottawa, Canada",f,1,t,Somerset,45.408912668740285,-75.69605306076122,Entire rental unit,Entire home/apt,2,1.0,2.0,1.0,134.5,2026-07-01,2026-07-03,269.0,134.5,1.0,365.0,t,5,27,29,29,2026-06-24,36,28,23,2025-03-31,2026-06-07,4.69,4.83,4.83,4.89,4.53,4.61,2.39,1,1
1309,968953386957427710,2026-06-24,city scrape,Home Away From Home While in Ottawa,10424386,Darlene,12,6,10,10,"Ottawa, Canada",f,2,t,River,45.38778,-75.72991,Private room in home,Private room,1,1.0,2.0,1.0,63.79,2026-07-18,2026-08-17,1913.77,63.79,30.0,360.0,t,14,44,74,348,2026-06-24,1,1,1,2025-10-27,2025-10-27,5.0,5.0,5.0,5.0,5.0,5.0,0.12,2,0
1310,969433693256029907,2026-06-24,city scrape,Room4- Master- bedroom,523249298,Lara,2,11,2,9,"Ottawa, Canada",t,4,f,Knoxdale-Merivale,45.36418,-75.71888,Private room in bungalow,Private room,2,1.0,2.0,1.0,46.57,2026-06-25,2026-07-25,1397.0,46.57,30.0,90.0,t,29,59,89,269,2026-06-24,31,9,18,2024-02-21,2025-12-01,4.87,4.84,4.97,4.94,4.9,4.77,1.09,4,0
1311,969614930951197732,2026-06-24,city scrape,Entire new apartment in Ottawa,409125379,Sylvestre,4,11,3,6,"Ottawa, Canada",t,2,t,Beacon Hill-Cyrville,45.42672,-75.61036,Entire guesthouse,Entire home/apt,2,1.0,2.0,2.0,114.33,2026-08-12,2026-09-11,3430.0,114.33,30.0,180.0,t,2,17,47,47,2026-06-24,0,0,0,10,10,4.8,4.8,4.9,4.9,4.8,4.7,1.8,2,1
1312,969745541774849323,2026-06-24,city scrape,Elegant 2 Bedroom Home.,402322365,Brianna,5,1,2,9,"Ottawa, Canada",f,1,t,Kanata South,45.27126,-75.85882,Entire home,Entire home/apt,4,1.5,2.0,3.0,121.5,2026-08-03,2026-09-02,3644.85,121.5,30.0,1125.0,t,0,20,50,325,2026-06-24,105,13,39,2023-09-10,2025-09-08,4.75,4.81,4.94,4.88,4.85,4.71,3.09,1,1
1313,970370372965518599,2026-07-02,previous scrape,Casa Andalüs: Central 4BR house,15121208,Haseeb,12,1,5,4,"Montreal, Canada",f,1,t,Alta Vista,45.37787,-75.6559,Entire home,Entire home/apt,8,1.4,4.0,2.0,173.3,0000-00-00,"""0000-00-00""",2246.7,173.3,31.0,365.0,t,0,0,0,0,2026-07-02,0,0,0,10,10,4.8,4.8,4.9,4.9,4.8,4.7,1.8,1,1
1314,970918309857006800,2026-06-24,city scrape,Spacious private room in a home!,79882477,Horla,9,11,2,7,"Ottawa, Canada",f,1,t,Rideau-Goulbourn,45.25385,-75.89637,Private room in home,Private room,2,1.0,2.0,1.0,82.25,2026-10-01,2026-11-01,2549.63,82.25,31.0,365.0,t,0,0,0,171,2026-06-24,6,0,0,2023-12-22,2024-07-14,5.0,5.0,5.0,5.0,5.0,4.83,0.2,1,0
1315,971497916374157238,2026-06-24,city scrape,Tiny room Across OttawaU,510569116,Carlos,3,2,3,2,"Ottawa, Canada",f,47,t,Rideau-Vanier,45.4238,-75.6808,Private room in rental unit,Private room,1,1.0,2.0,1.0,124.91,2026-06-24,2026-07-24,3747.29,124.91,30.0,365.0,t,30,60,68,258,2026-06-24,6,3,3,2024-08-05,2026-05-15,4.5,4.33,4.5,4.17,4.67,4.17,0.26,26,0
1316,972315060683986668,2026-06-24,city scrape,Modern & Stylish 2BR Condo,110730120,Guy,9,5,0,10,"Ottawa, Canada",f,3,t,Cumberland,45.44051,-75.49436,Entire home,Entire home/apt,4,1.0,2.0,2.0,90.26,2026-09-13,2026-10-13,2707.92,90.26,30.0,365.0,t,0,0,9,284,2026-06-24,2,2,0,2026-04-24,2026-05-31,5.0,5.0,5.0,5.0,5.0,5.0,0.97,1,1
1317,972678535360953087,2026-06-24,city scrape,3+2Br 3 Bath Full Kitchen 2 Parking Downtown,534850081,Steven,2,9,2,9,"Ottawa, Canada",t,3,t,Rideau-Vanier,45.43176,-75.67908,Entire condo,Entire home/apt,11,3.0,5.0,6.0,1031.0,2026-07-05,2026-07-06,1031.0,1031.0,1.0,1125.0,t,8,26,47,206,2026-06-24,15,4,4,2024-01-01,2026-06-14,4.73,4.87,4.73,4.93,4.73,4.6,0.5,3,3
1318,972830375159143534,2026-06-24,city scrape,Cozy Room in a New Beautiful Home,397565786,Funmi,5,2,2,7,"Ottawa, Canada",t,6,t,Stittsville-Kanata West,45.28528,-75.93259,Private room in home,Private room,1,1.4,2.0,1.0,78.67,2026-07-01,2026-07-04,236.0,78.67,3.0,180.0,t,23,53,83,358,2026-06-24,34,3,5,2023-11-02,2025-12-23,4.88,4.91,4.91,4.91,4.82,4.82,1.06,6,0
1319,973954716366424894,2026-06-24,city scrape,Luxurious Queen Bedroom,107026767,Amr,9,6,2,10,"Ottawa, Canada",f,3,t,Gloucester-South Nepean,45.32671,-75.60714,Private room in home,Private room,1,1.5,2.0,1.0,47.7,2026-06-25,2026-07-25,1430.95,47.7,30.0,365.0,t,29,59,89,269,2026-06-24,0,0,0,10,10,4.8,4.8,4.9,4.9,4.8,4.7,1.8,3,0
1320,974218415323839950,2026-06-24,city scrape,Large ensuite master bedroom with a walk-in closet,179782199,Nnaemeka,8,3,2,9,"Ottawa, Canada",f,1,t,Gloucester-Southgate,45.3736606,-75.62188979999999,Private room in townhouse,Private room,2,1.0,2.0,1.0,75.17,2026-06-25,2026-07-25,2255.0,75.17,30.0,1125.0,t,29,59,89,269,2026-06-24,0,0,0,10,10,4.8,4.8,4.9,4.9,4.8,4.7,1.8,1,0
1321,974476902856709990,2026-06-24,city scrape,Bridlewood Inn 3 kanata,514303310,Mary,3,1,2,9,"Ottawa, Canada",t,3,t,Kanata South,45.28854,-75.85939,Private room in home,Private room,2,1.0,2.0,1.0,46.75,2026-10-17,2026-11-16,1402.41,46.75,30.0,365.0,t,0,0,1,251,2026-06-24,38,6,17,2023-09-28,2025-12-19,4.95,4.89,4.95,4.97,4.82,4.89,1.14,3,0
1322,975330334929782634,2026-06-24,city scrape,Beautiful one bedroom apartment,339674463,Denis,6,3,2,9,"Ottawa, Canada",f,1,t,Cumberland,45.41812179999999,-75.4372609,Entire rental unit,Entire home/apt,4,1.0,1.0,1.0,118.26,2026-06-25,2026-07-25,3547.73,118.26,30.0,30.0,t,29,59,89,269,2026-06-24,0,0,0,10,10,4.8,4.8,4.9,4.9,4.8,4.7,1.8,1,1
1323,975547591622842100,2026-06-24,city scrape,Sleep and Relax in a well Decorated Room,529544927,Robert And Miriam,2,10,2,10,"Ottawa, Canada",t,3,t,Kanata South,45.28052321755514,-75.87349893867166,Private room in home,Private room,1,1.5,1.0,2.0,38.72,2026-10-02,2026-11-02,1200.2,38.72,31.0,365.0,t,3,21,21,191,2026-06-24,10,4,4,2023-09-28,2026-05-01,4.9,4.9,5.0,5.0,4.9,4.9,0.3,3,0
1324,975599630834945089,2026-06-24,city scrape,Nice and Cozy 1bedroom in Barrhaven ottawa,530574881,Nathaniel,2,10,2,10,"Ottawa, Canada",t,3,t,Rideau-Goulbourn,45.23824,-75.74517,Private room in home,Private room,2,2.5,1.0,1.0,92.0,2026-11-08,2026-11-09,92.0,92.0,1.0,365.0,t,0,0,0,133,2026-06-24,1,0,0,2024-10-22,2024-10-22,5.0,5.0,5.0,5.0,4.0,4.0,0.05,3,1
1325,975606870414286734,2026-06-24,city scrape,Modern room minutes away from everything you need,529544927,Robert And Miriam,2,10,2,10,"Ottawa, Canada",t,3,t,Kanata South,45.279,-75.87177,Private room in home,Private room,1,1.0,2.0,1.0,44.25,2026-08-01,2026-08-31,1327.41,44.25,30.0,365.0,t,0,22,52,232,2026-06-24,15,1,2,2023-09-26,2025-11-21,4.93,4.93,5.0,5.0,4.8,4.87,0.45,3,0
1326,976045641596008354,2026-06-24,city scrape,BNL’s King Suite,536146680,Bnl,2,9,2,9,"Ottawa, Canada",f,1,t,Orleans,45.47657,-75.47458,Entire townhouse,Entire home/apt,6,2.0,3.0,3.0,152.17,2026-09-01,2026-10-01,4565.19,152.17,30.0,725.0,t,11,11,32,307,2026-06-24,118,34,61,2023-09-15,2026-05-17,4.75,4.8,4.9,4.92,4.86,4.64,3.49,1,1
1327,976945238253633162,2026-06-24,city scrape,Beautiful home in Barrhaven.,530574881,Nathaniel,2,10,2,10,"Ottawa, Canada",t,3,t,Rideau-Goulbourn,45.23966,-75.74484,Private room in home,Private room,2,3.5,1.0,1.0,103.0,2026-11-09,2026-11-10,103.0,103.0,1.0,1125.0,t,0,0,0,132,2026-06-24,1,0,0,2023-09-19,2023-09-19,5.0,4.0,5.0,4.0,4.0,5.0,0.03,3,1
1328,977042178310064975,2026-06-24,city scrape,lovely home in Orleans Ottawa with private entranc,301595031,Paulgreat,6,8,2,9,"Ottawa, Canada",f,1,t,Innes,45.45381,-75.52163,Entire home,Entire home/apt,4,1.0,2.0,2.0,71.93,2026-08-31,2026-09-30,2158.0,71.93,30.0,365.0,t,1,1,23,203,2026-06-24,6,1,2,2023-10-17,2025-09-16,5.0,5.0,5.0,4.83,4.83,5.0,0.18,1,1
1329,977622260556276792,2026-06-24,city scrape,2Br 1Bth Full Kitchen Free Parking Ottawa Downtown,534850081,Steven,2,9,2,9,"Ottawa, Canada",t,3,t,Rideau-Vanier,45.43037,-75.67902,Entire condo,Entire home/apt,4,1.4,2.0,2.0,409.0,2026-06-26,2026-06-27,409.0,409.0,1.0,1125.0,t,11,34,64,222,2026-06-24,165,74,66,2023-10-06,2026-06-18,4.77,4.74,4.95,4.91,4.72,4.66,4.98,3,3
1330,977664503179088724,2026-06-24,city scrape,3Br 2Bth Full Kitchen Free Parking Ottawa Downtown,534850081,Steven,2,9,2,9,"Ottawa, Canada",t,3,t,Rideau-Vanier,45.43198,-75.67934,Entire condo,Entire home/apt,7,1.4,3.0,4.0,463.0,2026-06-28,2026-06-29,463.0,463.0,1.0,1125.0,t,13,33,54,284,2026-06-24,176,67,59,2023-10-24,2026-06-10,4.82,4.8,4.91,4.92,4.76,4.73,5.42,3,3
1331,979187644895687571,2026-07-02,previous scrape,A place where to Rest your mind.,430613093,Jimesleck,4,7,2,9,"Ottawa, Canada",f,1,t,Beacon Hill-Cyrville,45.4307293,-75.61058729999999,Private room in rental unit,Private room,1,1.4,2.0,2.0,173.3,0000-00-00,"""0000-00-00""",2246.7,173.3,1.0,14.0,t,0,0,0,0,2026-07-02,0,0,0,10,10,4.8,4.8,4.9,4.9,4.8,4.7,1.8,1,0
1332,980450456414426218,2026-07-02,previous scrape,Large master bedroom with private bathroom,268925858,Oladele,7,0,2,9,"Ottawa, Canada",f,3,t,Rideau-Goulbourn,45.2367827,-75.7478385,Private room in home,Private room,2,1.4,2.0,2.0,92.0,2026-07-02,2026-07-03,92.0,92.0,1.0,365.0,t,1,1,1,1,2026-07-02,8,3,3,2023-09-17,2025-11-09,4.88,5.0,5.0,4.88,4.75,4.88,0.24,3,0
1333,980631410847460204,2026-07-02,previous scrape,Room in Ottawa,268925858,Oladele,7,0,2,9,"Ottawa, Canada",f,3,t,Rideau-Goulbourn,45.23728,-75.7476,Private room in home,Private room,2,1.4,2.0,2.0,70.0,2026-07-02,2026-07-03,70.0,70.0,1.0,1125.0,t,1,1,1,1,2026-07-02,14,11,10,2023-09-28,2026-06-14,5.0,4.86,5.0,5.0,5.0,4.79,0.42,3,0
1334,980658682224148641,2026-07-02,previous scrape,Room in Ottawa,268925858,Oladele,7,0,2,9,"Ottawa, Canada",f,3,t,Rideau-Goulbourn,45.23771,-75.7475,Private room in home,Private room,2,1.4,1.0,2.0,81.0,2026-07-02,2026-07-03,81.0,81.0,1.0,1125.0,t,1,1,1,1,2026-07-02,2,1,1,2023-09-21,2025-11-02,4.5,4.5,4.0,4.5,4.5,4.0,0.06,3,0
1335,981395936271919083,2026-06-24,city scrape,Bridlewood Inn 1 kanata,514303310,Mary,3,1,2,9,"Ottawa, Canada",t,3,t,Kanata South,45.28769,-75.8598,Private room in home,Private room,2,1.5,2.0,1.0,59.4,2026-12-31,2027-01-05,297.0,59.4,5.0,365.0,t,0,0,0,80,2026-06-24,40,10,10,2023-09-21,2026-03-06,5.0,5.0,5.0,5.0,4.95,4.98,1.19,3,0
1336,981757445528847847,2026-06-24,city scrape,"2-Level Executive Condo, 2-bdrms",138228596,Luc,8,11,3,0,"Ottawa, Canada",t,1,t,Beacon Hill-Cyrville,45.4286585,-75.632745,Entire home,Entire home/apt,4,1.5,2.0,2.0,109.51,2026-09-13,2026-10-13,3285.35,109.51,7.0,730.0,t,10,10,19,294,2026-06-24,9,5,5,2024-05-03,2026-06-20,4.89,4.89,5.0,5.0,4.89,4.89,0.34,1,1
1337,981886172218028437,2026-06-24,city scrape,Entire Charming Town House,189847984,Michelle,8,1,6,11,"Ottawa, Canada",f,5,t,Barrhaven,45.26267,-75.77482,Entire cabin,Entire home/apt,5,2.5,3.0,3.0,84.07,2027-01-01,2027-01-31,2522.08,84.07,30.0,365.0,t,0,0,0,175,2026-06-24,0,0,0,10,10,4.8,4.8,4.9,4.9,4.8,4.7,1.8,5,1
1338,981947408778502441,2026-06-24,city scrape,CastleRooms,63997470,Taranvir,10,3,2,9,"Ottawa, Canada",t,2,t,Kanata South,45.28663,-75.88051,Private room in home,Private room,1,1.0,2.0,1.0,62.0,2026-07-01,2026-07-02,62.0,62.0,1.0,28.0,t,23,53,83,92,2026-06-24,106,66,67,2023-09-29,2026-06-17,4.87,4.9,4.92,4.96,4.89,4.86,3.18,2,0
1339,982460146312421056,2026-06-24,city scrape,The Loft Downtown Private Bath Parking,119516995,Pamela And Judith,9,3,9,3,"Ottawa, Canada",t,3,t,Somerset,45.41351,-75.68503,Entire loft,Entire home/apt,2,1.0,1.0,2.0,173.3,2026-07-24,2026-07-25,2246.7,173.3,1.0,1125.0,t,0,9,35,297,2026-06-24,170,67,69,2023-09-27,2026-06-07,4.94,4.92,4.96,4.95,4.96,4.88,5.09,3,1
1340,982598162775866454,2026-06-24,city scrape,New Home In Central Ottawa,37253652,Ameer,10,11,8,11,"Ottawa, Canada",f,10,t,Kitchissippi,45.40635,-75.72098,Entire home,Entire home/apt,6,2.0,3.0,3.0,309.73,2026-08-31,2026-09-30,9291.89,309.73,30.0,365.0,t,0,0,22,297,2026-06-24,5,1,2,2024-01-23,2025-12-16,5.0,5.0,5.0,5.0,5.0,5.0,0.17,9,9
1341,982895972772473762,2026-06-24,city scrape,Clean and beautiful room,509605491,Jennifer,3,2,2,9,"Ottawa, Canada",f,1,t,Gloucester-Southgate,45.373952,-75.5992582,Private room in home,Private room,1,1.5,2.0,1.0,64.0,2026-06-25,2026-07-25,1920.0,64.0,30.0,1125.0,t,29,59,89,269,2026-06-24,0,0,0,10,10,4.8,4.8,4.9,4.9,4.8,4.7,1.8,1,0
1342,983860899391941058,2026-06-24,city scrape,Tiny room DowntownAcross OttawaU,510569116,Carlos,3,2,3,2,"Ottawa, Canada",f,47,t,Rideau-Vanier,45.42357,-75.67948,Private room in rental unit,Private room,1,2.0,2.0,1.0,42.55,2026-06-25,2026-07-25,1276.43,42.55,30.0,365.0,t,29,59,89,269,2026-06-24,3,0,1,2023-09-30,2025-01-04,1.67,2.67,3.33,2.0,4.67,1.33,0.09,26,0
1343,983973892612755741,2026-06-24,city scrape,Cozy Retreat in the Heart of Altavista 1,27169033,Emma,11,4,2,9,"Ottawa, Canada",f,2,t,Alta Vista,45.39374,-75.66686,Private room in home,Private room,2,2.0,2.0,1.0,57.34,2026-09-01,2026-10-01,1720.33,57.34,30.0,365.0,t,0,0,21,201,2026-06-24,7,3,3,2023-11-01,2026-06-03,4.86,4.86,4.86,5.0,5.0,4.86,0.22,2,0
1344,984090685457734843,2026-06-24,city scrape,Peaceful & charming room (R2),425877032,Esohe,4,8,2,9,"Ottawa, Canada",f,4,t,Barrhaven,45.24358,-75.73259,Private room in home,Private room,2,1.0,2.0,1.0,43.23,2026-09-01,2026-10-01,1296.99,43.23,30.0,365.0,t,0,0,21,296,2026-06-24,35,5,12,2023-09-28,2026-06-01,4.63,4.77,4.77,4.63,4.89,4.63,1.05,4,1
1345,984094173570961251,2026-06-24,city scrape,Peaceful cozy haven (R4),425877032,Esohe,4,8,2,9,"Ottawa, Canada",f,4,t,Barrhaven,45.2432,-75.73392,Private room in home,Private room,2,1.0,2.0,1.0,55.87,2026-08-03,2026-09-02,1676.13,55.87,30.0,365.0,t,0,20,50,325,2026-06-24,25,7,10,2023-09-22,2025-11-09,4.68,4.68,4.72,4.76,4.48,4.6,0.74,4,1
1346,984100077920220920,2026-06-24,city scrape,Peaceful home away from home (R3),425877032,Esohe,4,8,2,9,"Ottawa, Canada",f,4,t,Barrhaven,45.24339,-75.73445,Private room in home,Private room,2,1.0,2.0,1.0,51.89,2026-07-10,2026-08-09,1556.67,51.89,30.0,365.0,t,17,47,77,352,2026-06-24,32,13,16,2023-09-24,2026-04-02,4.75,4.91,4.97,4.91,4.88,4.88,0.96,4,1
1347,984746922233138147,2026-06-24,city scrape,Peaceful haven - Entire house!,425877032,Esohe,4,8,2,9,"Ottawa, Canada",f,4,t,Barrhaven,45.24301,-75.73304,Entire home,Entire home/apt,8,2.5,4.0,4.0,219.47,2027-01-01,2027-01-31,6584.0,219.47,30.0,365.0,t,0,0,0,79,2026-06-24,22,8,16,2023-12-31,2025-08-24,4.41,4.55,4.95,4.73,4.68,4.59,0.73,4,1
1348,984792608795019653,2026-06-24,city scrape,*New Built* Beautiful 3BR 3.5BATH Home in Westboro,538085312,Jaybird,2,9,2,9,"Ottawa, Canada",f,2,t,Kitchissippi,45.38828,-75.74086,Entire home,Entire home/apt,6,3.5,3.0,3.0,560.5,2026-07-04,2026-07-06,1121.0,560.5,1.0,365.0,t,5,23,42,129,2026-06-24,35,5,0,2023-10-02,2026-06-02,4.94,4.94,4.97,4.8,4.91,4.86,1.05,2,2
1349,984880280677918205,2026-06-24,city scrape,Stunning Apart' | Full Kitchen | Netflix+Parking,538104523,Tony,2,9,2,9,"Ottawa, Canada",t,1,t,Kanata North,45.35589,-75.92243,Entire rental unit,Entire home/apt,4,1.0,2.0,3.0,291.0,2026-07-12,2026-07-14,582.0,291.0,2.0,30.0,t,6,22,52,52,2026-06-24,57,21,20,2023-10-14,2026-06-13,4.88,4.82,4.86,4.89,4.89,4.86,1.74,1,1
1350,984937708220744726,2026-06-24,city scrape,"NEW Luxury home (3800sqft), shops, HWY",292902845,Ali,6,9,4,10,"Ottawa, Canada",f,2,t,Stittsville-Kanata West,45.26618,-75.93402,Entire home,Entire home/apt,8,4.5,5.0,6.0,260.33,2026-12-27,2027-01-26,7810.0,260.33,30.0,365.0,t,0,0,0,179,2026-06-24,1,0,0,2024-02-29,2024-02-29,5.0,5.0,5.0,5.0,5.0,5.0,0.04,2,2
1351,986162347309925319,2026-06-24,city scrape,Tiny room 3minutes Walk uOttawa,146743514,Frits,8,10,8,2,"Mexicali, Mexico",f,74,t,Rideau-Vanier,45.42352,-75.68069,Private room in rental unit,Private room,1,2.0,2.0,1.0,119.88,2026-06-25,2026-07-25,3596.45,119.88,30.0,365.0,t,29,59,89,269,2026-06-24,0,0,0,10,10,4.8,4.8,4.9,4.9,4.8,4.7,1.8,28,0
1352,986307334228272094,2026-06-24,city scrape,Studio in Quiet Neighbourhood,60924000,Courtney,10,3,4,8,"Ottawa, Canada",t,2,t,Knoxdale-Merivale,45.32689,-75.76627,Entire rental unit,Entire home/apt,1,1.0,1.0,1.0,76.05,2026-06-28,2026-07-28,2281.49,76.05,30.0,365.0,t,26,55,55,213,2026-06-24,9,3,2,2024-03-01,2026-05-22,5.0,5.0,5.0,5.0,5.0,4.89,0.32,1,1
1353,986428922102977170,2026-06-24,city scrape,Central and Stylish Studio,37253652,Ameer,10,11,8,11,"Ottawa, Canada",f,10,t,Kitchissippi,45.40541,-75.72172,Entire rental unit,Entire home/apt,2,1.0,2.0,1.0,103.29,2026-06-25,2026-07-25,3098.67,103.29,30.0,365.0,t,29,59,89,269,2026-06-24,4,2,2,2024-10-02,2026-06-16,5.0,5.0,5.0,5.0,5.0,5.0,0.19,9,9
1354,988256403078642492,2026-06-24,city scrape,The Elmvale Bungalow - also for Rent!,11325720,Kennis,12,5,9,9,"Ottawa, Canada",t,2,t,Alta Vista,45.39848,-75.63203,Entire bungalow,Entire home/apt,4,2.0,2.0,2.0,234.26,2026-11-01,2026-11-20,4451.0,234.26,19.0,100.0,t,9,18,18,110,2026-06-24,0,0,0,10,10,4.8,4.8,4.9,4.9,4.8,4.7,1.8,2,2
1355,989376390273366482,2026-06-24,city scrape,1 BDRM Westboro Apartment,22924655,Brendan,11,8,2,8,"Ottawa, Canada",f,1,t,Kitchissippi,45.39404,-75.73262,Entire rental unit,Entire home/apt,2,1.0,1.0,1.0,84.35,2026-11-30,2026-12-30,2530.38,84.35,30.0,250.0,t,0,0,0,206,2026-06-24,7,2,4,2023-12-01,2025-09-06,4.43,4.43,4.57,4.29,4.71,3.71,0.22,1,1
1356,989387754985626431,2026-06-24,city scrape,Spacious suite in historic house,354331802,Vincent,5,11,2,8,"Ottawa, Canada",t,1,t,Rideau-Vanier,45.4271166,-75.6831383,Entire rental unit,Entire home/apt,2,1.0,1.0,2.0,257.0,2026-09-01,2026-09-03,514.0,257.0,2.0,10.0,t,1,1,22,22,2026-06-24,64,28,23,2023-09-30,2026-06-11,5.0,4.94,5.0,5.0,4.94,4.94,1.92,1,1
1357,990009346669224194,2026-06-24,city scrape,Cozy Room & Queen Bed with a Balcony & Pvt Bath,535737242,Bruno,2,9,2,8,"Ottawa, Canada",f,1,t,Orleans,45.48337,-75.50509,Private room in home,Private room,2,1.5,2.0,1.0,65.45,2026-06-24,2026-07-24,1963.46,65.45,30.0,365.0,t,30,60,90,360,2026-06-24,28,11,17,2023-10-10,2025-12-27,4.75,4.82,4.93,4.93,5.0,4.71,0.85,1,0
1358,990106578076117871,2026-06-24,city scrape,Charming bedroom at Westboro,593939921,Jem,1,10,1,10,"Ottawa, Canada",f,3,t,Kitchissippi,45.39961,-75.74101,Private room in home,Private room,1,1.0,2.0,1.0,53.5,2026-06-25,2026-07-25,1605.06,53.5,30.0,730.0,t,29,59,89,269,2026-06-24,4,0,1,2023-11-14,2025-05-31,5.0,5.0,5.0,5.0,5.0,5.0,0.13,1,0
1359,990523644936248339,2026-06-24,city scrape,Siguignogo,224156021,Mariame,7,7,6,8,"Ottawa, Canada",f,1,t,Innes,45.43712,-75.51261,Private room in home,Private room,1,1.0,2.0,1.0,183.0,2026-06-25,2026-06-26,183.0,183.0,1.0,365.0,t,29,59,89,269,2026-06-24,0,0,0,10,10,4.8,4.8,4.9,4.9,4.8,4.7,1.8,1,0
1360,990914496136511917,2026-06-24,city scrape,"The Velvet Suite: Lux Studio, Free Secured Parking",267671863,Audric,7,0,2,5,"Ottawa, Canada",f,1,t,Innes,45.42933,-75.52456,Entire home,Entire home/apt,3,1.0,1.0,1.0,101.0,2026-07-05,2026-07-08,303.0,101.0,3.0,1125.0,t,17,36,46,131,2026-06-24,82,21,23,2024-01-12,2026-06-07,4.65,4.67,4.79,4.7,4.59,4.72,2.75,1,1
1361,991269517301795066,2026-07-02,previous scrape,Big 1BR Condo/Parking/Subway/Grocery/Laundry,27699005,Wei,11,4,7,5,"Ottawa, Canada",t,3,t,Somerset,45.4166432,-75.7055256,Entire condo,Entire home/apt,4,1.4,1.0,2.0,29.17,2026-09-01,2026-11-30,2625.0,29.17,31.0,365.0,t,20,20,49,324,2026-07-02,3,1,2,2024-11-01,2025-08-24,5.0,5.0,5.0,5.0,4.67,4.67,0.15,3,3
1362,993574963566323660,2026-06-24,city scrape,Chic Ottawa Studio - Mins to Downtown,37253652,Ameer,10,11,8,11,"Ottawa, Canada",f,10,t,Kitchissippi,45.40541,-75.72172,Entire rental unit,Entire home/apt,2,1.0,2.0,1.0,103.9,2026-06-25,2026-07-25,3116.99,103.9,30.0,365.0,t,29,59,89,364,2026-06-24,2,0,0,2023-12-02,2024-05-02,5.0,4.5,5.0,5.0,5.0,5.0,0.06,9,9
1363,993583408930378713,2026-06-24,city scrape,New Hintonburg Modern 3BR Home,37253652,Ameer,10,11,8,11,"Ottawa, Canada",f,10,t,Kitchissippi,45.40464,-75.72269,Entire home,Entire home/apt,6,2.5,3.0,3.0,196.9,2026-07-02,2026-08-01,5906.99,196.9,30.0,365.0,t,22,30,30,279,2026-06-24,8,2,4,2024-01-10,2025-08-20,4.88,4.88,4.88,5.0,5.0,4.88,0.27,9,9
1364,993754099414920759,2026-06-24,city scrape,1 - Ottawa General Hospital & CHEO just walk,98873806,Abrar Habib,9,8,6,6,"Ottawa, Canada",f,4,t,Alta Vista,45.39982,-75.63821639999999,Private room in bungalow,Private room,3,1.0,2.0,2.0,100.42,2026-06-24,2026-06-25,100.42,100.42,1.0,150.0,t,3,23,53,143,2026-06-24,101,41,49,2023-10-10,2026-06-06,4.66,4.68,4.81,4.75,4.75,4.55,3.06,3,1
1365,993928566719854203,2026-06-24,city scrape,Tiny Room Across University Of Ottawa/Downtown,146743514,Frits,8,10,8,2,"Mexicali, Mexico",f,74,t,Rideau-Vanier,45.42222,-75.67885,Private room in rental unit,Private room,1,2.0,2.0,1.0,145.15,2026-06-25,2026-07-25,4354.47,145.15,30.0,365.0,t,29,59,89,364,2026-06-24,0,0,0,10,10,4.8,4.8,4.9,4.9,4.8,4.7,1.8,28,0
1366,994982244915946181,2026-07-02,previous scrape,"Glebe gem: Stylish 3BR, walk everywhere + parking",186027642,Michelle,8,2,4,8,"Ottawa, Canada",t,2,t,Capital,45.39883,-75.68745,Entire home,Entire home/apt,6,1.4,3.0,2.0,578.67,2026-07-05,2026-07-08,1736.0,578.67,1.0,365.0,t,9,10,16,17,2026-07-02,54,38,32,2023-11-26,2026-06-25,5.0,5.0,5.0,5.0,5.0,4.91,1.71,2,2
1367,995879547031733763,2026-06-24,city scrape,Luxury Retreat in Constance Bay with Private Beach,114526456,Claudia,9,4,2,9,"Ottawa, Canada",f,1,t,West Carleton-March,45.509470216384,-76.10050534259493,Entire home,Entire home/apt,8,4.0,4.0,4.0,1170.0,2026-08-27,2026-08-28,1170.0,1170.0,1.0,1125.0,t,4,11,37,312,2026-06-24,8,7,6,2025-01-06,2026-05-29,4.5,4.5,4.75,4.63,4.88,4.63,0.45,1,1
1368,997138296984497528,2026-06-24,city scrape,Kichi Sibi,212337295,Natty,7,9,2,4,"Ottawa, Canada",t,1,t,Kitchissippi,45.38657657712805,-75.74750673770714,Entire rental unit,Entire home/apt,4,1.0,2.0,3.0,202.7,2026-07-08,2026-08-07,6081.0,202.7,2.0,1125.0,t,17,47,77,257,2026-06-24,54,46,27,2025-05-04,2026-06-14,4.85,4.89,4.89,4.94,4.94,4.76,3.88,1,1
1369,998882351522247902,2026-06-24,city scrape,A Tranquil Retreat in Orleans,541182200,Rezwana,2,8,2,8,"Ottawa, Canada",t,1,t,Cumberland,45.4511794,-75.4681725,Private room in home,Private room,1,1.4,2.0,1.0,71.0,2026-07-06,2026-07-07,71.0,71.0,1.0,15.0,t,18,48,78,168,2026-06-24,103,20,26,2023-10-14,2026-05-24,4.92,4.93,4.97,4.97,4.89,4.83,3.14,1,0
1370,999874340600620334,2026-06-24,city scrape,Huge 5 Bedroom House in Findley Creek | Big Office,52810809,Natalie,10,5,4,10,"Ottawa, Canada",f,31,t,Osgoode,45.3050148,-75.5955121,Entire home,Entire home/apt,10,4.5,5.0,5.0,241.13,2026-07-12,2026-08-11,7234.0,241.13,1.0,364.0,t,12,39,69,344,2026-06-24,132,39,56,2023-10-14,2026-02-08,4.87,4.89,4.83,4.94,4.76,4.85,4.02,21,21
1371,1000694179581164297,2026-06-24,city scrape,Basement apartment on Main - one month minimum,43429280,Christopher,10,9,2,8,"Ottawa, Canada",f,1,t,Capital,45.40603,-75.67663,Entire rental unit,Entire home/apt,2,1.0,1.0,1.0,64.53,2026-06-25,2026-07-25,1935.81,64.53,30.0,365.0,t,29,59,89,179,2026-06-24,8,4,4,2023-12-02,2026-01-01,4.0,4.0,4.63,4.38,4.88,3.75,0.26,1,1
1372,1000936060134114784,2026-06-24,city scrape,2 - Ottawa General Hospital & CHEO just walk,98873806,Abrar Habib,9,8,6,6,"Ottawa, Canada",f,4,t,Alta Vista,45.39982,-75.63821639999999,Private room in home,Private room,2,1.5,2.0,1.0,125.0,2026-06-25,2026-06-26,125.0,125.0,1.0,150.0,t,7,22,45,135,2026-06-24,73,27,33,2023-11-15,2026-06-21,4.73,4.73,4.95,4.92,4.82,4.6,2.3,3,1
1373,1001298258893709614,2026-07-02,previous scrape,la casa verde,510795945,Pricila,3,2,2,8,"Ottawa, Canada",f,1,t,Rideau-Vanier,45.43791,-75.66969,Entire home,Entire home/apt,7,1.4,3.0,2.0,173.3,0000-00-00,"""0000-00-00""",2246.7,173.3,30.0,90.0,t,0,0,0,0,2026-07-02,0,0,0,10,10,4.8,4.8,4.9,4.9,4.8,4.7,1.8,1,1
1374,1001423278719674381,2026-06-24,city scrape,"Kanata, Ottawa Prime Location",541693612,Olufemi,2,8,2,8,"Ottawa, Canada",f,1,t,Kanata South,45.308099891661065,-75.90510050002119,Private room in bed and breakfast,Private room,1,1.0,2.0,1.0,89.6,2026-06-25,2026-07-25,2688.01,89.6,30.0,365.0,t,29,59,89,269,2026-06-24,0,0,0,10,10,4.8,4.8,4.9,4.9,4.8,4.7,1.8,1,0
1375,1002997060628847234,2026-06-24,city scrape,"The Green Bohemian: 3beds, 3mins to CanTire Centre",224889769,Eddy,7,7,4,5,"Ottawa, Canada",t,10,t,Stittsville-Kanata West,45.28589,-75.9337,Entire townhouse,Entire home/apt,6,2.5,3.0,3.0,486.5,2026-07-01,2026-07-03,973.0,486.5,2.0,365.0,t,12,12,35,35,2026-06-24,47,19,15,2023-11-12,2026-06-09,4.98,5.0,5.0,4.96,4.89,4.96,1.47,7,7
1376,1003764968328070984,2026-06-24,city scrape,Royal King in a Luxury home FibreWiFi Free parking,104583371,Vivek,9,7,2,0,"Ottawa, Canada",t,3,t,Gloucester-South Nepean,45.32118,-75.60944,Private room in home,Private room,2,1.0,2.0,1.0,126.0,2026-06-24,2026-06-25,126.0,126.0,1.0,7.0,t,25,55,82,294,2026-06-24,39,19,20,2024-06-10,2026-06-13,4.92,4.95,4.97,4.97,4.82,4.82,1.57,3,0
1377,1004541072799492444,2026-06-24,city scrape,Beautiful Bright Basement,485979424,Mohsen,3,7,2,7,"Ottawa, Canada",t,1,t,Kanata South,45.2771836,-75.83966,Private room in home,Private room,2,1.0,2.0,1.0,102.0,2026-06-25,2026-06-26,102.0,102.0,1.0,365.0,t,15,45,75,255,2026-06-24,56,18,14,2023-11-15,2026-06-12,4.95,4.96,4.96,5.0,4.89,4.93,1.76,1,0
1378,1005907480851383869,2026-06-24,city scrape,En-suite Oasis,33119004,Sandra,11,1,11,1,"Ottawa, Canada",t,2,t,College,45.36026,-75.74898,Entire home,Entire home/apt,4,2.0,2.0,2.0,86.34,2026-10-01,2026-10-31,2590.14,86.34,30.0,365.0,t,0,0,0,171,2026-06-24,4,3,1,2024-10-13,2026-03-31,5.0,5.0,5.0,5.0,5.0,5.0,0.19,2,2
1379,1005936143867992849,2026-06-24,city scrape,Cozy Home in Ottawa,542607845,Maurita,2,8,2,7,"Ottawa, Canada",t,1,t,Barrhaven,45.28906,-75.74159,Entire home,Entire home/apt,8,1.5,3.0,5.0,162.27,2026-08-09,2026-09-08,4868.0,162.27,30.0,150.0,t,0,14,44,224,2026-06-24,125,25,58,2023-11-14,2026-04-19,4.88,4.88,4.97,4.97,4.86,4.9,3.93,1,1
1380,1005993378888208509,2026-06-24,city scrape,Mini Studio Apt near Downtown Ottawa + Parking,495874746,Dunia,3,5,2,7,"Ottawa, Canada",f,1,t,Rideau-Vanier,45.4312394,-75.6861461,Entire condo,Entire home/apt,2,1.0,1.0,1.0,212.0,2026-07-08,2026-07-09,212.0,212.0,1.0,30.0,t,8,15,32,117,2026-06-24,244,73,77,2023-11-05,2026-06-14,4.77,4.76,4.87,4.96,4.57,4.66,7.6,1,1
1381,1007255752833165423,2026-06-24,city scrape,Heritage House - II Downtown II Luxury II Parking,24783603,Hustlers,11,6,11,3,"Mussoorie, India",t,3,t,Rideau-Vanier,45.4318,-75.68979,Entire home,Entire home/apt,4,2.5,3.0,2.0,502.12,2026-07-04,2026-07-05,502.12,502.12,1.0,365.0,t,11,28,58,233,2026-06-24,107,53,53,2023-11-12,2026-06-21,4.75,4.78,4.79,4.8,4.52,4.72,3.36,1,1
1382,1007347382224990252,2026-06-24,city scrape,bungalow with a cozy room,195497451,Ivan,8,0,2,8,"Ottawa, Canada",t,1,t,River,45.36757,-75.67198,Private room in home,Private room,2,1.0,2.0,1.0,83.0,2026-07-01,2026-07-02,83.0,83.0,1.0,365.0,t,5,14,29,82,2026-06-24,211,73,75,2023-11-05,2026-06-20,4.95,4.98,4.99,4.98,4.91,4.95,6.57,1,0
1383,1007364239767572261,2026-06-24,city scrape,Large quiet room steps from the canal,137655704,Allan,8,11,8,11,"Ottawa, Canada",t,3,t,Capital,45.40663,-75.67918,Private room in home,Private room,2,1.0,2.0,1.0,145.5,2026-06-25,2026-06-27,291.0,145.5,2.0,7.0,t,19,47,77,77,2026-06-24,36,12,10,2023-11-20,2026-06-16,5.0,4.97,5.0,5.0,4.97,4.86,1.14,3,1
1384,1008034259395618097,2026-06-24,city scrape,Heritage Loft In The Heart of Downtown Ottawa,22350228,Jenny,11,8,7,5,"Ottawa, Canada",t,20,t,Rideau-Vanier,45.42955,-75.6906,Entire home,Entire home/apt,6,2.5,3.0,3.0,564.88,2026-06-24,2026-06-25,564.88,564.88,1.0,365.0,t,14,21,39,299,2026-06-24,84,44,44,2024-03-31,2026-06-09,4.96,4.93,4.98,4.94,4.93,4.85,3.09,15,15
1385,1008058489861890269,2026-06-24,city scrape,Small quiet room steps from the canal,137655704,Allan,8,11,8,11,"Ottawa, Canada",t,3,t,Capital,45.40791,-75.67925,Private room in home,Private room,1,1.4,2.0,1.0,137.0,2026-06-25,2026-06-26,137.0,137.0,1.0,7.0,t,16,45,72,72,2026-06-24,85,23,15,2023-10-26,2026-06-20,4.99,5.0,5.0,4.99,4.99,4.96,2.62,3,1
1386,1012329691280700047,2026-06-24,city scrape,Large Comfy Bed + Workstation in Serene New Home,397565786,Funmi,5,2,2,7,"Ottawa, Canada",t,6,t,Stittsville-Kanata West,45.28387,-75.9325,Private room in home,Private room,2,1.4,2.0,1.0,109.67,2026-06-25,2026-06-28,329.0,109.67,3.0,365.0,t,22,46,76,351,2026-06-24,21,0,4,2023-11-04,2025-03-22,4.86,5.0,4.95,5.0,4.67,4.67,0.65,6,0
1387,1012518059603290827,2026-06-24,city scrape,Comfy and relaxing Private room,225930932,Gbenga,7,7,3,0,"Ontario, Canada",f,2,t,Stittsville-Kanata West,45.26465,-75.89134,Private room in home,Private room,2,1.0,2.0,1.0,70.87,2026-06-26,2026-07-27,2197.0,70.87,31.0,31.0,t,28,58,88,268,2026-06-24,1,0,0,2024-01-06,2024-01-06,5.0,5.0,5.0,5.0,4.0,5.0,0.03,2,0
1388,1013089364942673192,2026-06-24,city scrape,Barhaven end unit town home,543986693,Ryan,2,7,2,7,"Ottawa, Canada",f,1,t,Rideau-Goulbourn,45.23415,-75.73519,Entire home,Entire home/apt,4,1.4,2.0,2.0,106.19,2026-07-18,2026-08-17,3185.79,106.19,30.0,365.0,t,6,36,66,341,2026-06-24,0,0,0,10,10,4.8,4.8,4.9,4.9,4.8,4.7,1.8,1,1
1389,1013240247655184541,2026-06-24,city scrape,"Room in Ottawa, ON",270878627,Pragyan,7,0,2,5,"Ottawa, Canada",t,1,t,Gloucester-South Nepean,45.31167,-75.59474,Private room in home,Private room,2,1.0,2.0,1.0,96.0,2026-07-06,2026-07-07,96.0,96.0,1.0,365.0,t,18,45,75,350,2026-06-24,288,93,105,2024-01-04,2026-06-16,4.89,4.92,4.92,4.95,4.8,4.88,9.57,1,0
1390,1014513548227322959,2026-06-24,city scrape,"Modern, clean & close",73267839,Gilda,10,1,9,10,"Ottawa, Canada",t,2,t,Kitchissippi,45.3966988,-75.7298758,Private room in home,Private room,1,1.0,2.0,1.0,60.03,2026-08-09,2026-09-08,1800.86,60.03,30.0,365.0,t,12,26,56,236,2026-06-24,4,2,2,2024-07-01,2025-10-18,5.0,5.0,5.0,5.0,5.0,4.75,0.17,2,0
1391,1014632132461648179,2026-06-24,city scrape,"Dog Friendly, Free Parking, Play Pen, Backyard",43424548,Sean,10,9,4,6,"Ottawa, Canada",t,22,t,Bay,45.35679,-75.79373,Entire home,Entire home/apt,6,2.0,3.0,3.0,171.47,2026-07-01,2026-07-31,5144.03,171.47,30.0,365.0,t,23,35,65,332,2026-06-24,11,5,6,2023-12-14,2026-03-31,4.91,4.91,4.91,5.0,4.82,4.73,0.36,7,7
1392,1015355253271405239,2026-06-24,city scrape,Budget Room with Queen Bed.,63997470,Taranvir,10,3,2,9,"Ottawa, Canada",t,2,t,Kanata South,45.28737,-75.88085,Private room in home,Private room,1,1.0,2.0,1.0,58.0,2026-06-25,2026-06-26,58.0,58.0,1.0,30.0,t,20,49,75,75,2026-06-24,158,79,67,2023-11-19,2026-06-18,4.87,4.95,4.93,4.97,4.92,4.85,4.99,2,0
1393,1015356025615836152,2026-06-24,city scrape,cozy bdroom home away from home,191000580,Margaret,8,1,6,6,"Toronto, Canada",f,4,t,Barrhaven,45.28472,-75.76173,Private room in home,Private room,1,1.5,2.0,1.0,33.34,2026-06-27,2026-07-27,1000.16,33.34,30.0,1125.0,t,28,58,88,268,2026-06-24,7,3,2,2023-12-27,2026-03-31,4.29,4.43,4.43,4.14,4.29,4.29,0.23,3,0
1394,1015428894744750826,2026-06-24,city scrape,Stylish Queen Studio Apt with Fast Wi-Fi & Parking,58038466,Eldin,10,4,3,4,"Ottawa, Canada",f,4,t,Kitchissippi,45.40747,-75.73374,Entire rental unit,Entire home/apt,2,1.0,1.0,1.0,93.96,2026-07-01,2026-07-31,2818.76,93.96,30.0,1125.0,t,23,53,83,358,2026-06-24,4,2,1,2024-01-30,2026-01-31,5.0,5.0,5.0,5.0,5.0,5.0,0.14,4,4
1395,1016044833509789866,2026-06-24,city scrape,Executive 3BR | Monthly Stays | Quiet East Ottawa,530679155,Oliver,2,10,2,7,"Ottawa, Canada",f,5,t,Rideau-Rockcliffe,45.44082893014418,-75.67985151623982,Entire rental unit,Entire home/apt,6,1.0,3.0,3.0,131.51,2026-07-07,2026-08-06,3945.19,131.51,30.0,365.0,t,17,47,77,352,2026-06-24,12,2,1,2023-11-29,2026-06-03,4.83,4.92,4.92,4.92,5.0,4.75,0.38,2,2
1396,1016698308995893792,2026-06-24,city scrape,"Cozy 1 BDRM w Parking, Patio & Private Entrance",7354245,Lisa,12,11,12,10,"Ontario, Canada",t,29,t,Rideau-Rockcliffe,45.4270687,-75.6569063,Entire rental unit,Entire home/apt,3,1.0,1.0,2.0,105.01,2026-07-05,2026-08-04,3150.39,105.01,30.0,365.0,t,19,49,58,305,2026-06-24,11,2,4,2024-01-22,2025-09-11,4.91,4.73,4.91,4.82,4.64,4.64,0.37,20,20
1397,1016755767312764640,2026-06-24,city scrape,"Luxury Living, Little Italy",92518082,Babak,9,9,2,7,"Ottawa, Canada",t,5,t,Somerset,45.3980519,-75.7074248,Entire condo,Entire home/apt,4,1.0,1.0,2.0,107.94,2027-01-01,2027-01-31,3238.33,107.94,30.0,365.0,t,0,0,0,81,2026-06-24,3,1,0,2024-01-07,2026-05-01,5.0,5.0,5.0,5.0,5.0,5.0,0.1,2,2
1398,1019122774311627741,2026-06-24,city scrape,"Private Bedroom , King bed,  separate  Bathroom",206772829,Olusola,7,10,7,1,"Ottawa, Canada",t,1,t,Cumberland,45.46414231935257,-75.46468859043216,Private room in bungalow,Private room,2,1.0,2.0,1.0,115.0,2026-07-01,2026-07-02,115.0,115.0,1.0,365.0,t,23,30,51,326,2026-06-24,17,5,6,2023-12-11,2026-06-01,4.76,4.82,4.94,4.82,4.82,4.82,0.55,1,0
1399,1019698260632256035,2026-06-24,city scrape,Serenity Stays on Half Moon Bay,545448917,Saheedat,2,7,1,8,"Ottawa, Canada",t,1,t,Barrhaven,45.2530954,-75.7543113,Private room in home,Private room,2,1.0,2.0,1.0,115.0,2026-06-25,2026-06-26,115.0,115.0,1.0,1125.0,t,2,23,53,312,2026-06-24,36,20,20,2024-10-26,2026-05-26,4.83,4.86,4.81,4.81,4.81,4.83,1.78,1,0
1400,1020986012104235102,2026-06-24,city scrape,Retro Mid Century Bachelor,22350228,Jenny,11,8,7,5,"Ottawa, Canada",t,20,t,Rideau-Vanier,45.42895,-75.69173,Entire rental unit,Entire home/apt,2,1.0,1.0,1.0,95.3,2026-08-01,2026-08-31,2859.0,95.3,30.0,1125.0,t,0,22,31,215,2026-06-24,4,1,1,2024-08-26,2025-11-20,5.0,4.75,5.0,5.0,5.0,4.75,0.18,15,15
1401,1022510561976697669,2026-06-24,city scrape,1974 Airstream Ambassador,370811350,Allison,5,8,2,7,"Ottawa, Canada",f,1,t,Rideau-Goulbourn,45.15639,-75.67977,Camper/RV,Entire home/apt,2,1.0,1.0,2.0,353.98,2026-06-25,2026-07-25,10619.3,353.98,30.0,365.0,t,29,59,89,269,2026-06-24,0,0,0,10,10,4.8,4.8,4.9,4.9,4.8,4.7,1.8,1,1
1402,1024862359013746504,2026-06-24,city scrape,casa Eve,265894547,Evelyne,7,0,5,4,"Ottawa, Canada",f,3,t,Capital,45.40487,-75.67592,Entire rental unit,Entire home/apt,5,1.0,2.0,4.0,106.67,2026-11-01,2026-12-01,3200.0,106.67,30.0,365.0,t,0,0,1,159,2026-06-24,13,4,2,2023-11-23,2026-06-03,5.0,4.85,4.85,5.0,4.83,5.0,0.41,3,2
1403,1025548243794696459,2026-06-24,city scrape,Private Bachelor Pad Basement,75747309,Luxury,10,0,9,10,"Ottawa, Canada",f,1,t,River,45.34345,-75.68816,Private room in home,Private room,1,2.0,1.0,1.0,59.73,2026-06-25,2026-07-25,1792.01,59.73,30.0,90.0,t,29,59,89,89,2026-06-24,0,0,0,10,10,4.8,4.8,4.9,4.9,4.8,4.7,1.8,1,0
1404,1025555641970940611,2026-06-24,city scrape,BRAND NEW Luxury Oasis With KING SIZE BED,485913786,Maame,3,7,2,10,"Ottawa, Canada",f,1,t,Kanata South,45.27209,-75.86189,Private room in townhouse,Private room,2,2.5,1.0,1.0,241.36,2026-06-26,2026-06-28,482.72,241.36,2.0,730.0,t,8,25,55,145,2026-06-24,140,62,66,2024-02-01,2026-05-31,4.95,4.95,4.98,4.97,4.82,4.88,4.8,1,0
1405,1026400852860825566,2026-06-24,city scrape,Room 3 comes with its own private bathroom,523249298,Lara,2,11,2,9,"Ottawa, Canada",t,4,f,Knoxdale-Merivale,45.363859,-75.7184031,Private room in bungalow,Private room,2,2.0,2.0,1.0,47.2,2026-06-25,2026-07-25,1416.0,47.2,30.0,90.0,t,29,59,89,89,2026-06-24,26,4,13,2023-11-26,2025-12-05,4.85,4.77,4.96,4.96,4.85,4.77,0.83,4,0
1406,1027558209061905980,2026-06-24,city scrape,Adorable Condo in Ottawa West w/ Parking + Laundry,196595551,Chantelle,8,0,2,2,"Ottawa, Canada",f,1,t,Kanata South,45.27362,-75.86269,Entire condo,Entire home/apt,4,1.0,2.0,2.0,152.95,2026-10-31,2026-11-30,4588.42,152.95,30.0,365.0,t,0,0,0,141,2026-06-24,3,1,1,2024-06-30,2025-11-01,5.0,5.0,5.0,4.67,5.0,4.67,0.12,1,1
1407,1028108164613104009,2026-06-24,city scrape,CHAW’s Corner,544538400,Chaw Su,2,7,2,7,"Ottawa, Canada",t,1,t,Kitchissippi,45.4060674,-75.7244779,Entire serviced apartment,Entire home/apt,2,1.0,1.0,1.0,205.0,2026-07-02,2026-07-03,205.0,205.0,1.0,365.0,t,6,10,26,190,2026-06-24,134,48,60,2023-12-05,2026-06-14,4.79,4.84,4.93,4.93,4.86,4.75,4.31,1,1
1408,1031118383843382309,2026-06-24,city scrape,Beautiful Mediterranean 4 bed home in the Glebe,50609229,Adam,10,6,2,2,"Ottawa, Canada",f,1,t,Capital,45.4059914,-75.6912159,Entire rental unit,Entire home/apt,8,1.5,4.0,4.0,711.33,2026-06-27,2026-06-30,2134.0,711.33,3.0,120.0,t,13,27,49,317,2026-06-24,10,5,1,2024-05-27,2026-06-15,5.0,4.9,5.0,5.0,5.0,4.9,0.4,1,1
1409,1031618308058833004,2026-06-24,city scrape,Monthly Queen Room | Desk | uOttawa & St. Laurent,210023080,Ali,7,10,2,7,"Ottawa, Canada",f,6,t,Rideau-Rockcliffe,45.43339,-75.64472,Private room in home,Private room,2,1.0,2.0,1.0,53.94,2026-07-12,2026-08-11,1618.34,53.94,28.0,1125.0,t,12,42,72,342,2026-06-24,105,8,66,2023-11-26,2025-10-01,4.57,4.7,4.79,4.74,4.54,4.57,3.34,6,0
1410,1033005004632662058,2026-06-24,city scrape,Furnished 4-Bedroom in Ottawa,64762834,Lisa,10,2,10,2,"Gatineau, Canada",f,7,t,Rideau-Vanier,45.4361221,-75.6582918,Entire rental unit,Entire home/apt,4,1.0,4.0,4.0,113.27,2027-01-01,2027-01-31,3398.18,113.27,30.0,129.0,t,0,0,0,79,2026-06-24,0,0,0,10,10,4.8,4.8,4.9,4.9,4.8,4.7,1.8,6,6
1411,1033220174281318735,2026-06-24,city scrape,Basement Apart. - Business traveler's Quick Stop,548205528,Renuka,2,6,1,0,"Ottawa, Canada",f,1,t,Rideau-Goulbourn,45.25823503080866,-75.82481460984579,Private room in home,Private room,1,1.0,2.0,1.0,115.0,2026-07-12,2026-07-13,115.0,115.0,1.0,1125.0,t,12,42,72,252,2026-06-24,15,11,12,2025-06-05,2026-05-29,4.53,4.6,4.8,5.0,4.33,4.6,1.17,1,0
1412,1035639767325647109,2026-06-24,city scrape,"Top logement – Propre, moderne et bien situé",90265550,Sergio,9,10,0,3,"Ottawa, Canada",f,2,t,Rideau-Rockcliffe,45.4448539,-75.64822769999999,Entire rental unit,Entire home/apt,5,1.0,2.0,2.0,316.66,2026-08-03,2026-09-02,9499.85,316.66,30.0,365.0,t,25,45,75,349,2026-06-24,5,5,0,2026-03-29,2026-05-24,5.0,5.0,4.8,5.0,5.0,5.0,1.7,2,1
1413,1036391810471805071,2026-06-24,city scrape,Bedroom/bathroom with river view,172734660,Chas,8,4,4,5,Canada,f,2,t,Bay,45.35835,-75.80528,Private room in home,Private room,1,1.0,2.0,1.0,55.33,2026-06-25,2026-07-25,1660.0,55.33,30.0,365.0,t,29,59,61,229,2026-06-24,2,2,2,2025-07-31,2025-09-30,5.0,5.0,5.0,5.0,5.0,5.0,0.18,2,0
1414,1036781046706860483,2026-06-24,city scrape,Urban Retreat In Kanata Tech Hub,422090045,Prince,4,9,2,5,"Ottawa, Canada",t,1,t,Kanata North,45.35651,-75.92878,Entire home,Entire home/apt,4,2.5,2.0,4.0,274.0,2026-07-05,2026-07-06,274.0,274.0,1.0,1125.0,t,5,20,47,226,2026-06-24,150,56,61,2024-01-21,2026-06-21,4.93,4.96,4.97,4.94,4.83,4.85,5.08,1,1
1415,1036954222533111868,2026-06-24,city scrape,Stay with Cassandra,10473316,Cassandra,12,6,2,9,"Ottawa, Canada",t,2,t,Rideau-Rockcliffe,45.43255,-75.63594,Private room in rental unit,Private room,1,1.0,2.0,1.0,98.5,2026-07-06,2026-07-08,197.0,98.5,2.0,150.0,t,15,34,47,322,2026-06-24,58,18,19,2023-12-04,2026-06-06,4.97,4.93,4.97,5.0,4.78,4.91,1.86,2,1
1416,1037974900456384760,2026-06-24,city scrape,Stylish & Modern Townhome –Perfect Ottawa Getaway!,499742888,Chris,3,4,2,2,"Ottawa, Canada",t,1,t,Stittsville-Kanata West,45.2855,-75.92663,Entire townhouse,Entire home/apt,6,2.5,3.0,3.0,363.0,2026-06-25,2026-06-26,363.0,363.0,1.0,95.0,t,7,18,32,291,2026-06-24,123,75,67,2024-06-21,2026-06-21,4.89,4.91,4.98,4.97,4.88,4.8,5.03,1,1
1417,1043597526680752812,2026-07-02,previous scrape,Emerald Bungalow. 8 mins to CND Tire Ctr.,490836673,Harry,3,6,3,6,"Ottawa, Canada",t,2,t,Stittsville-Kanata West,45.27397,-75.93389,Entire guesthouse,Entire home/apt,4,1.4,2.0,2.0,365.0,2026-07-04,2026-07-06,730.0,365.0,2.0,90.0,t,16,39,68,125,2026-07-02,91,45,44,2024-01-31,2026-06-20,4.97,4.93,4.99,4.96,4.93,4.89,3.09,2,2
1418,1045890700082351654,2026-06-24,city scrape,Spacious and Bright Hidden Gem in Trendy Westboro,4713745,Michael,13,5,2,6,"Ottawa, Canada",t,2,t,Kitchissippi,45.38225,-75.74227,Entire home,Entire home/apt,4,1.0,3.0,2.0,163.16,2026-09-11,2026-10-11,4894.83,163.16,30.0,180.0,t,23,38,49,229,2026-06-24,7,1,2,2024-03-30,2025-07-05,5.0,4.86,5.0,5.0,4.86,4.29,0.26,2,2
1419,1046396390116458729,2026-06-24,city scrape,Beechwood 3 Bdrm Upper Level of House w/ Backyard,517709296,Sarah And Sy,3,0,3,0,"Ottawa, Canada",t,6,t,Rideau-Vanier,45.44332617998265,-75.66498980370484,Entire rental unit,Entire home/apt,6,1.0,3.0,4.0,109.35,2026-10-24,2026-11-23,3280.55,109.35,30.0,365.0,t,0,6,12,255,2026-06-24,5,4,4,2025-05-03,2026-05-01,5.0,5.0,5.0,5.0,4.4,5.0,0.36,5,5
1420,1046492992470480846,2026-06-24,city scrape,"The Victorian Central - 15mins DT, 3 beds",224889769,Eddy,7,7,4,5,"Ottawa, Canada",t,10,t,River,45.37138,-75.73067,Entire townhouse,Entire home/apt,6,2.5,2.0,2.0,187.55,2026-06-26,2026-07-27,5814.04,187.55,31.0,365.0,t,28,42,42,42,2026-06-24,44,13,20,2023-12-28,2026-01-30,4.89,4.93,4.93,4.91,4.8,4.82,1.45,7,7
1421,1047023496572577115,2026-06-24,city scrape,"Spacious 3,000 sqft 4BR Gym• Parking• Private Yard",17038739,Cynthia,12,0,2,3,"Ottawa, Canada",t,1,t,Stittsville-Kanata West,45.24386166608656,-75.91976457301635,Entire home,Entire home/apt,8,2.5,4.0,5.0,359.57,2026-09-04,2026-09-11,2517.0,359.57,7.0,1125.0,t,1,6,24,204,2026-06-24,21,14,11,2024-04-08,2026-06-13,5.0,5.0,5.0,5.0,4.95,5.0,0.78,1,1
1422,1048082294945471069,2026-06-24,city scrape,Master Bedroom with Ensuite Bathroom | Smart TV,539697002,Leo,2,8,2,3,"Ottawa, Canada",f,6,t,Rideau-Goulbourn,45.24072,-75.74507,Private room in townhouse,Private room,2,2.5,2.0,1.0,39.16,2026-07-01,2026-07-31,1174.76,39.16,30.0,365.0,t,23,53,62,62,2026-06-24,33,6,17,2024-04-14,2025-09-01,4.61,4.58,4.76,4.79,4.61,4.48,1.23,3,0
1423,1049585133980573103,2026-06-24,city scrape,Spacious basement in Barrahevn,248638353,Mary,7,3,7,3,Canada,f,2,t,Barrhaven,45.25036,-75.75866,Private room in home,Private room,1,1.0,2.0,1.0,92.0,2026-06-29,2026-06-30,92.0,92.0,1.0,365.0,t,24,54,84,264,2026-06-24,0,0,0,10,10,4.8,4.8,4.9,4.9,4.8,4.7,1.8,2,0
1424,1051224917558694463,2026-06-24,city scrape,Modern Queen Studio Apt with Fast Wi-Fi & Parking,58038466,Eldin,10,4,3,4,"Ottawa, Canada",f,4,t,Kitchissippi,45.40929,-75.73167,Entire rental unit,Entire home/apt,2,1.0,1.0,1.0,103.12,2026-07-12,2026-08-11,3093.7,103.12,30.0,1125.0,t,12,35,39,314,2026-06-24,10,4,5,2024-02-29,2026-04-23,4.7,4.8,4.7,4.9,4.7,4.3,0.35,4,4
1425,1052851827966095639,2026-06-24,city scrape,Private 2B 10 MIN To Downtown Ottawa,552274517,Sean,2,6,2,5,"Ottawa, Canada",f,1,t,Kitchissippi,45.39463,-75.73608,Entire rental unit,Entire home/apt,4,1.0,2.0,3.0,275.0,2026-06-29,2026-06-30,275.0,275.0,1.0,27.0,t,9,13,34,43,2026-06-24,160,64,71,2024-01-26,2026-06-07,4.56,4.64,4.86,4.8,4.86,4.51,5.45,1,1
1426,1056106796502976320,2026-07-02,previous scrape,Vacation stay 3,495085580,Mamadou,3,5,2,5,"Ottawa, Canada",f,1,t,Bay,45.36387999999999,-75.7905,Entire home,Entire home/apt,2,1.4,1.0,2.0,173.3,0000-00-00,"""0000-00-00""",2246.7,173.3,30.0,1125.0,t,0,0,0,0,2026-07-02,2,0,0,2024-01-29,2024-02-17,4.0,4.5,4.5,5.0,4.5,4.0,0.07,1,1
1427,1056760870010846685,2026-06-24,city scrape,A  central & roomy unit + office,476879173,Tobi,3,9,2,5,"Ottawa, Canada",f,1,t,Gloucester-Southgate,45.34856,-75.63175,Private room in rental unit,Private room,1,1.5,2.0,1.0,47.93,2026-06-25,2026-07-25,1438.03,47.93,30.0,365.0,t,29,59,89,89,2026-06-24,0,0,0,10,10,4.8,4.8,4.9,4.9,4.8,4.7,1.8,1,0
1428,1057958832445505459,2026-06-24,city scrape,"Luxurious and Beautiful, Ottawa",553501602,Esther,2,5,2,5,"Ottawa, Canada",t,2,t,Rideau-Goulbourn,45.2372408,-75.7345425,Entire home,Entire home/apt,6,2.5,3.0,2.0,475.5,2026-08-12,2026-08-14,951.0,475.5,1.0,1125.0,t,1,13,39,311,2026-06-24,39,14,12,2024-03-31,2026-06-21,4.97,4.95,5.0,4.97,4.85,4.97,1.43,1,1
1429,1058156138088388379,2026-06-24,city scrape,The East Room,522919165,Suhani,2,11,2,9,"Ottawa, Canada",t,7,t,Cumberland,45.45201,-75.47122,Private room in home,Private room,2,1.0,2.0,1.0,96.0,2026-07-06,2026-07-09,288.0,96.0,3.0,1125.0,t,19,49,73,348,2026-06-24,31,13,14,2024-02-19,2026-05-30,4.97,4.9,5.0,4.97,5.0,4.97,1.09,3,0
1430,1058778739298819746,2026-06-24,city scrape,Two cozy bedrooms in a Three bedroom townhouse.,181600359,Mizpah,8,2,2,5,"Ottawa, Canada",t,5,t,Osgoode,45.32764,-75.58542,Private room in townhouse,Private room,4,1.5,2.0,2.0,117.69,2026-08-04,2026-09-03,3530.65,117.69,30.0,365.0,t,13,32,62,337,2026-06-24,40,9,15,2024-01-25,2025-08-19,4.73,4.73,4.93,4.93,4.75,4.7,1.36,5,0
1431,1059779530124486661,2026-06-24,city scrape,Superb 2BD|Orleans-5min to Beach|Laundry & Parking,482962409,Thierno,3,8,2,4,"Ottawa, Canada",f,1,t,Cumberland,45.50151,-75.46856,Entire rental unit,Entire home/apt,4,1.0,2.0,2.0,225.5,2026-07-05,2026-07-07,451.0,225.5,2.0,1125.0,t,11,16,38,281,2026-06-24,131,54,61,2024-01-22,2026-06-21,4.84,4.83,4.92,4.95,4.81,4.82,4.44,1,1
1432,1060262258511103243,2026-06-24,city scrape,Elegant basement with private Bathroom (BS),554049454,Tobby,2,5,2,4,"Ottawa, Canada",f,5,t,Rideau-Goulbourn,45.23667839456046,-75.74740178883076,Private room in home,Private room,2,1.0,2.0,1.0,75.87,2027-01-01,2027-01-31,2276.0,75.87,30.0,365.0,t,0,0,0,79,2026-06-24,23,12,11,2024-03-31,2026-01-02,4.74,4.7,4.91,4.83,4.7,4.61,0.85,5,0
1433,1061155086269493580,2026-06-24,city scrape,Elegant room with private bathroom. (RM2),554049454,Tobby,2,5,2,4,"Ottawa, Canada",f,5,t,Rideau-Goulbourn,45.23688,-75.74688,Private room in home,Private room,2,1.0,2.0,1.0,101.0,2026-06-25,2026-06-26,101.0,101.0,1.0,365.0,t,23,53,77,257,2026-06-24,132,54,76,2024-02-05,2026-06-21,4.67,4.77,4.87,4.76,4.61,4.68,4.55,5,0
1434,1061168457786637982,2026-06-24,city scrape,Elegant room in cozy home.,554049454,Tobby,2,5,2,4,"Ottawa, Canada",f,5,t,Rideau-Goulbourn,45.2363208,-75.7474277,Private room in home,Private room,2,1.0,2.0,1.0,75.0,2026-08-30,2026-08-31,75.0,75.0,1.0,365.0,t,0,0,15,195,2026-06-24,37,34,30,2024-12-17,2026-06-14,4.57,4.62,4.84,4.86,4.3,4.49,2.0,5,0
1435,1061170575988209310,2026-06-24,city scrape,Elegant Executive Home Sleeps 6!,550761329,Abimbola Oluwaseyi,2,6,2,3,"Ottawa, Canada",t,2,t,Gloucester-South Nepean,45.3276629,-75.6056083,Entire townhouse,Entire home/apt,6,2.5,3.0,3.0,323.33,2026-07-12,2026-07-15,970.0,323.33,2.0,30.0,t,9,13,21,292,2026-06-24,66,31,26,2024-03-24,2026-06-09,4.91,4.88,4.92,4.83,4.68,4.82,2.41,2,1
1436,1061674772962682155,2026-06-24,city scrape,A home away from home,7185314,Dahabo,12,11,2,5,"Ottawa, Canada",f,1,t,Somerset,45.42183,-75.69618,Entire home,Entire home/apt,4,3.5,4.0,4.0,172.27,2026-07-14,2026-08-13,5168.06,172.27,30.0,365.0,t,10,40,70,345,2026-06-24,0,0,0,10,10,4.8,4.8,4.9,4.9,4.8,4.7,1.8,1,1
1437,1061814948516398356,2026-06-24,city scrape,Country living close to city,91734483,Richard,9,9,2,5,"Ottawa, Canada",t,1,t,West Carleton-March,45.33772,-75.98918,Entire rental unit,Entire home/apt,4,1.0,1.0,2.0,123.63,2026-10-16,2026-11-15,3708.9,123.63,30.0,365.0,t,0,0,0,203,2026-06-24,8,5,3,2024-05-31,2026-05-12,5.0,5.0,5.0,5.0,5.0,5.0,0.32,1,1
1438,1064487695165863154,2026-06-24,city scrape,A Furnished Room in a Friendly Setting,1755714,Janice And Garry,14,4,14,4,"Ontario, Canada",t,10,t,College,45.34863,-75.78419,Private room in home,Private room,1,2.0,2.0,1.0,33.2,2026-07-12,2026-08-11,996.0,33.2,30.0,365.0,t,12,42,50,287,2026-06-24,8,4,4,2024-03-01,2026-01-07,4.88,4.75,4.88,4.88,4.75,4.75,0.28,3,0
1439,1065601928695845270,2026-06-24,city scrape,Private bedroom&bath at westboro,519520561,Nadine,3,0,3,0,"Ottawa, Canada",t,3,t,Kitchissippi,45.39964,-75.74177,Private room in home,Private room,1,1.0,2.0,1.0,63.02,2026-06-25,2026-07-25,1890.46,63.02,30.0,1125.0,t,29,59,89,179,2026-06-24,0,0,0,10,10,4.8,4.8,4.9,4.9,4.8,4.7,1.8,1,0
1440,1066660447937172700,2026-06-24,city scrape,Cozy house in Orleans,555902054,Maria,2,5,2,5,"Ottawa, Canada",f,1,t,Cumberland,45.47673,-75.46643,Entire home,Entire home/apt,4,2.5,3.0,2.0,98.45,2027-03-31,2027-04-30,2953.49,98.45,30.0,730.0,t,0,0,0,85,2026-06-24,4,1,0,2024-05-31,2026-04-30,5.0,5.0,5.0,5.0,5.0,5.0,0.16,1,1
1441,1067647835092962088,2026-06-24,city scrape,3-Bedroom Retreat Close to Downtown Ottawa,409908796,Ruzanna,4,11,2,8,"Ottawa, Canada",t,1,t,Innes,45.46504,-75.52729,Entire home,Entire home/apt,6,2.5,3.0,3.0,388.0,2026-06-29,2026-06-30,388.0,388.0,1.0,360.0,t,8,20,29,31,2026-06-24,105,43,38,2024-03-01,2026-06-10,4.79,4.85,4.93,4.93,4.85,4.79,3.72,1,1
1442,1069886140507129934,2026-06-24,city scrape,2 bedrooms + den near downtown,448906770,Chika,4,3,4,1,"Ottawa, Canada",f,3,t,Rideau-Rockcliffe,45.42572,-75.66082,Entire rental unit,Entire home/apt,4,1.0,2.0,2.0,93.3,2026-07-01,2026-07-31,2799.0,93.3,30.0,1125.0,t,23,53,83,263,2026-06-24,2,2,2,2025-09-01,2025-10-12,4.0,4.0,5.0,4.5,5.0,4.0,0.2,2,2
1443,1070293926481220113,2026-06-24,city scrape,Lovely Place Downtown Ottawa 21D,41604531,Sam,10,10,9,4,"Ottawa, Canada",f,20,t,Rideau-Vanier,45.4278834,-75.6881965,Entire rental unit,Entire home/apt,2,1.0,1.0,1.0,152.0,2026-06-30,2026-07-01,152.0,152.0,1.0,365.0,t,6,11,28,296,2026-06-24,98,51,64,2024-02-03,2026-05-24,4.66,4.81,4.9,4.93,4.65,4.72,3.37,20,20
1444,1070420068240216761,2026-07-02,previous scrape,Cozy Home in Ottawa - 2 bed 1 bath - free parking,52130911,Angela,10,6,7,7,"Ottawa, Canada",t,3,t,River,45.3564,-75.68607,Entire home,Entire home/apt,4,1.4,2.0,2.0,173.3,0000-00-00,"""0000-00-00""",2246.7,173.3,1.0,1125.0,t,0,0,0,0,2026-07-02,23,9,0,2024-01-20,2026-04-10,4.87,4.96,4.96,4.83,4.87,4.91,0.77,1,1
1445,1070541197234711501,2026-06-24,city scrape,Bright and Cozy 2-Bedroom Home,274630611,Amer,6,11,0,9,"Ottawa, Canada",t,1,t,Barrhaven,45.2560095,-75.7299756,Entire home,Entire home/apt,4,1.5,2.0,2.0,114.2,2026-09-27,2026-10-27,3426.05,114.2,30.0,365.0,t,8,20,32,304,2026-06-24,29,29,13,2025-09-19,2026-06-14,4.9,4.83,4.93,4.93,4.62,4.79,3.12,1,1
1446,1070961218925212350,2026-06-24,city scrape,Zaw’s Hidden Gems,486446160,Zaw,3,7,2,7,"Ottawa, Canada",f,1,t,Rideau-Goulbourn,45.19527,-75.83262,Entire home,Entire home/apt,6,1.5,3.0,2.0,320.0,2026-07-12,2026-07-14,640.0,320.0,1.0,365.0,t,6,7,12,13,2026-06-24,34,1,1,2024-02-11,2026-05-24,4.97,4.97,5.0,5.0,4.94,4.94,1.18,1,1
1447,1071090819065897673,2026-06-24,city scrape,Amazing 2 Level Home Ideal Location Free Parking,543308673,Tatyana,2,8,2,8,"Ottawa, Canada",t,3,t,Rideau-Vanier,45.4308025,-75.69452369999999,Entire home,Entire home/apt,6,2.0,3.0,3.0,632.67,2026-07-07,2026-07-10,1898.0,632.67,3.0,1125.0,t,9,31,50,318,2026-06-24,23,5,0,2024-02-08,2026-06-13,4.78,4.74,5.0,4.96,4.87,4.83,0.79,2,2
1448,1071237588102179712,2026-06-24,city scrape,Superb room for students/workers,423768453,Seynabou,4,9,3,5,"Ottawa, Canada",f,26,t,Beacon Hill-Cyrville,45.45187,-75.59925,Private room in rental unit,Private room,1,1.0,2.0,1.0,55.88,2026-06-25,2026-07-25,1676.52,55.88,30.0,365.0,t,29,59,89,89,2026-06-24,0,0,0,10,10,4.8,4.8,4.9,4.9,4.8,4.7,1.8,26,6
1449,1071277446261882722,2026-06-24,city scrape,Single Home- Dwtn 17 min-Airport 7- Monthly Rental,305048917,Mohammad,6,7,4,4,"Ottawa, Canada",t,10,t,Gloucester-South Nepean,45.3290672,-75.59257521534425,Entire home,Entire home/apt,10,3.5,5.0,8.0,171.47,2026-09-06,2026-10-06,5144.0,171.47,30.0,366.0,t,3,3,19,294,2026-06-24,136,44,68,2024-02-04,2026-01-25,4.99,4.97,4.99,5.0,4.9,4.96,4.68,8,8
1450,1075017127786422070,2026-06-24,city scrape,Lt,346845900,Michael,6,1,2,5,"Ottawa, Canada",f,1,t,Rideau-Vanier,45.43301,-75.67878,Entire rental unit,Entire home/apt,4,1.0,1.0,1.0,201.1,2026-06-25,2026-07-25,6033.09,201.1,30.0,365.0,t,29,59,89,269,2026-06-24,0,0,0,10,10,4.8,4.8,4.9,4.9,4.8,4.7,1.8,1,1
1451,1075571631712483498,2026-06-24,city scrape,Private quite Bedroom near airport free parking,181600359,Mizpah,8,2,2,5,"Ottawa, Canada",t,5,t,Osgoode,45.3271,-75.58507,Private room in townhouse,Private room,2,1.5,2.0,1.0,47.93,2026-08-04,2026-09-03,1438.03,47.93,30.0,365.0,t,12,31,61,336,2026-06-24,93,24,44,2024-02-03,2026-01-31,4.74,4.75,4.84,4.83,4.58,4.69,3.2,5,0
1452,1076294273328174276,2026-06-24,city scrape,New private studio guest home,401767563,Roxanne,5,1,3,11,"Ottawa, Canada",t,7,t,Rideau-Vanier,45.44284,-75.65781,Entire condo,Entire home/apt,2,1.0,2.0,1.0,109.12,2026-11-07,2026-12-07,3273.67,109.12,30.0,1125.0,t,0,1,1,230,2026-06-24,7,2,3,2024-05-03,2025-12-31,5.0,5.0,5.0,5.0,5.0,5.0,0.27,5,5
1453,1079665156473553357,2026-07-02,previous scrape,Studio with rustic vibe and own patio,235240133,Ivan,7,5,7,5,"Ottawa, Canada",f,3,t,Gloucester-Southgate,45.35316,-75.64302,Entire rental unit,Entire home/apt,2,1.4,2.0,2.0,173.3,0000-00-00,"""0000-00-00""",2246.7,173.3,45.0,365.0,t,0,1,1,31,2026-07-02,7,2,1,2024-03-20,2026-02-19,5.0,4.71,4.86,5.0,4.86,4.71,0.25,3,3
1454,1079925962955608381,2026-06-24,city scrape,Modern Walkout Basement Apartment - 2Bed/2Bath+Den,559335394,Syed,2,4,2,4,"Ottawa, Canada",t,1,t,Kanata North,45.34697,-75.94136,Entire rental unit,Entire home/apt,4,2.0,2.0,3.0,206.0,2026-07-12,2026-07-14,412.0,206.0,2.0,27.0,t,8,19,43,52,2026-06-24,117,46,44,2024-02-05,2026-06-08,4.88,4.93,4.96,4.94,4.89,4.87,4.03,1,1
1455,1080384255778683270,2026-06-24,city scrape,2bed2bath in Kanata Stittsville,492054533,Happy Stay Property Management,3,6,3,5,"Ottawa, Canada",f,3,t,Kanata South,45.2732,-75.8616,Entire home,Entire home/apt,4,2.5,2.0,2.0,130.27,2026-08-20,2026-09-19,3908.0,130.27,30.0,365.0,t,24,27,57,332,2026-06-24,2,0,1,2024-03-23,2025-01-17,5.0,5.0,4.5,4.5,5.0,5.0,0.07,3,3
1456,1080657088774494271,2026-07-02,previous scrape,Private room “white” with separate entrance,23679383,Salman,11,7,3,8,"Ottawa, Canada",f,9,t,Knoxdale-Merivale,45.35079,-75.71962,Private room in home,Private room,2,1.4,2.0,2.0,173.3,0000-00-00,"""0000-00-00""",2246.7,173.3,1.0,365.0,t,0,0,0,0,2026-07-02,17,0,0,2024-02-24,2024-09-14,4.41,4.29,4.94,4.71,4.59,4.35,0.59,7,0
1457,1084266251984432689,2026-06-24,city scrape,Private Comfortable Guest Room Near Airport Ottawa,556860599,Khan,2,5,2,4,"Ottawa, Canada",f,4,t,Osgoode,45.32759,-75.58718,Private room in townhouse,Private room,2,1.0,2.0,1.0,54.97,2026-06-29,2026-07-29,1649.0,54.97,30.0,365.0,t,26,54,84,359,2026-06-24,93,29,27,2024-02-16,2026-05-26,4.78,4.84,4.9,4.71,4.81,4.77,3.24,4,1
1458,1084270361562660951,2026-06-24,city scrape,Modern 3-Bedroom Townhouse,556860599,Khan,2,5,2,4,"Ottawa, Canada",f,4,t,Osgoode,45.32623,-75.58582,Entire home,Entire home/apt,6,2.5,3.0,3.0,257.0,2026-08-16,2026-09-15,7710.05,257.0,30.0,365.0,t,20,48,78,258,2026-06-24,3,1,2,2024-06-24,2025-07-11,4.33,4.33,4.67,4.33,4.67,4.0,0.12,4,1
1459,1085627725590511858,2026-06-24,city scrape,Hephzibah & Beulah (Master Bed),549675094,Damola,2,6,2,5,"Ottawa, Canada",f,2,t,Barrhaven,45.27094,-75.76858,Private room in home,Private room,2,1.0,2.0,1.0,69.93,2026-08-01,2026-08-31,2098.0,69.93,30.0,365.0,t,0,22,52,322,2026-06-24,9,2,5,2024-04-23,2025-08-25,3.78,3.89,4.33,3.89,4.11,3.78,0.34,2,0
1460,1085902395710916912,2026-06-24,city scrape,Furnished 4 Bedrooms 3.5 Bath House in Ottawa,522510567,Ademola,2,11,2,4,"Ottawa, Canada",f,2,t,Stittsville-Kanata West,45.26922,-75.8957,Entire home,Entire home/apt,8,3.5,4.0,4.0,265.5,2026-08-02,2026-09-01,7965.0,265.5,30.0,730.0,t,2,23,53,306,2026-06-24,3,2,2,2024-04-05,2025-10-05,4.0,5.0,5.0,5.0,4.33,4.0,0.11,2,2
1461,1086538472643774079,2026-06-24,city scrape,Quiet Ensuite With Private Bathroom and Workspace,556860599,Khan,2,5,2,4,"Ottawa, Canada",f,4,t,Osgoode,45.32599,-75.5854,Private room in home,Private room,2,1.5,2.0,1.0,61.83,2026-08-16,2026-09-15,1855.0,61.83,30.0,365.0,t,20,48,78,353,2026-06-24,116,47,35,2024-02-23,2026-05-26,4.78,4.82,4.84,4.81,4.78,4.85,4.08,4,1
1462,1086558693142472206,2026-06-24,city scrape,Private Quiet Guest Room in Ottawa,556860599,Khan,2,5,2,4,"Ottawa, Canada",f,4,t,Osgoode,45.32711,-75.58698,Private room in home,Private room,2,1.5,2.0,1.0,54.97,2026-06-29,2026-07-29,1649.0,54.97,30.0,365.0,t,26,54,84,264,2026-06-24,103,40,46,2024-02-25,2026-06-05,4.7,4.78,4.82,4.77,4.68,4.68,3.63,4,1
1463,1087255214252912769,2026-06-24,city scrape,Britannia by the Beach,437665504,Taha,4,5,2,1,"Ottawa, Canada",f,1,t,Bay,45.35844,-75.8038,Entire home,Entire home/apt,6,1.4,3.0,4.0,333.98,2026-07-05,2026-07-08,1001.95,333.98,3.0,730.0,t,7,20,44,224,2026-06-24,29,19,19,2024-07-19,2026-06-14,4.86,4.9,5.0,4.97,4.69,4.69,1.23,1,1
1464,1087725128312423247,2026-06-24,city scrape,Cozy & Quite Room near Ottawa airport free parking,181600359,Mizpah,8,2,2,5,"Ottawa, Canada",t,5,t,Osgoode,45.32734,-75.58682,Private room in townhouse,Private room,2,1.5,2.0,1.0,48.37,2026-08-04,2026-09-03,1451.0,48.37,30.0,365.0,t,13,32,59,334,2026-06-24,110,37,63,2024-03-02,2026-02-18,4.85,4.89,4.9,4.92,4.75,4.84,3.91,5,0
1465,1087759732227893068,2026-06-24,city scrape,Beechwood 3 Bdr Apartment in House w/ Backyard,517709296,Sarah And Sy,3,0,3,0,"Ottawa, Canada",t,6,t,Rideau-Vanier,45.4433864,-75.6648396,Entire rental unit,Entire home/apt,5,1.0,3.0,3.0,92.09,2026-09-16,2026-10-16,2762.81,92.09,30.0,365.0,t,13,13,19,294,2026-06-24,7,2,3,2024-05-19,2026-02-01,5.0,5.0,5.0,5.0,4.86,4.86,0.27,5,5
1466,1089188819950345484,2026-06-24,city scrape,Elegant room with queen bed.,554049454,Tobby,2,5,2,4,"Ottawa, Canada",f,5,t,Rideau-Goulbourn,45.23578,-75.74811,Private room in home,Private room,2,1.0,2.0,1.0,86.0,2026-06-28,2026-06-29,86.0,86.0,1.0,365.0,t,19,49,79,354,2026-06-24,70,46,45,2024-02-21,2026-06-14,4.8,4.83,4.94,4.89,4.59,4.77,2.46,5,0
1467,1089388182362584859,2026-06-24,city scrape,"Private, Clean & Cozy suite nearby Ottawa Airport.",561598854,Chudamani,2,4,2,1,"Ottawa, Canada",t,1,t,Gloucester-South Nepean,45.32062,-75.60888,Private room in townhouse,Private room,2,1.0,2.0,1.0,86.0,2026-06-24,2026-06-25,86.0,86.0,1.0,29.0,t,22,51,81,81,2026-06-24,231,90,95,2024-04-27,2026-06-01,4.92,4.94,4.96,4.94,4.87,4.9,8.78,1,0
1468,1090065871974012324,2026-06-24,city scrape,Byward Market Ottawa Downtown,123965916,Diego,9,2,2,5,"Santiago de Querétaro, Mexico",f,1,t,Rideau-Vanier,45.4314238,-75.6939405,Entire loft,Entire home/apt,4,1.0,2.0,2.0,114.6,2026-06-25,2026-07-25,3438.0,114.6,30.0,365.0,t,29,59,89,179,2026-06-24,0,0,0,10,10,4.8,4.8,4.9,4.9,4.8,4.7,1.8,1,1
1469,1090619886373835738,2026-06-24,city scrape,Comfy and serene,53759948,Faith,10,5,1,11,"Ottawa, Canada",f,2,t,Barrhaven,45.24979711400237,-75.76119632684795,Private room in home,Private room,1,1.4,2.0,1.0,88.5,2026-06-25,2026-06-27,177.0,88.5,2.0,361.0,t,29,59,89,269,2026-06-24,5,5,5,2025-08-04,2025-10-31,4.6,4.8,4.6,4.6,4.2,4.4,0.46,2,0
1470,1090733431619232930,2026-06-24,city scrape,Large Room  With a Park View,72134631,Caroline,10,1,9,0,"Ottawa, Canada",f,3,t,Cumberland,45.44949,-75.46521,Private room in home,Private room,2,1.5,2.0,1.0,72.47,2026-07-02,2026-07-04,144.93,72.47,2.0,28.0,t,22,52,82,262,2026-06-24,26,10,10,2024-04-14,2026-05-17,4.65,4.62,4.81,4.73,4.69,4.46,0.97,3,0
1471,1091294418158300844,2026-07-02,previous scrape,Beautiful Home Family & Friends,503901171,Adam,3,3,3,3,"Ottawa, Canada",f,2,t,Stittsville-Kanata West,45.27606805708233,-75.91191568853634,Entire home,Entire home/apt,4,1.4,2.0,2.0,173.3,0000-00-00,"""0000-00-00""",2246.7,173.3,30.0,365.0,t,0,0,0,0,2026-07-02,1,0,0,2024-08-03,2024-08-03,5.0,5.0,5.0,5.0,5.0,5.0,0.04,2,2
1472,1091334796817883277,2026-06-24,city scrape,Ottawa’s Getaway & Family Space. Near Calypso Park,151392027,Yazeed,8,9,2,3,"Ottawa, Canada",f,1,t,Cumberland,45.33527177763232,-75.3605995793457,Farm stay,Entire home/apt,6,2.0,3.0,3.0,571.0,2026-06-29,2026-06-30,571.0,571.0,1.0,120.0,t,16,33,58,333,2026-06-24,82,36,48,2024-07-21,2026-06-13,4.52,4.5,4.76,4.79,4.8,4.54,3.49,1,1
1473,1092057949171246183,2026-06-24,city scrape,Elegant room with Queen bed.,554049454,Tobby,2,5,2,4,"Ottawa, Canada",f,5,t,Rideau-Goulbourn,45.23746,-75.74784,Private room in home,Private room,2,1.0,2.0,1.0,85.59,2026-06-28,2026-06-29,85.59,85.59,1.0,365.0,t,25,55,85,265,2026-06-24,50,22,21,2024-03-10,2026-06-09,4.58,4.64,4.74,4.6,4.54,4.56,1.79,5,0
1474,1092110312020195684,2026-06-24,city scrape,Nice room for long term rentals,423768453,Seynabou,4,9,3,5,"Ottawa, Canada",f,26,t,Beacon Hill-Cyrville,45.45153,-75.59727,Private room in rental unit,Private room,1,1.0,2.0,1.0,63.82,2026-06-25,2026-07-25,1914.55,63.82,30.0,365.0,t,29,59,89,269,2026-06-24,0,0,0,10,10,4.8,4.8,4.9,4.9,4.8,4.7,1.8,26,6
1475,1092977460604504007,2026-06-24,city scrape,"""OM Niwas"" - home away from home",557833309,Riti,2,5,2,2,"Ottawa, Canada",f,1,t,Gloucester-South Nepean,45.32364,-75.60002,Private room in home,Private room,2,1.0,2.0,1.0,115.0,2026-07-01,2026-07-02,115.0,115.0,1.0,90.0,t,23,34,36,117,2026-06-24,215,55,88,2024-04-10,2026-05-31,4.81,4.84,4.92,4.9,4.84,4.81,8.0,1,0
1476,1093037841985733233,2026-06-24,city scrape,Private Studio+Parking in Ottawa,323447276,Alireza,6,5,1,10,"Ottawa, Canada",f,1,t,Gloucester-South Nepean,45.3090686,-75.59285489999999,Entire home,Entire home/apt,2,1.0,2.0,1.0,120.0,2026-06-24,2026-06-25,120.0,120.0,1.0,1125.0,t,23,51,81,356,2026-06-24,121,66,56,2024-09-21,2026-06-10,4.79,4.84,4.93,4.93,4.76,4.77,5.65,1,1
1477,1093647160793052515,2026-06-24,city scrape,Modern Room-free parking & Wi-Fi,72134631,Caroline,10,1,9,0,"Ottawa, Canada",f,3,t,Cumberland,45.450263369908285,-75.46455213718984,Private room in home,Private room,2,1.5,2.0,1.0,79.5,2026-09-06,2026-09-08,159.0,79.5,2.0,28.0,t,0,0,16,16,2026-06-24,6,4,4,2024-07-17,2025-08-17,4.67,4.67,4.83,4.83,4.67,4.33,0.25,3,0
1478,1093661935602190543,2026-06-24,city scrape,Your Private BD/BR/Workspace.,72134631,Caroline,10,1,9,0,"Ottawa, Canada",f,3,t,Cumberland,45.44872,-75.46453,Private room in home,Private room,2,1.4,2.0,1.0,82.5,2026-06-29,2026-07-01,165.0,82.5,2.0,30.0,t,25,55,85,265,2026-06-24,53,21,27,2024-03-01,2026-06-16,4.83,4.87,4.92,4.87,4.89,4.87,1.88,3,0
1479,1094263582434320684,2026-06-24,city scrape,"Bungalow, Sofabed,free parking,BBQ, Netflix",189838415,Yusuf,8,1,2,4,"Ottawa, Canada",t,1,t,River,45.3874664,-75.72950639999999,Entire home,Entire home/apt,2,1.0,1.0,2.0,244.21,2026-08-03,2026-09-02,7326.21,244.21,30.0,365.0,t,25,51,81,261,2026-06-24,271,92,136,2024-03-02,2026-05-24,4.92,4.89,4.94,4.97,4.85,4.8,9.62,1,1
1480,1094440609771065320,2026-06-24,city scrape,Spacious basement suite with attached bathroom,288880135,Shajedul,6,9,2,10,"Ottawa, Canada",f,1,t,Stittsville-Kanata West,45.27288,-75.87905,Private room in home,Private room,2,1.0,2.0,1.0,86.0,2026-09-13,2026-09-15,172.0,86.0,2.0,29.0,t,1,1,10,10,2026-06-24,51,27,28,2024-03-06,2026-06-10,4.94,4.9,4.94,4.96,4.92,4.92,1.82,1,0
1481,1094551792453067994,2026-06-24,city scrape,1Bedroom Studio near Airport,464956870,Alvine,4,0,3,4,"Ottawa, Canada",f,1,t,Rideau-Goulbourn,45.23511999999999,-75.73288,Entire home,Entire home/apt,2,1.0,1.0,2.0,89.97,2026-06-25,2026-07-25,2699.07,89.97,30.0,365.0,t,29,59,89,269,2026-06-24,1,0,0,2024-02-29,2024-02-29,1.0,1.0,5.0,1.0,5.0,1.0,0.04,1,1
1482,1095035009826338644,2026-06-24,city scrape,*NEW Modern 3BDR Townhome in Kanata/Sitittsville*,90021588,Lorraine Williams,9,10,1,11,"Ottawa, Canada",t,1,t,Stittsville-Kanata West,45.28547,-75.92632,Entire townhouse,Entire home/apt,6,2.5,3.0,3.0,428.0,2026-07-12,2026-07-13,428.0,428.0,1.0,1125.0,t,3,15,39,216,2026-06-24,98,70,68,2024-10-18,2026-06-12,4.88,4.94,4.9,4.87,4.88,4.88,4.78,1,1
1483,1095315375634953153,2026-06-24,city scrape,"Elegant 3BR Home W/ Free Wi-Fi,Parking & Amenities",325284709,Kianu,6,5,2,3,"Ottawa, Canada",t,1,t,Osgoode,45.30623,-75.59331,Entire townhouse,Entire home/apt,6,1.4,3.0,3.0,341.0,2026-06-29,2026-07-01,682.0,341.0,2.0,365.0,t,5,8,23,101,2026-06-24,92,36,37,2024-03-05,2026-06-05,4.87,4.87,4.9,4.89,4.82,4.77,3.28,1,1
1484,1096292559114761368,2026-07-02,previous scrape,Natures finest home environment Room,548398380,Nwanneka,2,7,1,11,"Ottawa, Canada",f,1,t,Stittsville-Kanata West,45.27151019999999,-75.901138,Private room in townhouse,Private room,2,1.4,2.0,2.0,173.3,0000-00-00,"""0000-00-00""",2246.7,173.3,1.0,365.0,t,0,0,0,0,2026-07-02,5,1,0,2024-07-21,2026-01-14,4.6,4.8,4.6,4.4,5.0,4.6,0.21,1,0
1485,1098105309879649933,2026-06-24,city scrape,Room for Students/Professionals,423768453,Seynabou,4,9,3,5,"Ottawa, Canada",f,26,t,Beacon Hill-Cyrville,45.45174,-75.59856,Private room in rental unit,Private room,1,1.0,2.0,1.0,58.42,2026-06-25,2026-07-25,1752.62,58.42,30.0,365.0,t,29,59,89,269,2026-06-24,0,0,0,10,10,4.8,4.8,4.9,4.9,4.8,4.7,1.8,26,6
1486,1099567401750580292,2026-06-24,city scrape,"Modern, Private Basement Space",283833037,Halyna,6,10,6,10,"Ottawa, Canada",t,1,t,Gloucester-South Nepean,45.2664457,-75.69237919999999,Private room in home,Private room,2,1.0,2.0,1.0,166.0,2026-06-28,2026-06-29,166.0,166.0,1.0,365.0,t,7,21,34,213,2026-06-24,62,40,33,2024-04-14,2026-06-13,4.9,4.98,4.94,4.9,4.85,4.82,2.32,1,0
1487,1100865827449575231,2026-06-24,city scrape,Quiet Ottawa 1BR Suite | 30+ Day Stay | Parking,60964998,Emil,10,3,3,2,"Ottawa, Canada",f,1,t,Beacon Hill-Cyrville,45.42098,-75.60719,Entire guest suite,Entire home/apt,2,1.0,1.0,1.0,82.76,2026-08-31,2026-09-30,2482.7,82.76,30.0,1125.0,t,0,0,22,297,2026-06-24,3,1,0,2024-05-31,2026-05-31,5.0,4.67,5.0,5.0,4.67,4.67,0.12,1,1
1488,1101678353855749529,2026-06-24,city scrape,Pool side stay in Ottawa,58609238,Anna,10,4,0,1,"Ottawa, Canada",f,1,t,Knoxdale-Merivale,45.32690221533433,-75.70664812257013,Entire home,Entire home/apt,10,2.0,5.0,5.0,503.0,2026-07-04,2026-07-05,503.0,503.0,1.0,365.0,t,11,11,11,185,2026-06-24,2,2,0,2026-05-18,2026-06-21,4.5,4.5,4.5,5.0,4.5,4.5,1.58,1,1
1489,1103598476202685705,2026-07-02,previous scrape,Lansdowne Terrace Home,35859119,Kevin,11,0,2,0,"Ottawa, Canada",f,1,t,Capital,45.40032,-75.68455,Entire home,Entire home/apt,4,1.4,2.0,2.0,119.94,2027-02-01,2027-03-13,4797.67,119.94,40.0,365.0,t,0,1,1,152,2026-07-02,6,2,2,2024-09-07,2026-06-13,5.0,4.83,5.0,4.83,5.0,4.83,0.27,1,1
1490,1103664125921042689,2026-06-24,city scrape,Brand New Luxury 1 Bedroom Corner Suite,487657339,Charnelyn,3,7,3,7,"Ottawa, Canada",t,13,t,Somerset,45.4184152,-75.7052441,Entire condo,Entire home/apt,2,1.0,1.0,1.0,75.82,2026-08-03,2026-09-17,3412.0,75.82,30.0,365.0,t,3,23,53,185,2026-06-24,0,0,0,10,10,4.8,4.8,4.9,4.9,4.8,4.7,1.8,1,1
1491,1103931723426581850,2026-06-24,city scrape,Private room near Bayshore Mall.,455560137,Alan,4,2,3,10,"Ottawa, Canada",t,7,t,Bay,45.35235,-75.81103,Private room in townhouse,Private room,1,1.5,2.0,1.0,35.0,2026-06-24,2026-07-24,1050.0,35.0,30.0,365.0,t,30,60,90,365,2026-06-24,5,2,3,2024-03-09,2025-09-02,5.0,5.0,5.0,5.0,5.0,5.0,0.18,3,0
1492,1104288384965735204,2026-06-24,city scrape,Newly Renovated Apartment in Trendy Westboro,10876672,Michelle,12,5,12,4,"Ottawa, Canada",t,2,t,Kitchissippi,45.3851640880853,-75.74354300849089,Entire rental unit,Entire home/apt,2,1.0,1.0,1.0,148.0,2026-06-24,2026-06-25,148.0,148.0,1.0,365.0,t,7,23,28,55,2026-06-24,39,20,20,2024-04-28,2026-05-31,4.9,5.0,4.97,5.0,4.79,4.97,1.48,2,2
1493,1105175000370387009,2026-06-24,city scrape,Beautiful Rideau Canal Unit With Parking,56227747,Dimitri,10,4,9,5,"Ottawa, Canada",f,2,t,Capital,45.4141,-75.6812,Entire home,Entire home/apt,4,2.0,2.0,2.0,233.0,2026-07-26,2026-07-28,466.0,233.0,2.0,365.0,t,2,6,14,20,2026-06-24,161,77,77,2024-04-22,2026-06-09,4.81,4.85,4.83,4.83,4.77,4.75,6.08,2,2
1494,1105257768769507012,2026-06-24,city scrape,Spacious 4BR – 10 Min to HardRock & Downtown,77803336,Michel,10,0,2,2,"Ottawa, Canada",f,2,t,River,45.36576,-75.67226,Entire home,Entire home/apt,8,2.0,4.0,4.0,508.0,2026-07-04,2026-07-05,508.0,508.0,1.0,1125.0,t,8,30,53,53,2026-06-24,86,43,42,2024-05-06,2026-06-15,4.51,4.5,4.87,4.84,4.56,4.59,3.31,2,1
1495,1105302854775857935,2026-06-24,city scrape,Large Bedroom Close to Downtown,156920944,Roger,8,7,7,7,"Ottawa, Canada",t,1,t,Rideau-Vanier,45.4376533,-75.66257619999999,Private room in home,Private room,1,1.0,2.0,1.0,102.0,2026-11-09,2026-11-10,102.0,102.0,1.0,1125.0,t,0,0,0,132,2026-06-24,26,7,10,2024-03-31,2025-12-24,5.0,5.0,4.96,5.0,4.69,4.96,0.96,1,0
1496,1105987651107961359,2026-06-24,city scrape,Luxury 1 BR Downtown Ottawa,6237251,Joy,13,1,9,0,"Ottawa, Canada",t,13,t,Rideau-Vanier,45.4258639,-75.6882231,Entire condo,Entire home/apt,2,1.0,1.0,1.0,103.07,2026-06-24,2026-07-24,3092.0,103.07,30.0,365.0,t,30,60,90,311,2026-06-24,4,0,1,2024-06-01,2025-06-01,5.0,5.0,5.0,5.0,5.0,4.75,0.16,3,3
1497,1106157335566912861,2026-06-24,city scrape,"Cozy, smoke free furnished room",457687442,Sijo,4,1,2,3,"Ottawa, Canada",f,1,t,River,45.3471043,-75.66876359999999,Private room in home,Private room,1,3.0,2.0,1.0,173.3,2026-06-25,2026-07-25,2246.7,173.3,30.0,45.0,f,29,59,89,269,2026-06-24,0,0,0,10,10,4.8,4.8,4.9,4.9,4.8,4.7,1.8,1,0
1498,1106619682724374116,2026-06-24,city scrape,Your Home Away From Home,66467315,Ahmed,10,2,6,9,"Ottawa, Canada",t,3,t,River,45.38082,-75.72895,Entire home,Entire home/apt,4,1.0,1.0,3.0,89.92,2026-09-23,2026-10-23,2697.63,89.92,30.0,365.0,t,0,1,8,282,2026-06-24,1,0,0,2024-11-01,2024-11-01,5.0,5.0,5.0,5.0,5.0,5.0,0.05,2,2
1499,1107176277094953473,2026-07-02,previous scrape,Manotick Waterfront Cottage,534595149,Andrew,2,10,2,0,"Ottawa, Canada",t,1,t,Osgoode,45.18687436056978,-75.63329793512821,Entire home,Entire home/apt,6,1.4,2.0,2.0,173.3,0000-00-00,"""0000-00-00""",2246.7,173.3,1.0,7.0,t,0,0,0,0,2026-07-02,33,10,15,2024-06-23,2025-10-26,5.0,4.91,5.0,4.97,4.91,4.94,1.34,1,1
1500,1107987864121631600,2026-06-24,city scrape,Independent Studio Suite,82314466,Jas,9,11,4,7,"Ottawa, Canada",t,1,t,Stittsville-Kanata West,45.28109,-75.88536,Entire rental unit,Entire home/apt,2,1.0,1.0,2.0,146.53,2026-06-24,2026-06-26,293.05,146.53,1.0,1125.0,t,19,49,79,352,2026-06-24,161,63,80,2024-03-21,2026-06-18,4.86,4.91,4.91,4.87,4.86,4.83,5.85,1,1
1501,1108951120824221759,2026-06-24,city scrape,Little Italy Hideaway,487965545,Rayyan,3,7,2,2,"Ottawa, Canada",f,1,t,Somerset,45.39941,-75.70741,Entire rental unit,Entire home/apt,2,1.4,1.0,1.0,175.5,2026-07-19,2026-07-23,702.0,175.5,4.0,365.0,t,9,18,44,310,2026-06-24,17,5,1,2024-05-01,2026-05-19,4.76,4.88,4.76,4.71,4.82,4.76,0.65,2,2
1502,1109312587903506549,2026-06-24,city scrape,"Modern, spacious single family home+free parking",26562621,Cong,11,5,2,0,"Ottawa, Canada",f,1,t,Barrhaven,45.2530001,-75.7515816,Entire home,Entire home/apt,6,2.5,3.0,4.0,518.5,2026-09-05,2026-09-07,1037.0,518.5,2.0,60.0,t,2,2,19,19,2026-06-24,34,15,15,2024-06-23,2026-06-09,4.85,4.97,5.0,5.0,4.85,4.76,1.39,1,1
1503,1109765689930150462,2026-06-24,city scrape,Clean and cozy ensuite in a guest house,563319123,Atlanta,2,4,2,0,"Ottawa, Canada",f,1,t,Orleans,45.48032,-75.48852,Private room in townhouse,Private room,2,3.5,4.0,1.0,66.22,2026-06-25,2026-07-25,1986.58,66.22,30.0,365.0,t,29,59,89,269,2026-06-24,0,0,0,10,10,4.8,4.8,4.9,4.9,4.8,4.7,1.8,1,0
1504,1110945569123229830,2026-06-24,city scrape,Room in Ottawa - Master bedroom - private washroom,161395371,Divya,8,6,3,5,"Ottawa, Canada",f,2,t,Kanata South,45.27702,-75.83792,Private room in home,Private room,2,1.4,1.0,1.0,111.0,2026-06-25,2026-06-26,111.0,111.0,1.0,365.0,t,14,14,14,93,2026-06-24,41,0,9,2024-04-28,2025-06-17,4.66,4.59,4.9,4.83,4.73,4.68,1.56,2,0
1505,1111435397791824423,2026-06-24,city scrape,Ottawa Airy and Bright Home for NonSmoker,503296496,Runzhi,3,3,3,3,"Ottawa, Canada",f,2,t,Somerset,45.41305916084838,-75.69903649111096,Private room in home,Private room,1,1.0,1.0,1.0,178.8,2026-06-24,2026-07-24,5364.0,178.8,30.0,365.0,t,30,60,90,90,2026-06-24,7,0,0,2024-03-29,2024-07-28,4.86,5.0,5.0,4.86,4.86,4.57,0.26,2,1
1506,1111544581891548644,2026-06-24,city scrape,"Private floor with room, kitchenette, washroom",161395371,Divya,8,6,3,5,"Ottawa, Canada",f,2,t,Kanata South,45.27721,-75.83842,Private room in home,Private room,2,1.0,1.0,1.0,111.0,2026-06-28,2026-06-29,111.0,111.0,1.0,365.0,t,26,56,86,361,2026-06-24,82,26,31,2024-04-17,2026-05-28,4.56,4.7,4.9,4.87,4.78,4.67,3.08,2,0
1507,1111653128404340631,2026-06-24,city scrape,"Room in great location, with great atmosphere",259483765,Lui,7,1,7,1,"Ottawa, Canada",f,1,t,Bay,45.34583,-75.81877,Private room in home,Private room,1,2.0,2.0,1.0,51.63,2026-06-24,2026-07-24,1549.0,51.63,30.0,365.0,t,30,60,90,270,2026-06-24,0,0,0,10,10,4.8,4.8,4.9,4.9,4.8,4.7,1.8,1,0
1508,1112640872791534533,2026-07-02,previous scrape,"Entire Dwnt Home! The Don Club w/ Pking, Breakfast",84167741,Elodie,9,11,7,9,"Ottawa, Canada",f,4,t,Somerset,45.41608,-75.69886,Entire home,Entire home/apt,10,1.4,5.0,2.0,173.3,0000-00-00,"""0000-00-00""",2246.7,173.3,30.0,730.0,t,4,9,19,19,2026-07-02,4,1,2,2024-05-30,2025-08-04,5.0,5.0,5.0,5.0,4.5,4.75,0.16,1,1
1509,1112907675508301541,2026-06-24,city scrape,Basement studio with private entrance and parking,96090763,Mike,9,9,2,0,"Ottawa, Canada",t,1,t,Knoxdale-Merivale,45.32874,-75.76587,Entire rental unit,Entire home/apt,2,1.0,2.0,1.0,66.91,2026-12-19,2027-01-18,2007.16,66.91,30.0,365.0,t,0,0,0,187,2026-06-24,7,5,4,2024-10-01,2026-05-01,4.86,4.86,5.0,4.57,4.71,4.71,0.33,1,1
1510,1113764357122524639,2026-07-02,previous scrape,Magazine-Featured EX Model Home,229462726,Dawit,7,6,6,10,"Ottawa, Canada",f,1,t,Barrhaven,45.25620019999999,-75.7409644,Entire home,Entire home/apt,5,1.4,3.0,2.0,202.37,2026-08-28,2026-09-27,6071.03,202.37,30.0,365.0,t,2,5,35,35,2026-07-02,23,13,12,2024-05-13,2026-03-24,4.3,4.26,4.87,4.7,4.78,4.3,0.88,1,1
1511,1115519901643307666,2026-07-02,previous scrape,Private room in Ottawa,567811401,Adam,2,3,2,1,"Ottawa, Canada",t,2,t,College,45.34680729999999,-75.7863606,Private room in bungalow,Private room,1,1.4,1.0,2.0,173.3,0000-00-00,"""0000-00-00""",2246.7,173.3,1.0,1125.0,t,0,0,0,0,2026-07-02,45,0,2,2024-06-08,2025-02-22,4.82,4.84,4.8,4.93,4.82,4.82,1.79,2,0
1512,1117545790205253933,2026-06-24,city scrape,Modern Downtown Retreat,568282266,Maggie,2,3,2,3,"Ottawa, Canada",t,8,t,Rideau-Rockcliffe,45.45147,-75.63064,Entire home,Entire home/apt,6,3.5,3.0,3.0,220.03,2026-06-27,2026-07-27,6601.0,220.03,30.0,365.0,t,27,48,56,331,2026-06-24,4,2,2,2024-08-17,2025-09-08,5.0,4.75,5.0,4.75,5.0,5.0,0.18,5,5
1513,1118843347346029267,2026-06-24,city scrape,Private Cozy Room | Shared Bathroom | Smart TV,539697002,Leo,2,8,2,3,"Ottawa, Canada",f,6,t,Rideau-Goulbourn,45.2404842,-75.74468209999999,Private room in home,Private room,2,1.5,2.0,1.0,36.5,2026-08-02,2026-09-01,1095.12,36.5,30.0,365.0,t,1,22,52,52,2026-06-24,31,9,27,2024-04-12,2025-09-27,4.87,4.87,5.0,4.94,4.94,4.94,1.16,3,0
1514,1119008895795117050,2026-06-24,city scrape,Nice room for students/workers,423768453,Seynabou,4,9,3,5,"Ottawa, Canada",f,26,t,Beacon Hill-Cyrville,45.44951,-75.59891,Private room in rental unit,Private room,1,1.0,2.0,1.0,63.55,2026-06-25,2026-07-25,1906.6,63.55,30.0,365.0,t,29,59,89,89,2026-06-24,0,0,0,10,10,4.8,4.8,4.9,4.9,4.8,4.7,1.8,26,6
1515,1119685976462670681,2026-06-24,city scrape,Cozy two bedroom getaway!,249077110,Laurie,7,3,6,8,"Ottawa, Canada",f,1,t,Alta Vista,45.394088,-75.631506,Entire guest suite,Entire home/apt,3,1.4,2.0,2.0,84.94,2026-10-01,2026-10-31,2548.32,84.94,30.0,1125.0,t,2,13,13,274,2026-06-24,8,3,4,2024-06-14,2026-04-19,4.88,5.0,5.0,4.88,5.0,4.88,0.32,1,1
1516,1119774708129208572,2026-06-24,city scrape,"3 Bedroom, 1.5 bath Luxury Suite",568783482,Kelechi,2,3,2,2,"Ottawa, Canada",t,1,t,Gloucester-Southgate,45.36798,-75.635,Entire home,Entire home/apt,6,1.0,3.0,3.0,273.0,2026-07-04,2026-07-06,546.0,273.0,2.0,365.0,t,6,20,30,201,2026-06-24,106,45,47,2024-04-12,2026-06-19,4.88,4.94,5.0,4.98,4.83,4.77,3.96,1,1
1517,1119788613440059454,2026-06-24,city scrape,Modern house near Rideau canal,137655704,Allan,8,11,8,11,"Ottawa, Canada",t,3,t,Capital,45.40618,-75.6794,Entire home,Entire home/apt,3,1.0,2.0,2.0,356.6,2026-08-16,2026-08-21,1783.0,356.6,3.0,10.0,t,8,17,44,44,2026-06-24,14,7,10,2024-05-26,2026-05-18,4.93,5.0,5.0,5.0,5.0,4.64,0.55,3,1
1518,1122378128339320306,2026-07-02,previous scrape,Historic fun New Edinburgh Loft beside Rideau Hall,43765304,Sue,10,9,2,3,"Ottawa, Canada",t,1,t,Rideau-Rockcliffe,45.4420324,-75.6897929,Entire loft,Entire home/apt,2,1.4,1.0,2.0,173.3,0000-00-00,"""0000-00-00""",2246.7,173.3,1.0,30.0,t,0,0,0,0,2026-07-02,148,46,41,2024-04-04,2026-05-03,5.0,4.99,5.0,4.99,4.99,4.97,5.41,1,1
1519,1123347780541148962,2026-06-24,city scrape,Carlington New 2 Bedroom in West End,85297148,Short And Suite BnB,9,11,9,4,"Ottawa, Canada",t,51,t,River,45.37642818811418,-75.74041292873216,Entire rental unit,Entire home/apt,4,1.0,2.0,2.0,336.0,2026-06-30,2026-07-02,672.0,336.0,2.0,1125.0,t,18,41,43,43,2026-06-24,34,22,15,2024-04-19,2026-06-19,4.97,4.94,4.97,4.91,4.74,4.91,1.28,28,28
1520,1123793670663016267,2026-06-24,city scrape,One room In a shared apartment,442632961,Kelly,4,4,2,2,"Ottawa, Canada",f,1,t,Rideau-Vanier,45.4342836,-75.66881459999999,Private room in rental unit,Private room,1,1.0,2.0,1.0,48.67,2026-06-25,2026-07-25,1460.15,48.67,30.0,45.0,t,29,59,89,269,2026-06-24,0,0,0,10,10,4.8,4.8,4.9,4.9,4.8,4.7,1.8,1,0
1521,1126208662742746039,2026-06-24,city scrape,Private. Non-smoking.  No pets.,261074186,Dory,7,1,7,1,"Ottawa, Canada",t,2,t,Beacon Hill-Cyrville,45.44529,-75.60997,Entire rental unit,Entire home/apt,2,1.0,1.0,1.0,70.07,2026-06-28,2026-07-28,2102.0,70.07,30.0,1125.0,t,26,30,55,295,2026-06-24,89,23,34,2024-04-06,2026-05-25,4.74,4.79,4.84,4.87,4.79,4.61,3.3,2,2
1522,1126394735866681335,2026-06-24,city scrape,"Luxe Home | 2 King Beds, Theatre Room, Near Beach",43424548,Sean,10,9,4,6,"Ottawa, Canada",t,22,t,Kitchissippi,45.39979,-75.74575,Entire home,Entire home/apt,6,1.5,3.0,5.0,413.0,2026-07-04,2026-07-06,826.0,413.0,2.0,365.0,t,6,18,34,309,2026-06-24,36,24,16,2024-04-29,2026-06-10,4.86,4.86,5.0,4.97,4.97,4.78,1.37,7,7
1523,1126725581883291375,2026-06-24,city scrape,The Log Home at The Richmond Estate Winery,570376077,Michael,2,2,1,10,"Ottawa, Canada",f,1,t,Rideau-Goulbourn,45.13293,-75.91807,Entire home,Entire home/apt,8,2.5,3.0,3.0,541.0,2026-07-04,2026-07-06,1082.0,541.0,2.0,365.0,t,11,25,46,129,2026-06-24,13,10,6,2024-09-05,2026-05-18,5.0,5.0,5.0,4.92,5.0,4.85,0.59,1,1
1524,1126845020358747580,2026-06-24,city scrape,Entire House with 5 bedrooms and 8 beds,233000958,Ajibola,7,5,6,6,"Ottawa, Canada",f,6,t,Rideau-Goulbourn,45.23607,-75.74714,Entire home,Entire home/apt,10,3.5,5.0,8.0,860.0,2026-06-24,2026-06-25,860.0,860.0,1.0,365.0,t,23,53,83,184,2026-06-24,11,6,6,2024-04-27,2025-10-26,4.45,4.36,4.64,5.0,4.55,4.36,0.42,6,1
1525,1128199671789171857,2026-06-24,city scrape,Tribute House of Banksy,20870316,Jide,11,9,9,1,"Ottawa, Canada",f,1,t,Capital,45.4026038,-75.70463029999999,Entire home,Entire home/apt,2,1.0,1.0,2.0,72.9,2026-11-01,2026-12-01,2186.91,72.9,30.0,365.0,t,2,14,23,258,2026-06-24,80,21,27,2024-05-05,2026-06-05,4.69,4.7,4.84,4.61,4.7,4.79,3.07,1,1
1526,1128594115420513807,2026-06-24,city scrape,"Spacious & Comfortable 1BR Unit, Peaceful Setting",390103586,Fatemeh,5,3,2,2,"Ottawa, Canada",f,1,t,Barrhaven,45.28285,-75.73385,Entire home,Entire home/apt,2,1.0,1.0,1.0,103.0,2026-12-02,2026-12-06,412.0,103.0,4.0,1125.0,t,0,0,0,199,2026-06-24,17,5,9,2024-05-20,2025-09-30,4.88,4.94,4.88,5.0,5.0,5.0,0.67,1,1
1527,1129994545028912027,2026-07-02,previous scrape,Nice bedroom,567811401,Adam,2,3,2,1,"Ottawa, Canada",t,2,t,College,45.34752,-75.78685,Private room in home,Private room,1,1.4,1.0,2.0,173.3,0000-00-00,"""0000-00-00""",2246.7,173.3,1.0,1125.0,t,0,0,0,0,2026-07-02,35,0,5,2024-06-16,2025-02-25,4.83,4.83,4.86,4.91,4.71,4.83,1.41,2,0
1528,1129999866646522442,2026-06-24,city scrape,Modern & Cozy Hideaway,516078977,Patrick Landry,3,1,1,10,"Ottawa, Canada",t,1,t,Innes,45.45932579999999,-75.5159202,Entire home,Entire home/apt,4,1.0,2.0,2.0,185.5,2026-07-27,2026-07-29,371.0,185.5,2.0,1125.0,t,0,15,15,15,2026-06-24,46,24,26,2024-08-30,2026-06-21,4.83,4.93,4.98,4.93,4.91,4.87,2.08,1,1
1529,1130438852115973518,2026-06-24,city scrape,Luxury New Home in Findlay Creek,265455648,Valerie,7,0,2,1,"Ottawa, Canada",t,1,t,Osgoode,45.30793,-75.59061,Entire home,Entire home/apt,4,1.4,2.0,2.0,342.0,2026-07-01,2026-07-02,342.0,342.0,1.0,1125.0,t,3,14,31,297,2026-06-24,86,39,36,2024-05-12,2026-06-21,4.88,4.85,4.97,4.94,4.72,4.78,3.33,1,1
1530,1130498349278567607,2026-06-24,city scrape,Fully Furnished Clean & Cozy Private Bedroom,187592779,Wei,8,1,8,1,"Ottawa, Canada",t,7,t,Knoxdale-Merivale,45.35113,-75.70985,Private room in home,Private room,1,1.0,2.0,1.0,32.1,2026-12-31,2027-01-30,963.0,32.1,30.0,600.0,t,0,0,0,175,2026-06-24,0,0,0,10,10,4.8,4.8,4.9,4.9,4.8,4.7,1.8,6,0
1531,1130754716855672709,2026-06-24,city scrape,Belle grande chambre,571340805,Ratisbonne,2,2,2,2,"Ottawa, Canada",f,1,t,Gloucester-Southgate,45.34553,-75.66335,Private room in home,Private room,1,1.5,2.0,1.0,35.47,2026-06-25,2026-07-25,1064.0,35.47,30.0,36.0,t,29,59,89,269,2026-06-24,2,0,0,2024-10-26,2024-12-14,5.0,5.0,5.0,5.0,5.0,5.0,0.1,1,0
1532,1132620696751517092,2026-06-24,city scrape,Entire 2 Bedroom Basement Apartment,458983927,Samy,4,1,4,1,"Ottawa, Canada",f,5,t,Kanata South,45.27634,-75.83922,Entire rental unit,Entire home/apt,4,2.0,2.0,3.0,91.83,2026-08-01,2026-08-31,2755.0,91.83,30.0,365.0,t,0,22,52,327,2026-06-24,4,1,2,2024-06-30,2025-10-04,5.0,5.0,5.0,5.0,5.0,5.0,0.17,5,2
1533,1132661881590435722,2026-06-24,city scrape,"NEW spacious home steps from Tanger Outlet, CTC!",571797877,Hadi,2,2,2,1,"Ottawa, Canada",f,1,t,Stittsville-Kanata West,45.27454,-75.88312,Entire home,Entire home/apt,4,3.0,4.0,3.0,673.29,2026-06-25,2026-06-26,673.29,673.29,1.0,365.0,t,29,54,84,359,2026-06-24,0,0,0,10,10,4.8,4.8,4.9,4.9,4.8,4.7,1.8,1,1
1534,1132760784031479396,2026-06-24,city scrape,Peaceful House at Barrhaven Ottawa,553015304,Salwa,2,5,2,2,"Ottawa, Canada",f,1,t,Barrhaven,45.24964,-75.76071,Entire home,Entire home/apt,8,3.5,4.0,5.0,447.4,2026-07-12,2026-07-17,2237.0,447.4,5.0,365.0,t,16,38,68,68,2026-06-24,6,5,3,2024-09-15,2026-06-16,4.83,4.83,5.0,5.0,4.17,4.33,0.28,1,1
1535,1133664381380861960,2026-06-24,city scrape,*Heated Pool House By The Water + Hot Tub*,553593378,Curtis,2,5,2,2,"Ottawa, Canada",t,1,t,Orleans,45.4879807,-75.50756439999999,Entire home,Entire home/apt,6,2.0,3.0,3.0,533.5,2026-07-08,2026-07-10,1067.0,533.5,1.0,31.0,t,7,16,26,301,2026-06-24,63,37,30,2024-05-26,2026-06-21,4.86,4.79,4.94,4.87,4.87,4.73,2.49,1,1
1536,1133996432938301100,2026-07-02,previous scrape,Luxury Executive One Bedroom,508223971,Zoloti,3,2,3,2,"Ottawa, Canada",t,1,t,Somerset,45.4184152,-75.7052441,Entire condo,Entire home/apt,2,1.4,1.0,2.0,56.39,2026-08-31,2026-11-29,5074.95,56.39,90.0,1125.0,t,0,0,30,305,2026-07-02,9,3,4,2024-06-29,2026-01-21,5.0,5.0,5.0,5.0,5.0,4.89,0.37,3,3
1537,1134080066368363134,2026-07-02,previous scrape,Exquisite Room with Ensuite Bathroom with Smart TV,539697002,Leo,2,8,2,3,"Ottawa, Canada",f,6,t,Rideau-Goulbourn,45.24092,-75.74513,Private room in home,Private room,2,1.4,1.0,2.0,173.3,0000-00-00,"""0000-00-00""",2246.7,173.3,30.0,365.0,t,0,0,0,0,2026-07-02,49,6,28,2024-05-13,2026-05-07,4.49,4.61,4.86,4.86,4.55,4.45,1.88,3,0
1538,1134399387530111329,2026-07-02,previous scrape,Home in Ottawa,526598926,Arif,2,11,2,2,"Ottawa, Canada",f,1,t,College,45.32135,-75.83084,Entire home,Entire home/apt,6,1.4,3.0,2.0,173.3,0000-00-00,"""0000-00-00""",2246.7,173.3,4.0,365.0,t,0,0,0,0,2026-07-02,23,0,1,2024-04-23,2025-01-01,4.83,4.83,4.91,4.87,4.87,4.74,0.86,1,1
1539,1135445185665635666,2026-07-02,previous scrape,Little Italy Apartment,431787535,Darshanie,4,7,2,2,"Toronto, Canada",f,1,t,Somerset,45.39994,-75.71093,Private room in rental unit,Private room,1,1.4,2.0,2.0,46.09,2026-07-05,2026-10-31,5438.25,46.09,118.0,365.0,t,27,57,87,267,2026-07-02,0,0,0,10,10,4.8,4.8,4.9,4.9,4.8,4.7,1.8,1,0
1540,1135517042394689744,2026-06-24,city scrape,Your Comfortable Haven Away,64426327,Ruth & Mark,10,2,9,0,"Ottawa, Canada",t,1,t,College,45.3389,-75.74032,Entire rental unit,Entire home/apt,2,1.0,1.0,1.0,125.67,2026-08-10,2026-08-13,377.0,125.67,3.0,30.0,t,4,14,36,98,2026-06-24,117,58,56,2024-04-27,2026-06-21,4.99,4.98,4.97,4.98,4.93,4.97,4.45,1,1
1541,1135593063938253717,2026-06-24,city scrape,Modern apartment in Westboro Beach,146358702,Philip,8,10,2,0,"Ottawa, Canada",t,1,t,Kitchissippi,45.39435,-75.76014,Entire rental unit,Entire home/apt,3,1.0,1.0,1.0,183.0,2026-08-04,2026-08-06,366.0,183.0,1.0,100.0,t,1,3,27,296,2026-06-24,47,27,23,2024-06-22,2026-06-19,4.81,4.81,4.98,4.91,4.91,4.72,1.92,1,1
1542,1136200978189811398,2026-06-24,city scrape,"Hephzibah and Beulah, 1 masterbed and 1 bedroom.",549675094,Damola,2,6,2,5,"Ottawa, Canada",f,2,t,Barrhaven,45.27042,-75.76751,Private room in townhouse,Private room,4,2.0,2.0,2.0,126.27,2026-08-01,2026-08-31,3788.0,126.27,30.0,365.0,t,0,22,52,232,2026-06-24,21,4,5,2024-04-27,2025-08-24,4.48,4.52,4.67,4.38,4.67,4.52,0.8,2,0
1543,1136328754621385525,2026-06-24,city scrape,3 Bedroom Near Airport | Parking | Basement,52810809,Natalie,10,5,4,10,"Ottawa, Canada",f,31,t,Gloucester-Southgate,45.36802948498318,-75.61452225002523,Entire home,Entire home/apt,7,1.4,3.0,3.0,180.67,2026-07-24,2026-08-23,5420.0,180.67,30.0,364.0,t,0,30,60,335,2026-06-24,108,43,53,2024-04-22,2026-03-27,4.74,4.69,4.86,4.83,4.75,4.69,4.08,21,21
1544,1136949816440080006,2026-06-24,city scrape,Large Ottawa Summer House,107795196,Andrew,9,6,2,1,"Ottawa, Canada",f,1,t,Barrhaven,45.2520953,-75.7474543,Entire home,Entire home/apt,8,2.5,4.0,2.0,173.3,2026-06-25,2026-07-25,2246.7,173.3,30.0,32.0,f,29,59,89,269,2026-06-24,0,0,0,10,10,4.8,4.8,4.9,4.9,4.8,4.7,1.8,1,1
1545,1137622854528008870,2026-06-24,city scrape,Newly Renovated 3 Bedroom Suite w/ Parking | DT,450234698,Modern,4,3,4,3,"Ottawa, Canada",f,7,t,Rideau-Vanier,45.42997,-75.68284,Entire condo,Entire home/apt,6,1.0,3.0,3.0,330.94,2026-06-24,2026-06-25,330.94,330.94,1.0,365.0,t,15,38,68,243,2026-06-24,94,54,50,2024-04-28,2026-05-29,4.6,4.62,4.5,4.79,4.3,4.5,3.58,7,7
1546,1138339225278401434,2026-06-24,city scrape,Alta Vista Private Room,41956543,Jacob,10,10,2,2,"Ottawa, Canada",t,1,t,Alta Vista,45.38166756359493,-75.64637060901613,Entire home,Entire home/apt,2,1.0,1.0,1.0,134.0,2026-06-29,2026-06-30,134.0,134.0,1.0,20.0,t,10,18,34,190,2026-06-24,55,36,28,2024-05-03,2026-06-19,4.95,5.0,4.98,5.0,4.89,4.76,2.11,1,1
1547,1138537744594213971,2026-06-24,city scrape,Little Italy Comfy 1-Bedroom Apt,447315583,Andy,4,3,4,2,"Ottawa, Canada",t,2,t,Somerset,45.4092317,-75.7122507,Entire rental unit,Entire home/apt,2,1.0,1.0,2.0,82.59,2026-10-01,2026-10-31,2477.84,82.59,30.0,730.0,t,0,0,0,266,2026-06-24,7,3,5,2024-09-24,2025-12-13,4.71,4.71,5.0,4.71,4.57,4.71,0.33,2,2
1548,1138744787039329085,2026-06-24,city scrape,Kat House 1,3866792,Kathryn,13,8,13,8,"Ottawa, Canada",t,2,t,Rideau-Rockcliffe,45.4521098,-75.65882169999999,Private room in home,Private room,1,1.5,2.0,1.0,49.8,2026-06-27,2026-07-27,1494.0,49.8,30.0,365.0,t,27,57,87,177,2026-06-24,3,2,1,2024-10-31,2026-03-11,5.0,4.33,5.0,5.0,5.0,5.0,0.15,2,0
1549,1139025162469361745,2026-06-24,city scrape,Downtown Home for Nonsmokers,503296496,Runzhi,3,3,3,3,"Ottawa, Canada",f,2,t,Somerset,45.414694917618014,-75.69778742833506,Entire rental unit,Entire home/apt,2,1.0,1.0,1.0,205.6,2026-06-29,2026-07-04,1028.0,205.6,2.0,30.0,t,25,54,84,84,2026-06-24,0,0,0,10,10,4.8,4.8,4.9,4.9,4.8,4.7,1.8,2,1
1550,1139342082996523311,2026-07-02,previous scrape,Exec 3 Bed/2.5 Bath Townhouse/Kanata High Tech,27699005,Wei,11,4,7,5,"Ottawa, Canada",t,3,t,Kanata North,45.31888578877776,-75.9310331940651,Entire townhouse,Entire home/apt,6,1.4,3.0,2.0,173.3,0000-00-00,"""0000-00-00""",2246.7,173.3,30.0,360.0,t,1,24,24,24,2026-07-02,4,2,1,2024-07-16,2026-05-20,4.75,4.75,5.0,5.0,4.75,4.25,0.17,3,3
1551,1139878892689828088,2026-07-02,previous scrape,Cozy Single Family Home In Barrhaven,486965161,Mazba,3,7,1,11,"Toronto, Canada",f,1,t,Rideau-Goulbourn,45.233818,-75.7367178,Entire home,Entire home/apt,6,1.4,3.0,2.0,173.3,0000-00-00,"""0000-00-00""",2246.7,173.3,2.0,365.0,t,0,0,0,0,2026-07-02,61,30,41,2024-07-31,2026-02-28,4.79,4.8,4.95,4.9,4.84,4.74,2.61,1,1
1552,1140136510664963844,2026-06-24,city scrape,"Luxury 2 br, 1 bath Upper Unit and office space",524192963,Jack,2,11,2,1,"Ottawa, Canada",f,2,t,Orleans,45.4845396,-75.5170279,Entire rental unit,Entire home/apt,3,1.0,2.0,2.0,120.91,2026-11-02,2026-12-02,3627.15,120.91,30.0,180.0,t,0,0,0,168,2026-06-24,3,1,1,2024-10-09,2026-04-30,5.0,5.0,5.0,5.0,5.0,5.0,0.14,2,2
1553,1141300021993874829,2026-06-24,city scrape,Oasis a short walk from chaos,472303241,Gailene,3,10,0,10,"Ottawa, Canada",f,2,t,Rideau-Vanier,45.4338831,-75.68919009999999,Private room in bed and breakfast,Private room,1,0.5,2.0,1.0,82.21,2026-06-25,2026-07-25,2466.33,82.21,30.0,365.0,t,29,59,89,364,2026-06-24,0,0,0,10,10,4.8,4.8,4.9,4.9,4.8,4.7,1.8,2,0
1554,1141633243496898000,2026-06-24,city scrape,Chic Comfort - Workspace+PetFriendly+Backyard,13673377,Sarah,12,2,10,7,"Ottawa, Canada",t,1,t,Beacon Hill-Cyrville,45.42813,-75.60834,Entire guest suite,Entire home/apt,3,1.0,2.0,2.0,98.49,2026-08-01,2026-08-31,2954.6,98.49,30.0,365.0,t,0,22,33,33,2026-06-24,3,1,1,2024-09-07,2026-05-31,5.0,5.0,5.0,5.0,5.0,4.67,0.14,1,1
1555,1142067401040728205,2026-07-02,previous scrape,NEW Luxury 1 Bedroom,61161542,Maysa,10,4,9,0,"Ottawa, Canada",f,4,t,Somerset,45.418698480870646,-75.7050047814846,Entire condo,Entire home/apt,2,1.4,1.0,2.0,173.3,0000-00-00,"""0000-00-00""",2246.7,173.3,60.0,365.0,t,0,0,0,0,2026-07-02,0,0,0,10,10,4.8,4.8,4.9,4.9,4.8,4.7,1.8,3,3
1556,1142608067679044015,2026-07-02,previous scrape,"Modern, Cozy & Fully Equipped Downtown Condo",508223971,Zoloti,3,2,3,2,"Ottawa, Canada",t,1,t,Somerset,45.41819,-75.70568,Entire condo,Entire home/apt,2,1.4,1.0,2.0,93.3,2026-07-31,2026-10-29,8397.0,93.3,90.0,1125.0,t,1,31,61,336,2026-07-02,12,4,6,2024-06-20,2026-04-13,4.83,4.92,4.92,4.92,4.92,4.25,0.48,3,3
1557,1143515611157585006,2026-06-24,city scrape,"Cozy 1 bdr apt, Near downtown",265080488,Awa,7,0,2,1,"Ottawa, Canada",t,1,t,Rideau-Rockcliffe,45.43174013244772,-75.63824723862305,Entire rental unit,Entire home/apt,2,1.0,1.0,2.0,131.5,2026-07-05,2026-08-04,3944.85,131.5,30.0,60.0,t,19,49,79,354,2026-06-24,103,22,42,2024-05-04,2026-06-04,4.86,4.85,4.91,4.89,4.72,4.74,3.95,1,1
1558,1144297414003181936,2026-07-02,previous scrape,Eve private room,265894547,Evelyne,7,0,5,4,"Ottawa, Canada",f,3,t,Capital,45.40383,-75.67638,Private room in rental unit,Private room,2,1.4,2.0,2.0,173.3,0000-00-00,"""0000-00-00""",2246.7,173.3,30.0,365.0,t,0,0,0,0,2026-07-02,9,1,1,2024-06-20,2025-09-19,4.89,4.89,4.78,5.0,4.78,4.67,0.36,3,2
1559,1144978418187288162,2026-06-24,city scrape,Luxury GuestHouse - The Roy,27076237,Roy,11,4,9,8,"Ottawa, Canada",f,5,t,Beacon Hill-Cyrville,45.42438,-75.60116,Private room in home,Private room,2,1.5,1.0,2.0,173.3,2026-09-13,2026-10-13,2246.7,173.3,30.0,1125.0,t,6,23,43,318,2026-06-24,3,1,2,2024-06-28,2025-10-16,2.33,2.67,5.0,3.67,4.33,2.33,0.12,5,2
1560,1144986390171651221,2026-06-24,city scrape,Luxury GuestHouse - The Romie,27076237,Roy,11,4,9,8,"Ottawa, Canada",f,5,t,Beacon Hill-Cyrville,45.42324,-75.60179,Private room in home,Private room,2,1.5,1.0,2.0,173.3,2026-10-08,2026-11-07,2246.7,173.3,30.0,1125.0,t,8,19,38,311,2026-06-24,3,1,3,2025-01-07,2025-11-02,4.33,4.33,4.33,4.33,4.33,4.33,0.17,5,2
1561,1144990046705837907,2026-06-24,city scrape,Luxury GuestHouse - The Ralph,27076237,Roy,11,4,9,8,"Ottawa, Canada",f,5,t,Beacon Hill-Cyrville,45.42385,-75.60225,Private room in home,Private room,2,1.5,1.0,2.0,173.3,2026-09-12,2026-10-12,2246.7,173.3,30.0,1125.0,t,10,33,54,329,2026-06-24,4,2,3,2024-06-11,2025-07-10,4.75,4.75,5.0,5.0,5.0,4.5,0.16,5,2
1562,1145234708086870196,2026-06-24,city scrape,"Clean, Quiet, New Construction",230702201,Easy,7,6,7,6,"Ottawa, Canada",f,2,t,Somerset,45.41288,-75.69283,Entire rental unit,Entire home/apt,4,1.0,1.0,2.0,173.3,2026-06-25,2026-07-25,2246.7,173.3,30.0,365.0,f,29,59,89,269,2026-06-24,0,0,0,10,10,4.8,4.8,4.9,4.9,4.8,4.7,1.8,1,1
1563,1145632152764829668,2026-06-24,city scrape,Luxurious Room and Workspace,107026767,Amr,9,6,2,10,"Ottawa, Canada",f,3,t,Gloucester-South Nepean,45.32712,-75.60617,Private room in home,Private room,1,2.0,2.0,1.0,46.16,2026-06-25,2026-07-25,1384.93,46.16,30.0,365.0,t,29,59,89,269,2026-06-24,0,0,0,10,10,4.8,4.8,4.9,4.9,4.8,4.7,1.8,3,0
1564,1145831342312214566,2026-06-24,city scrape,Private and spacious 2-bedroom basement apartment,272032536,Rola,6,11,1,10,"Ottawa, Canada",f,1,t,Innes,45.44703,-75.52748,Entire guest suite,Entire home/apt,4,1.0,2.0,2.0,314.0,2026-06-28,2026-06-29,314.0,314.0,1.0,365.0,t,19,49,79,354,2026-06-24,36,19,23,2024-08-25,2026-06-14,4.92,4.89,4.94,4.92,4.78,4.83,1.61,1,1
1565,1145993294238504891,2026-06-24,city scrape,Comfy room with private bath close to everywhere,561050183,Bianca,2,4,2,1,"Ottawa, Canada",t,4,t,Gloucester-Southgate,45.35242,-75.61609,Private room in home,Private room,2,1.0,1.0,1.0,91.29,2026-06-25,2026-06-26,91.29,91.29,1.0,28.0,t,26,56,86,266,2026-06-24,80,38,39,2024-06-18,2026-06-21,4.93,4.93,4.99,4.99,4.85,4.93,3.26,4,0
1566,1146464728037294381,2026-06-24,city scrape,Cozy apartment long term rentals,423768453,Seynabou,4,9,3,5,"Ottawa, Canada",f,26,t,Beacon Hill-Cyrville,45.45166,-75.59743,Entire rental unit,Entire home/apt,4,1.0,2.0,2.0,149.87,2026-06-25,2026-07-25,4495.99,149.87,30.0,365.0,t,29,59,89,269,2026-06-24,0,0,0,10,10,4.8,4.8,4.9,4.9,4.8,4.7,1.8,26,6
1567,1147162221990912184,2026-06-24,city scrape,Stonebridge Golf Nest,560076072,Abiola,2,4,2,1,"Ottawa, Canada",t,2,t,Rideau-Goulbourn,45.24619,-75.71569,Entire home,Entire home/apt,8,2.5,4.0,4.0,514.0,2026-06-28,2026-06-29,514.0,514.0,1.0,1125.0,t,3,10,28,280,2026-06-24,96,67,58,2024-11-04,2026-06-11,4.93,4.96,4.96,4.92,4.77,4.82,4.82,1,1
1568,1147761520411068463,2026-06-24,city scrape,Comfortable airport oasis,86062475,Tenor,9,10,0,4,"Ottawa, Canada",f,1,t,Gloucester-South Nepean,45.283413792974166,-75.72166732909629,Private room in home,Private room,2,1.4,1.0,1.0,101.34,2026-06-29,2026-06-30,101.34,101.34,1.0,365.0,t,25,55,85,265,2026-06-24,0,0,0,10,10,4.8,4.8,4.9,4.9,4.8,4.7,1.8,1,0
1569,1148011024287557130,2026-06-24,city scrape,Room for long term rentals,423768453,Seynabou,4,9,3,5,"Ottawa, Canada",f,26,t,Beacon Hill-Cyrville,45.45137,-75.5976,Private room in rental unit,Private room,1,1.5,2.0,1.0,55.88,2026-06-25,2026-07-25,1676.52,55.88,30.0,365.0,t,29,59,89,269,2026-06-24,0,0,0,10,10,4.8,4.8,4.9,4.9,4.8,4.7,1.8,26,6
1570,1148857893912515310,2026-06-24,city scrape,Central Cozy & Modern Townhome,424502798,Riccardo,4,8,3,7,"Ottawa, Canada",f,5,t,Rideau-Rockcliffe,45.44982,-75.62792,Entire home,Entire home/apt,4,2.5,2.0,2.0,255.8,2026-08-07,2026-08-12,1279.0,255.8,5.0,365.0,t,5,16,43,216,2026-06-24,22,10,12,2024-07-16,2026-05-18,4.86,4.95,4.95,4.91,4.86,4.73,0.93,1,1
1571,1150121253127972986,2026-06-24,city scrape,Quiet home in a peaceful area!,575970008,Jade,2,1,2,1,"Ottawa, Canada",f,1,t,Rideau-Vanier,45.4297906,-75.6782152,Entire home,Entire home/apt,4,2.0,5.0,5.0,346.91,2026-06-25,2026-07-26,10754.12,346.91,31.0,31.0,t,29,59,89,89,2026-06-24,0,0,0,10,10,4.8,4.8,4.9,4.9,4.8,4.7,1.8,1,1
1572,1150253814579177457,2026-06-24,city scrape,"Clean, quiet, convenient; NO Cleaning Fees",438918454,Kannan,4,5,2,1,"Ottawa, Canada",t,1,t,Gloucester-South Nepean,45.3065344,-75.5978282,Entire rental unit,Entire home/apt,4,1.0,2.0,2.0,205.5,2026-07-19,2026-07-21,411.0,205.5,2.0,28.0,t,5,15,45,45,2026-06-24,75,41,36,2024-05-19,2026-06-21,4.99,4.99,4.99,4.99,4.88,4.97,2.93,1,1
1573,1150860079616391325,2026-07-02,previous scrape,Cozy 1 bedroom Town home,144680969,Edmond,8,10,3,7,"Ottawa, Canada",f,3,t,Barrhaven,45.24541,-75.74511,Entire home,Entire home/apt,2,1.4,1.0,2.0,173.3,0000-00-00,"""0000-00-00""",2246.7,173.3,15.0,365.0,t,0,0,0,0,2026-07-02,0,0,0,10,10,4.8,4.8,4.9,4.9,4.8,4.7,1.8,2,1
1574,1150984655365735086,2026-06-24,city scrape,"New, Modern, Cozy 3 BDR Home + Free Parking",576204845,Alain,2,1,1,10,"Ottawa, Canada",f,1,t,Rideau-Goulbourn,45.23807,-75.7478,Entire home,Entire home/apt,6,3.5,3.0,3.0,273.88,2026-06-29,2026-07-01,547.76,273.88,2.0,60.0,t,5,22,39,216,2026-06-24,97,47,60,2024-08-15,2026-06-08,4.93,4.93,4.97,4.93,4.81,4.9,4.29,1,1
1575,1152886230151713965,2026-06-24,city scrape,Entire Basement Ottawa-Orléans,576673959,Karu,2,1,2,1,"Ottawa, Canada",f,1,t,Cumberland,45.453401,-75.4667612,Entire home,Entire home/apt,4,1.0,2.0,3.0,173.3,2026-06-25,2026-07-25,2246.7,173.3,30.0,365.0,f,29,59,89,179,2026-06-24,0,0,0,10,10,4.8,4.8,4.9,4.9,4.8,4.7,1.8,1,1
1576,1153107520935815478,2026-06-24,city scrape,Urban Bungalow Downtown Ottawa* Free Parking,148457201,Allegria,8,9,5,7,"Ottawa, Canada",f,4,t,Alta Vista,45.3803537,-75.66738819999999,Entire home,Entire home/apt,6,1.0,3.0,2.0,302.5,2026-07-05,2026-07-07,605.0,302.5,2.0,365.0,t,10,22,29,269,2026-06-24,34,14,16,2024-05-31,2026-06-14,4.53,4.53,4.85,4.82,4.59,4.53,1.35,3,3
1577,1153728446727442629,2026-06-24,city scrape,Private room in apartment-Female only,419672411,Precia,4,10,2,1,"Ottawa, Canada",f,1,t,Kanata North,45.31496671707029,-75.9341213770546,Private room in rental unit,Private room,1,1.0,1.0,1.0,53.61,2026-07-01,2026-07-31,1608.38,53.61,30.0,120.0,t,23,53,83,173,2026-06-24,0,0,0,10,10,4.8,4.8,4.9,4.9,4.8,4.7,1.8,1,0
1578,1154568319055831971,2026-06-24,city scrape,Heated Salt Pool | Luxury 5 Bed | Central Location,52810809,Natalie,10,5,4,10,"Ottawa, Canada",f,31,t,College,45.34668,-75.7406,Entire home,Entire home/apt,10,3.0,5.0,5.0,404.9,2026-08-29,2026-09-28,12147.0,404.9,30.0,364.0,t,9,9,33,308,2026-06-24,5,2,1,2024-06-19,2026-05-31,5.0,5.0,5.0,5.0,5.0,4.8,0.2,21,21
1579,1154619518035102488,2026-06-24,city scrape,Cozy Bedroom with TV+Workspace,577065056,Elvis,2,1,1,9,"Ottawa, Canada",f,4,t,Innes,45.43025,-75.52349,Private room in townhouse,Private room,2,1.0,2.0,1.0,80.0,2026-06-29,2026-06-30,80.0,80.0,1.0,365.0,t,4,23,53,143,2026-06-24,62,39,29,2024-09-11,2026-06-14,4.66,4.65,4.74,4.74,4.6,4.65,2.85,4,0
1580,1155392957281256397,2026-06-24,city scrape,The Side Door - open concept basement apartment,132713327,Ng,9,0,2,7,"Ottawa, Canada",t,1,t,Knoxdale-Merivale,45.3543702232809,-75.7182182166012,Entire rental unit,Entire home/apt,2,1.0,2.0,2.0,171.33,2026-06-29,2026-07-02,514.0,171.33,2.0,10.0,t,15,45,75,165,2026-06-24,101,40,44,2024-05-20,2026-06-03,4.97,4.99,4.99,4.98,4.9,4.92,3.96,1,1
1581,1155792270008327693,2026-06-24,city scrape,Luxurious waterfront house/cottage on Ottawa river,89419637,Sonia,9,10,2,1,"Ottawa, Canada",f,1,t,West Carleton-March,45.48512,-76.03012,Entire home,Entire home/apt,10,2.5,5.0,5.0,1112.0,2026-07-14,2026-07-16,2224.0,1112.0,2.0,15.0,t,3,4,11,85,2026-06-24,16,7,9,2024-06-23,2025-08-27,4.75,4.88,5.0,5.0,4.88,4.75,0.66,1,1
1582,1155997040190051170,2026-06-24,city scrape,"Entire Deluxe Home in Ottawa, Canada",283754633,Purushothanan,6,10,2,1,"Ottawa, Canada",f,2,t,Gloucester-South Nepean,45.30941,-75.59131,Entire home,Entire home/apt,10,3.0,5.0,5.0,738.39,2026-06-24,2026-07-22,20675.0,738.39,28.0,365.0,t,30,60,90,270,2026-06-24,0,0,0,10,10,4.8,4.8,4.9,4.9,4.8,4.7,1.8,1,1
1583,1156554594008559361,2026-06-24,city scrape,Warm and Cozy,259987777,Alejandra,7,1,3,5,"Ottawa, Canada",f,1,t,College,45.35165,-75.74166,Entire home,Entire home/apt,6,1.0,4.0,6.0,173.3,2026-06-25,2026-07-25,2246.7,173.3,30.0,365.0,f,29,59,89,269,2026-06-24,0,0,0,10,10,4.8,4.8,4.9,4.9,4.8,4.7,1.8,1,1
1584,1157499417899485476,2026-06-24,city scrape,Stunning with no back neighbour,568282266,Maggie,2,3,2,3,"Ottawa, Canada",t,8,t,Barrhaven,45.25124,-75.75851,Entire home,Entire home/apt,8,3.5,4.0,4.0,256.63,2026-07-11,2026-08-10,7699.0,256.63,30.0,365.0,t,13,43,73,253,2026-06-24,5,2,3,2024-07-15,2026-04-07,4.8,5.0,5.0,4.6,4.8,4.8,0.21,5,5
1585,1158256400224096193,2026-06-24,city scrape,Beautiful suite in Ottawa,577992036,Dilina,2,1,2,1,"Ottawa, Canada",f,3,t,Rideau-Goulbourn,45.24771,-75.71431,Private room in home,Private room,2,1.0,1.0,1.0,130.0,2026-07-05,2026-07-07,260.0,130.0,1.0,1125.0,t,19,49,79,169,2026-06-24,162,48,71,2024-05-19,2026-06-02,4.69,4.85,4.8,4.8,4.7,4.64,6.34,2,0
1586,1158820826748428083,2026-06-24,city scrape,Little Italy: Private room w/ mini-fridge,125531677,Anas,9,2,4,5,"Ottawa, Canada",f,3,t,Somerset,45.3994,-75.70996,Private room in home,Private room,1,1.0,2.0,1.0,78.0,2026-06-29,2026-07-01,156.0,78.0,2.0,1125.0,t,17,32,32,68,2026-06-24,69,32,29,2024-05-23,2026-06-02,4.67,4.72,4.81,4.8,4.68,4.57,2.71,3,0
1587,1159801112793376637,2026-06-24,city scrape,Beautiful room in Ottawa with Private bathroom,577992036,Dilina,2,1,2,1,"Ottawa, Canada",f,3,t,Rideau-Goulbourn,45.24688,-75.71367,Private room in home,Private room,2,1.0,1.0,1.0,94.5,2026-06-30,2026-07-02,189.0,94.5,2.0,730.0,t,22,52,82,172,2026-06-24,98,36,48,2024-05-26,2026-05-24,4.77,4.79,4.83,4.83,4.72,4.69,3.87,2,0
1588,1160424708827463955,2026-07-02,previous scrape,Single house in Barrhaven,578525278,Foujan,2,1,2,1,"Ottawa, Canada",t,1,t,Barrhaven,45.2573918,-75.7345374,Entire home,Entire home/apt,6,1.4,4.0,2.0,173.3,0000-00-00,"""0000-00-00""",2246.7,173.3,30.0,180.0,t,0,0,0,0,2026-07-02,72,41,45,2024-08-02,2026-03-12,4.89,4.96,4.97,4.94,4.89,4.92,3.09,1,1
1589,1161558420766819484,2026-06-24,city scrape,"Spacious Reno'd 2 Bed, Near DTWN",150407358,Geo,8,9,2,2,"Ottawa, Canada",t,2,t,Rideau-Vanier,45.441152,-75.6713439,Entire rental unit,Entire home/apt,4,1.0,2.0,2.0,139.91,2026-08-18,2026-09-17,4197.39,139.91,30.0,100.0,t,0,5,35,215,2026-06-24,2,0,0,2024-07-19,2024-09-29,5.0,5.0,5.0,5.0,4.5,5.0,0.08,2,2
1590,1162250758981976092,2026-06-24,city scrape,Home in Stittsville,579015011,Abigail,2,1,2,0,"Ottawa, Canada",t,1,t,Rideau-Goulbourn,45.2476,-75.90197,Private room in home,Private room,4,1.0,1.0,2.0,149.0,2026-06-24,2026-06-25,149.0,149.0,1.0,730.0,t,30,60,90,365,2026-06-24,29,12,16,2024-06-19,2026-06-11,4.66,4.69,4.79,4.76,4.83,4.62,1.18,1,0
1591,1162408990915506994,2026-06-24,city scrape,Whispering Timber Suite,29379861,Ben,11,3,2,1,"Ottawa, Canada",t,1,t,Cumberland,45.34559,-75.49596,Entire rental unit,Entire home/apt,3,1.0,1.0,2.0,149.0,2026-07-06,2026-07-07,149.0,149.0,1.0,29.0,t,3,4,29,49,2026-06-24,149,66,71,2024-05-26,2026-06-21,4.99,4.97,4.98,4.99,4.89,4.95,5.88,1,1
1592,1163217628678772865,2026-06-24,city scrape,Modern 2023 Home in Ottawa — Sleeps 8,8680095,Betty,12,9,7,8,"Ottawa, Canada",t,5,t,Rideau-Vanier,45.43856,-75.66409,Entire home,Entire home/apt,8,3.5,4.0,4.0,742.0,2026-06-28,2026-06-30,1484.0,742.0,2.0,365.0,t,19,32,54,327,2026-06-24,41,24,24,2024-08-25,2026-06-10,4.83,4.88,4.95,4.93,4.37,4.68,1.84,5,1
1593,1163307898847624962,2026-06-24,city scrape,Gorgeous Room (queen)+private bathroom,446166228,Ernesto,4,4,4,4,"Ottawa, Canada",f,7,t,Rideau-Vanier,45.4268557,-75.68583799999999,Room in hotel,Private room,2,1.0,1.0,1.0,286.0,2026-06-27,2026-06-28,286.0,286.0,1.0,1125.0,t,20,43,52,192,2026-06-24,88,29,35,2024-05-31,2026-06-02,4.82,4.91,4.92,4.85,4.52,4.72,3.5,7,0
1594,1163316363356849647,2026-06-24,city scrape,Lovely 2-bed App Downtown Ottawa 31C,41604531,Sam,10,10,9,4,"Ottawa, Canada",f,20,t,Rideau-Vanier,45.43028,-75.68278,Entire rental unit,Entire home/apt,4,1.4,2.0,2.0,166.0,2026-07-08,2026-07-09,166.0,166.0,1.0,365.0,t,1,4,19,179,2026-06-24,54,33,0,2024-07-14,2026-06-15,4.65,4.78,4.93,4.85,4.13,4.61,2.28,20,20
1595,1164346567670586746,2026-06-24,city scrape,Luxurious Private Suite,92518082,Babak,9,9,2,7,"Ottawa, Canada",t,5,t,Kitchissippi,45.4036718,-75.7261029,Entire guest suite,Entire home/apt,2,1.0,1.0,1.0,131.5,2026-07-18,2026-07-20,263.0,131.5,2.0,365.0,t,6,11,11,84,2026-06-24,212,114,126,2024-07-05,2026-06-20,4.85,4.87,4.93,4.95,4.83,4.79,8.83,2,2
1596,1164472470674451400,2026-06-24,city scrape,Lovely Place Downtown Ottawa 37D,41604531,Sam,10,10,9,4,"Ottawa, Canada",f,20,t,Rideau-Vanier,45.42913,-75.68274,Entire rental unit,Entire home/apt,4,1.4,2.0,2.0,166.0,2026-07-02,2026-07-03,166.0,166.0,1.0,365.0,t,5,8,20,283,2026-06-24,138,91,87,2024-09-13,2026-06-15,4.71,4.78,4.81,4.94,4.33,4.67,6.37,20,20
1597,1164964710928507485,2026-06-24,city scrape,Lovely Place Downtown Ottawa 22D,41604531,Sam,10,10,9,4,"Ottawa, Canada",f,20,t,Rideau-Vanier,45.42703,-75.68864,Entire rental unit,Entire home/apt,2,1.0,1.0,1.0,152.0,2026-06-29,2026-06-30,152.0,152.0,1.0,365.0,t,3,9,18,249,2026-06-24,94,63,49,2024-09-03,2026-06-21,4.79,4.83,4.94,4.95,4.62,4.8,4.27,20,20
1598,1165468864133424569,2026-06-24,city scrape,OCD clean townhouse 2 bedroom + balcony (king bed),451316203,Ricardo,4,2,1,4,"Ottawa, Canada",t,1,t,Cumberland,45.45014744035887,-75.4804924921457,Entire home,Entire home/apt,4,2.5,2.0,2.0,127.62,2026-10-10,2026-11-09,3828.48,127.62,30.0,365.0,t,0,0,0,162,2026-06-24,3,2,2,2025-06-08,2026-05-03,5.0,5.0,5.0,5.0,4.67,4.33,0.24,1,1
1599,1165970896955527106,2026-06-24,city scrape,Free Parking | Small Studio | Downtown,450234698,Modern,4,3,4,3,"Ottawa, Canada",f,7,t,Rideau-Vanier,45.42848,-75.68365,Entire rental unit,Entire home/apt,2,1.0,2.0,1.0,297.0,2026-06-27,2026-06-28,297.0,297.0,1.0,365.0,t,12,36,52,232,2026-06-24,39,27,24,2024-06-04,2026-06-01,4.72,4.82,4.85,4.9,4.54,4.59,1.56,7,7
1600,1166160859933378496,2026-06-24,city scrape,Modern 2 Bedroom Guest Suite - River Walk,536353527,Ron,2,9,2,0,"Ottawa, Canada",t,1,t,Beacon Hill-Cyrville,45.4599,-75.60465,Entire guest suite,Entire home/apt,4,1.0,2.0,3.0,296.0,2026-06-30,2026-07-01,296.0,296.0,1.0,28.0,t,11,33,63,153,2026-06-24,103,58,55,2024-06-09,2026-06-21,4.83,4.85,4.89,4.9,4.82,4.77,4.14,1,1
1601,1166808495343500050,2026-06-24,city scrape,Lovely App Downtown Ottawa 29D,41604531,Sam,10,10,9,4,"Ottawa, Canada",f,20,t,Rideau-Vanier,45.42678,-75.68725,Entire rental unit,Entire home/apt,2,1.0,1.0,2.0,141.0,2026-06-25,2026-06-26,141.0,141.0,1.0,365.0,t,6,20,42,299,2026-06-24,100,59,68,2024-09-21,2026-06-12,4.48,4.53,4.82,4.85,4.54,4.34,4.67,20,20
1602,1167008967593240167,2026-06-24,city scrape,Beautiful Room in Boutique In,446166228,Ernesto,4,4,4,4,"Ottawa, Canada",f,7,t,Rideau-Vanier,45.4272,-75.68617,Room in boutique hotel,Private room,1,1.0,1.0,1.0,173.0,2026-07-04,2026-07-05,173.0,173.0,1.0,1125.0,t,12,42,54,135,2026-06-24,70,29,36,2024-06-02,2026-05-22,4.8,4.86,4.89,4.83,4.63,4.76,2.79,7,0
1603,1167574881102361302,2026-06-24,city scrape,Belle grande chambre avec toilette adjacente,2224712,Viviana,14,1,14,1,"Ottawa, Canada",t,1,t,Rideau-Vanier,45.44033,-75.65861,Private room in home,Private room,2,1.0,1.0,1.0,137.0,2026-06-30,2026-07-01,137.0,137.0,1.0,7.0,t,19,26,44,116,2026-06-24,21,15,14,2024-08-23,2026-05-28,5.0,5.0,5.0,5.0,4.95,4.95,0.94,1,0
1604,1168670561711560892,2026-06-24,city scrape,Spacious Private Bedroom in a Cozy Home (Right),129487127,Luke,9,1,4,2,"Toronto, Canada",f,3,t,Barrhaven,45.29284,-75.73654,Private room in home,Private room,1,1.0,2.0,1.0,29.07,2026-08-25,2026-09-24,872.1,29.07,30.0,365.0,t,0,0,28,303,2026-06-24,3,1,1,2024-07-31,2025-07-12,5.0,5.0,5.0,5.0,5.0,5.0,0.13,2,0
1605,1168745485338796048,2026-06-24,city scrape,One-Bedroom Unit in Central Location!,246357206,Mayse,7,3,2,0,"Ottawa, Canada",t,1,t,College,45.3474801,-75.7686487,Entire rental unit,Entire home/apt,2,1.0,1.0,1.0,167.0,2026-07-01,2026-07-02,167.0,167.0,1.0,1125.0,t,12,13,13,23,2026-06-24,94,49,41,2024-06-09,2026-06-17,4.82,4.81,4.98,4.93,4.84,4.66,3.78,1,1
1606,1168791239261981821,2026-06-24,city scrape,Downtown haven with Free Parking,148457201,Allegria,8,9,5,7,"Ottawa, Canada",f,4,t,Alta Vista,45.38124,-75.66633,Entire home,Entire home/apt,4,1.0,2.0,4.0,228.5,2026-07-05,2026-07-07,457.0,228.5,2.0,365.0,t,11,21,27,267,2026-06-24,38,14,19,2024-08-17,2026-06-20,4.79,4.79,4.87,4.89,4.79,4.58,1.68,3,3
1607,1169020768036298590,2026-06-24,city scrape,Tiny room across OttawaU,510569116,Carlos,3,2,3,2,"Ottawa, Canada",f,47,t,Rideau-Vanier,45.42401388733164,-75.67882559170178,Private room in rental unit,Private room,1,2.0,2.0,1.0,61.38,2026-06-25,2026-07-25,1841.43,61.38,30.0,365.0,t,29,59,89,269,2026-06-24,0,0,0,10,10,4.8,4.8,4.9,4.9,4.8,4.7,1.8,26,0
1608,1169059708122380171,2026-06-24,city scrape,The River Retreat on the Rideau,179250492,Marlene,8,3,6,8,"Ontario, Canada",t,1,t,Osgoode,45.1740456,-75.624236,Entire home,Entire home/apt,8,2.0,4.0,4.0,485.0,2026-06-28,2026-06-29,485.0,485.0,1.0,28.0,t,9,15,22,278,2026-06-24,99,64,65,2024-11-17,2026-06-22,4.96,4.97,4.92,4.99,4.93,4.87,5.08,1,1
1609,1169767832143292497,2026-06-24,city scrape,Male room in spacious apartment,13926113,Sergio,12,2,1,10,"Toronto, Canada",t,1,t,Rideau-Vanier,45.4306718,-75.6632249,Private room in rental unit,Private room,1,1.0,2.0,1.0,40.02,2026-11-23,2026-12-23,1200.64,40.02,30.0,365.0,t,0,0,0,213,2026-06-24,5,4,4,2025-05-31,2026-05-03,5.0,5.0,5.0,5.0,4.8,4.6,0.38,1,0
1610,1170336748861483350,2026-06-24,city scrape,"Master Ensuite Room, Ottawa Airport  free parking.",181600359,Mizpah,8,2,2,5,"Ottawa, Canada",t,5,t,Osgoode,45.3267693,-75.58621049999999,Private room in townhouse,Private room,2,1.0,2.0,1.0,56.2,2026-06-25,2026-07-25,1686.0,56.2,30.0,365.0,t,29,59,89,364,2026-06-24,78,25,55,2024-06-30,2026-04-26,4.79,4.83,4.92,4.87,4.81,4.79,3.23,5,0
1611,1170552138767395255,2026-06-24,city scrape,Small Private room in Bayshore.,455560137,Alan,4,2,3,10,"Ottawa, Canada",t,7,t,Bay,45.35216,-75.81072,Private room in townhouse,Private room,1,1.0,2.0,1.0,33.19,2026-06-24,2026-07-24,995.56,33.19,30.0,365.0,t,30,60,90,365,2026-06-24,7,5,4,2024-07-31,2026-05-29,5.0,5.0,5.0,5.0,5.0,5.0,0.3,3,0
1612,1170597081337173044,2026-06-24,city scrape,Modern Comfort | 2 Bedroom Townhouse |Free Parking,450234698,Modern,4,3,4,3,"Ottawa, Canada",f,7,t,Rideau-Vanier,45.43932,-75.66047,Entire home,Entire home/apt,6,1.5,2.0,4.0,99.95,2026-07-15,2026-08-14,2998.4,99.95,30.0,365.0,t,9,39,69,249,2026-06-24,17,1,1,2024-06-07,2026-05-17,4.71,4.71,4.65,4.47,4.59,4.59,0.68,7,7
1613,1171219107005438180,2026-06-24,city scrape,Adorable Room in Boutique Inn,446166228,Ernesto,4,4,4,4,"Ottawa, Canada",f,7,t,Rideau-Vanier,45.42690079855564,-75.68584341555834,Room in boutique hotel,Private room,1,1.0,1.0,1.0,132.0,2026-06-29,2026-06-30,132.0,132.0,1.0,1125.0,t,20,48,66,66,2026-06-24,73,25,41,2024-06-09,2026-05-31,4.74,4.82,4.89,4.78,4.77,4.73,2.94,7,0
1614,1171461403490510825,2026-06-24,city scrape,Charming Westboro Home with Pool,37253652,Ameer,10,11,8,11,"Ottawa, Canada",f,10,t,Kitchissippi,45.38553,-75.74234,Entire home,Entire home/apt,6,1.0,3.0,3.0,273.59,2026-08-28,2026-09-27,8207.83,273.59,30.0,365.0,t,0,0,25,205,2026-06-24,4,2,2,2024-09-02,2026-03-02,4.75,4.75,5.0,5.0,4.75,4.75,0.18,9,9
1615,1171629470611956191,2026-06-24,city scrape,"2 Bed, 2 baths in Orleans",522919165,Suhani,2,11,2,9,"Ottawa, Canada",t,7,t,Cumberland,45.45127,-75.47037,Private room in rental unit,Private room,6,2.0,2.0,2.0,227.0,2026-07-06,2026-07-08,454.0,227.0,2.0,1125.0,t,12,28,52,232,2026-06-24,11,10,7,2025-05-15,2026-06-01,5.0,4.91,5.0,5.0,5.0,4.73,0.81,3,0
1616,1171716921772380991,2026-06-24,city scrape,Bright 1-Bedroom in Shared Luxury Condo,394601942,Maria,5,2,2,0,"Ottawa, Canada",f,1,t,Rideau-Vanier,45.42918,-75.68749,Private room in condo,Private room,1,1.0,2.0,2.0,99.41,2026-06-27,2026-07-27,2982.25,99.41,30.0,365.0,t,27,57,87,267,2026-06-24,7,0,1,2024-08-25,2025-01-06,3.86,4.0,4.57,4.43,4.43,3.71,0.31,1,0
1617,1172014786552007258,2026-06-24,city scrape,The Pizzicato: Comfort and Convenience,66190971,Luis,10,2,4,8,"Gatineau, Canada",t,64,t,Innes,45.42948,-75.52068,Entire home,Entire home/apt,6,2.0,3.0,4.0,373.67,2026-07-10,2026-07-13,1121.0,373.67,2.0,365.0,t,6,22,42,312,2026-06-24,53,34,25,2024-06-25,2026-05-25,4.98,5.0,4.94,4.98,4.89,4.89,2.18,26,26
1618,1172060240218007255,2026-06-24,city scrape,Luxury Modern Home - Airport,581610741,Ali,2,0,2,0,"Ottawa, Canada",t,1,t,Gloucester-Southgate,45.34287,-75.62644,Entire home,Entire home/apt,8,2.5,4.0,6.0,625.36,2026-06-24,2026-06-25,625.36,625.36,1.0,1125.0,t,13,38,52,327,2026-06-24,75,39,27,2024-06-19,2026-06-14,4.92,4.89,4.99,4.99,4.93,4.77,3.06,1,1
1619,1172636850213655569,2026-06-24,city scrape,Quiet & cozy bedroom (#2) w parking near downtown,231872283,Simran,7,6,2,0,"Ottawa, Canada",t,3,t,Rideau-Rockcliffe,45.4474,-75.63161,Private room in home,Private room,1,1.0,2.0,1.0,132.0,2026-06-25,2026-06-26,132.0,132.0,1.0,365.0,t,26,56,86,176,2026-06-24,157,49,55,2024-06-09,2026-06-17,4.83,4.83,4.88,4.85,4.73,4.75,6.31,3,0
1620,1173236688897452981,2026-06-24,city scrape,4Rooms-5Beds | Single Home Near Airport | Hot Tub,55315137,Paul,10,5,2,0,"Ottawa, Canada",t,1,t,Gloucester-South Nepean,45.321955,-75.5972128,Entire home,Entire home/apt,8,2.5,4.0,5.0,656.18,2026-06-30,2026-07-02,1312.35,656.18,1.0,364.0,t,13,22,47,220,2026-06-24,51,31,27,2024-09-15,2026-06-21,5.0,4.98,5.0,5.0,4.94,4.96,2.36,1,1
1621,1173391043697696774,2026-06-24,city scrape,A small cozy room private bath/free Parking,561050183,Bianca,2,4,2,1,"Ottawa, Canada",t,4,t,Gloucester-Southgate,45.35247,-75.61422,Private room in home,Private room,2,1.0,2.0,1.0,85.59,2026-07-02,2026-07-03,85.59,85.59,1.0,28.0,t,9,35,65,245,2026-06-24,79,32,37,2024-06-12,2026-06-14,4.87,4.89,4.91,4.99,4.86,4.85,3.19,4,0
1622,1173959113294078344,2026-06-24,city scrape,Quiet Double Room | Great for Work & Travel,113446783,Sudie,9,4,1,10,"Ottawa, Canada",f,2,t,Kanata North,45.36077,-75.92514,Private room in home,Private room,2,1.4,2.0,3.0,109.0,2026-06-24,2026-06-25,109.0,109.0,1.0,30.0,t,30,60,90,270,2026-06-24,38,24,20,2024-08-07,2026-06-09,4.61,4.76,4.84,4.63,4.71,4.63,1.66,2,0
1623,1173977361693434051,2026-07-02,previous scrape,Cozy House in Old Ottawa South,115470073,Wen,9,4,2,0,"Ottawa, Canada",f,1,t,Capital,45.39442679726135,-75.67884592002937,Entire home,Entire home/apt,4,1.4,3.0,2.0,173.3,0000-00-00,"""0000-00-00""",2246.7,173.3,30.0,70.0,t,0,0,0,0,2026-07-02,2,1,1,2024-08-28,2025-08-27,4.5,4.5,5.0,5.0,5.0,4.0,0.09,1,1
1624,1174733338475291021,2026-06-24,city scrape,Peaceful room with private bath close to airport,561050183,Bianca,2,4,2,1,"Ottawa, Canada",t,4,t,Gloucester-Southgate,45.35022,-75.61403,Private room in home,Private room,2,1.0,2.0,1.0,92.0,2026-06-24,2026-06-25,92.0,92.0,1.0,28.0,t,24,47,76,346,2026-06-24,92,51,50,2024-07-03,2026-06-21,4.97,4.97,4.98,4.99,4.95,4.96,3.82,4,0
1625,1176071062087088798,2026-06-24,city scrape,Riverside Haven,366935509,Peter,5,9,1,11,"Ottawa, Canada",t,1,t,Capital,45.3995765,-75.6728025,Entire rental unit,Entire home/apt,4,2.0,2.0,3.0,314.0,2026-08-16,2026-08-19,942.0,314.0,3.0,180.0,t,5,15,25,106,2026-06-24,44,25,21,2024-08-02,2026-06-21,4.95,4.93,5.0,4.98,4.95,4.93,1.91,1,1
1626,1176218756675386585,2026-06-24,city scrape,Rideau River Oasis,578825888,Julie And Ron,2,1,1,10,"Ottawa, Canada",t,1,t,Rideau-Goulbourn,45.2258,-75.68207,Entire condo,Entire home/apt,5,1.0,2.0,3.0,220.0,2026-09-23,2026-09-25,440.0,220.0,1.0,90.0,t,4,4,7,88,2026-06-24,73,41,39,2024-08-18,2026-06-21,4.9,4.85,5.0,4.96,4.97,4.75,3.24,1,1
1627,1176349677197999442,2026-06-24,city scrape,Metro Queen in Luxury home Fibre WiFi Free parking,104583371,Vivek,9,7,2,0,"Ottawa, Canada",t,3,t,Gloucester-South Nepean,45.32349,-75.60891,Private room in home,Private room,2,1.0,2.0,1.0,115.0,2026-06-24,2026-06-25,115.0,115.0,1.0,7.0,t,26,56,83,295,2026-06-24,37,12,13,2024-06-16,2026-06-13,4.97,4.92,5.0,5.0,4.92,4.97,1.5,3,0
1628,1176352783259781495,2026-06-24,city scrape,Modern Apartment in Centretown w Laundry!,451220149,Gershon,4,2,3,3,"Ottawa, Canada",f,1,t,Somerset,45.4067,-75.71022,Entire rental unit,Entire home/apt,2,1.0,1.0,1.0,85.57,2026-07-26,2026-08-25,2567.0,85.57,30.0,365.0,t,0,28,58,333,2026-06-24,5,4,3,2024-10-19,2026-01-23,5.0,5.0,5.0,4.8,5.0,4.6,0.24,1,1
1629,1177674448016175451,2026-06-24,city scrape,Spacious Ensuite Room with King Bed!,66819187,Suhail,10,2,9,3,"Ottawa, Canada",f,3,t,Gloucester-South Nepean,45.27003,-75.72853,Private room in condo,Private room,2,1.5,2.0,1.0,69.0,2026-06-25,2026-06-26,69.0,69.0,1.0,1125.0,t,25,53,83,83,2026-06-24,48,20,22,2024-07-01,2026-06-07,4.81,4.73,4.81,4.83,4.83,4.69,1.99,3,0
1630,1178159435924270442,2026-06-24,city scrape,Stylish 3BR Ottawa Retreat Ideal for Monthly Stays,466089949,Julie,3,11,1,0,"Ottawa, Canada",f,3,t,Rideau-Vanier,45.43671,-75.66723,Entire rental unit,Entire home/apt,5,1.0,3.0,2.0,148.85,2026-06-28,2026-07-29,4614.27,148.85,31.0,365.0,t,26,56,65,119,2026-06-24,0,0,0,10,10,4.8,4.8,4.9,4.9,4.8,4.7,1.8,3,3
1631,1179056452681661132,2026-06-24,city scrape,Backyard Oasis: Perfect for 1 Guest,6210774,Dawn,13,1,12,1,"Ottawa, Canada",f,1,t,Knoxdale-Merivale,45.32324947012603,-75.78635757751472,Entire guesthouse,Entire home/apt,1,1.0,1.0,1.0,66.05,2026-08-01,2026-08-31,1981.6,66.05,30.0,90.0,t,1,23,40,245,2026-06-24,3,3,1,2025-12-31,2026-04-30,4.67,4.67,4.67,4.67,4.67,4.67,0.51,1,1
1632,1179764500448654131,2026-06-24,city scrape,“Tranquil 3-Bedroom Enclave”,124493612,Akinbodunde,9,2,2,0,"Ottawa, Canada",t,1,t,Innes,45.4268,-75.51112,Entire townhouse,Entire home/apt,6,2.0,3.0,3.0,467.89,2026-07-05,2026-07-07,935.77,467.89,1.0,180.0,t,16,36,62,337,2026-06-24,58,28,37,2024-06-19,2026-05-24,4.9,4.9,5.0,4.88,4.81,4.83,2.36,1,1
1633,1180369857953833335,2026-06-24,city scrape,Cozy room with private bath close to everywhere,561050183,Bianca,2,4,2,1,"Ottawa, Canada",t,4,t,Gloucester-Southgate,45.35233,-75.61573,Private room in home,Private room,2,1.0,2.0,1.0,91.29,2026-06-29,2026-06-30,91.29,91.29,1.0,28.0,t,25,55,85,355,2026-06-24,67,28,32,2024-06-19,2026-05-28,4.94,4.9,4.99,4.99,4.81,4.88,2.73,4,0
1634,1181392667612962937,2026-06-24,city scrape,Elegant room with a private bath,486026361,Victor,3,7,3,6,"Ottawa, Canada",f,18,t,Innes,45.44485,-75.51991,Private room in home,Private room,2,1.0,2.0,1.0,55.77,2026-06-24,2026-07-24,1673.0,55.77,30.0,365.0,t,30,60,90,360,2026-06-24,8,1,2,2024-06-24,2025-10-09,4.38,4.25,4.0,4.25,4.75,4.13,0.33,18,1
1635,1181873156173120659,2026-06-24,city scrape,Urban Queen in Luxury home Fibre WiFi Free parking,104583371,Vivek,9,7,2,0,"Ottawa, Canada",t,3,t,Gloucester-South Nepean,45.32307,-75.60797,Private room in home,Private room,2,1.4,2.0,1.0,116.0,2026-06-24,2026-06-25,116.0,116.0,1.0,7.0,t,26,56,83,83,2026-06-24,56,25,25,2024-06-23,2026-06-23,4.98,4.95,4.98,4.96,4.89,4.96,2.3,3,0
1636,1182859233048620381,2026-06-24,city scrape,Luxury Furnished Home,271086550,Mase,7,0,2,0,"Ottawa, Canada",f,1,t,Osgoode,45.30622,-75.59241,Entire home,Entire home/apt,12,4.0,5.0,6.0,398.22,2026-06-24,2026-07-24,11946.71,398.22,30.0,365.0,t,30,60,90,365,2026-06-24,0,0,0,10,10,4.8,4.8,4.9,4.9,4.8,4.7,1.8,1,1
1637,1183341457535014214,2026-06-24,city scrape,Bedroom Suite 1,584667087,Margot,2,0,1,11,"Ottawa, Canada",t,3,t,Rideau-Vanier,45.42742,-75.67539,Private room in bed and breakfast,Private room,2,1.0,2.0,1.0,255.0,2026-06-29,2026-07-01,510.0,255.0,2.0,1125.0,t,12,40,67,67,2026-06-24,24,13,12,2024-09-01,2026-06-14,4.92,4.88,4.96,5.0,4.96,4.79,1.09,3,0
1638,1183561234082564031,2026-07-02,previous scrape,Private 1 BR/1 BA (Shared) Kanata High-Tech Park,11584999,Patrick,12,5,8,5,"Toronto, Canada",t,16,t,West Carleton-March,45.36545,-75.93275,Private room in home,Private room,1,1.4,2.0,2.0,173.3,0000-00-00,"""0000-00-00""",2246.7,173.3,30.0,60.0,t,0,0,0,0,2026-07-02,1,0,0,2024-11-12,2024-11-12,5.0,5.0,5.0,5.0,4.0,5.0,0.05,2,0
1639,1183647977794213067,2026-06-24,city scrape,"""KTM Cave "" A Cozy suite  near Ottawa Airport.",584759772,Deepak,2,0,2,0,"Ottawa, Canada",t,1,t,Gloucester-South Nepean,45.3273032,-75.5934947,Private room in home,Private room,2,1.0,1.0,1.0,116.0,2026-06-25,2026-06-26,116.0,116.0,1.0,29.0,t,10,35,63,150,2026-06-24,268,105,129,2024-06-23,2026-06-18,4.91,4.88,4.91,4.93,4.79,4.89,10.98,1,0
1640,1184049453543267753,2026-06-24,city scrape,NoMo Oasis: bright Urban Retreat min from downtown,107684727,Nicky,9,6,1,8,"Ottawa, Canada",t,1,t,Rideau-Vanier,45.440435854410495,-75.66004240858739,Entire home,Entire home/apt,4,1.0,2.0,2.0,309.0,2026-07-20,2026-07-22,618.0,309.0,2.0,180.0,t,4,19,45,222,2026-06-24,50,32,26,2024-10-14,2026-06-19,4.94,4.94,4.96,5.0,4.6,4.7,2.42,1,1
1641,1184913898916416020,2026-06-24,city scrape,Private Basement Apartment,585087574,Martha,2,0,1,11,"Ottawa, Canada",f,1,t,Rideau-Rockcliffe,45.42913,-75.65567,Private room in home,Private room,4,1.0,2.0,3.0,200.0,2026-07-05,2026-07-07,400.0,200.0,2.0,30.0,t,13,24,50,325,2026-06-24,55,30,32,2024-07-16,2026-06-07,4.73,4.82,4.91,4.89,4.84,4.71,2.33,1,0
1642,1185319473799346568,2026-06-24,city scrape,Gorgeous 2-bdrm in Carlingwood,174414055,Teshome,8,4,1,10,"Ottawa, Canada",f,1,t,Bay,45.3765,-75.77406,Entire rental unit,Entire home/apt,4,1.0,2.0,3.0,173.3,2026-09-01,2026-10-01,2246.7,173.3,30.0,1125.0,f,0,0,21,296,2026-06-24,0,0,0,10,10,4.8,4.8,4.9,4.9,4.8,4.7,1.8,1,1
1643,1186336386971734084,2026-06-24,city scrape,"Room with private washroom, 8 mins from airport",93148861,Michelle,9,9,2,0,"Ottawa, Canada",f,1,t,Osgoode,45.32412,-75.59135,Private room in home,Private room,2,1.0,2.0,1.0,111.5,2026-07-01,2026-07-03,223.0,111.5,2.0,1125.0,t,11,33,63,338,2026-06-24,24,12,11,2024-07-01,2026-05-28,4.75,4.88,4.96,4.75,4.71,4.67,0.99,1,0
1644,1186967475853073308,2026-06-24,city scrape,A place to find quality rest -21,486026361,Victor,3,7,3,6,"Ottawa, Canada",f,18,t,Innes,45.44335,-75.51913,Private room in home,Private room,2,1.5,2.0,1.0,40.17,2026-06-24,2026-07-24,1205.0,40.17,30.0,365.0,t,30,60,90,360,2026-06-24,9,0,0,2024-07-07,2024-11-30,4.33,4.44,3.78,4.11,4.56,4.56,0.38,18,1
1645,1187166240279709785,2026-06-24,city scrape,Cozy 2-Bedroom City Retreat,37253652,Ameer,10,11,8,11,"Ottawa, Canada",f,10,t,Kitchissippi,45.40793,-75.73265,Entire home,Entire home/apt,4,2.0,2.0,3.0,125.86,2026-08-09,2026-09-08,3775.78,125.86,30.0,365.0,t,0,15,45,225,2026-06-24,2,0,1,2024-12-22,2025-01-28,5.0,5.0,5.0,5.0,5.0,4.5,0.11,9,9
1646,1187337649465312677,2026-06-24,city scrape,Lovely App Downtown Ottawa 211D,41604531,Sam,10,10,9,4,"Ottawa, Canada",f,20,t,Rideau-Vanier,45.42812,-75.68877,Entire rental unit,Entire home/apt,2,1.0,1.0,1.0,136.0,2026-06-24,2026-06-25,136.0,136.0,1.0,365.0,t,6,10,18,249,2026-06-24,149,81,92,2024-09-11,2026-06-20,4.7,4.83,4.89,4.95,4.68,4.71,6.86,20,20
1647,1187690477364688199,2026-06-24,city scrape,New and Spacious Home,537326639,Rocco,2,9,2,2,"Ottawa, Canada",f,1,t,Barrhaven,45.24754,-75.75657,Entire home,Entire home/apt,6,2.5,3.0,3.0,242.5,2026-09-06,2026-09-08,485.0,242.5,2.0,1125.0,t,0,2,12,188,2026-06-24,61,35,36,2024-09-08,2026-06-07,4.72,4.85,4.79,4.77,4.74,4.79,2.79,1,1
1648,1187806051003260976,2026-06-24,city scrape,Lovely Apt Downtown Ottawa 34D,41604531,Sam,10,10,9,4,"Ottawa, Canada",f,20,t,Rideau-Vanier,45.42889,-75.68426,Entire rental unit,Entire home/apt,4,1.0,2.0,2.0,166.0,2026-08-10,2026-08-11,166.0,166.0,1.0,365.0,t,0,1,5,223,2026-06-24,163,104,83,2024-09-18,2026-06-14,4.56,4.69,4.82,4.86,4.29,4.61,7.58,20,20
1649,1187823150415798611,2026-06-24,city scrape,Entire Place Downtown Ottawa 39D,41604531,Sam,10,10,9,4,"Ottawa, Canada",f,20,t,Rideau-Vanier,45.42913,-75.68454,Entire rental unit,Entire home/apt,2,1.0,1.0,1.0,164.0,2026-07-04,2026-07-05,164.0,164.0,1.0,365.0,t,3,11,36,303,2026-06-24,89,59,52,2024-08-08,2026-06-19,4.56,4.65,4.85,4.89,4.36,4.65,3.89,20,20
1650,1187876373090178187,2026-07-02,previous scrape,Downtown 1 Bedroom Suite,61161542,Maysa,10,4,9,0,"Ottawa, Canada",f,4,t,Somerset,45.42248673692308,-75.69749376560668,Entire condo,Entire home/apt,2,1.4,1.0,2.0,76.83,2026-07-31,2026-09-29,4610.0,76.83,45.0,365.0,t,1,31,61,274,2026-07-02,0,0,0,10,10,4.8,4.8,4.9,4.9,4.8,4.7,1.8,3,3
1651,1188000769473985527,2026-06-24,city scrape,Lovely App Downtown Ottawa 38D,41604531,Sam,10,10,9,4,"Ottawa, Canada",f,20,t,Rideau-Vanier,45.4284,-75.68273,Entire rental unit,Entire home/apt,4,1.0,2.0,2.0,166.0,2026-07-14,2026-07-15,166.0,166.0,1.0,365.0,t,2,2,9,261,2026-06-24,214,114,127,2024-09-08,2026-06-16,4.59,4.67,4.83,4.9,4.37,4.65,9.8,20,20
1652,1188491010799311202,2026-06-24,city scrape,*New Built* Beautiful 3BR 4.5BATH Home in Westboro,538085312,Jaybird,2,9,2,9,"Ottawa, Canada",f,2,t,Kitchissippi,45.38821,-75.73952,Entire home,Entire home/apt,8,3.5,4.0,4.0,510.7,2026-09-01,2026-10-01,15321.0,510.7,30.0,365.0,t,0,0,21,296,2026-06-24,0,0,0,10,10,4.8,4.8,4.9,4.9,4.8,4.7,1.8,2,2
1653,1190663269420645537,2026-06-24,city scrape,3 Bedroom Central Apartment - 4 Bed & Free Parking,190611014,Kyler,8,1,1,8,"Ottawa, Canada",f,1,t,Somerset,45.41534144256228,-75.69966000309176,Entire rental unit,Entire home/apt,6,1.0,3.0,4.0,376.0,2026-06-30,2026-07-01,376.0,376.0,1.0,365.0,t,8,12,25,155,2026-06-24,96,53,57,2024-09-29,2026-06-12,4.63,4.65,4.91,4.92,4.6,4.57,4.54,1,1
1654,1191546918670209792,2026-06-24,city scrape,Home in Nepean,166098222,Hong-Son,8,5,1,10,"Ottawa, Canada",t,2,t,College,45.33656,-75.75859,Entire home,Entire home/apt,7,2.5,3.0,5.0,160.82,2026-08-25,2026-09-24,4824.7,160.82,30.0,365.0,t,7,8,36,311,2026-06-24,3,1,1,2024-11-02,2026-02-27,5.0,4.67,4.67,5.0,4.67,4.67,0.15,2,2
1655,1192015829648706712,2026-06-24,city scrape,Bedroom Suite 2,584667087,Margot,2,0,1,11,"Ottawa, Canada",t,3,t,Rideau-Vanier,45.42834,-75.67649,Private room in bed and breakfast,Private room,2,1.4,2.0,1.0,255.0,2026-06-29,2026-07-01,510.0,255.0,2.0,1125.0,t,20,41,71,71,2026-06-24,24,11,13,2024-09-01,2026-06-12,4.92,4.79,4.83,4.96,5.0,4.75,1.09,3,0
1656,1192015914164528737,2026-06-24,city scrape,Bedroom Suite 3,584667087,Margot,2,0,1,11,"Ottawa, Canada",t,3,t,Rideau-Vanier,45.42822,-75.67456,Private room in bed and breakfast,Private room,2,1.0,2.0,1.0,230.0,2026-07-11,2026-07-13,460.0,230.0,2.0,1125.0,t,11,34,61,61,2026-06-24,34,26,18,2024-07-14,2026-06-17,5.0,4.97,5.0,5.0,5.0,5.0,1.43,3,0
1657,1192600701886772622,2026-06-24,city scrape,Chic Rental Apartment,423768453,Seynabou,4,9,3,5,"Ottawa, Canada",f,26,t,Beacon Hill-Cyrville,45.4514,-75.59696,Entire rental unit,Entire home/apt,4,1.5,2.0,2.0,137.16,2026-06-24,2026-07-24,4114.91,137.16,30.0,365.0,t,30,60,90,365,2026-06-24,0,0,0,10,10,4.8,4.8,4.9,4.9,4.8,4.7,1.8,26,6
1658,1192638221107345016,2026-06-24,city scrape,"Spacious room, students/workers",423768453,Seynabou,4,9,3,5,"Ottawa, Canada",f,26,t,Beacon Hill-Cyrville,45.45029,-75.59872,Private room in rental unit,Private room,2,1.5,2.0,1.0,54.61,2026-06-24,2026-07-24,1638.33,54.61,30.0,365.0,t,30,60,90,365,2026-06-24,0,0,0,10,10,4.8,4.8,4.9,4.9,4.8,4.7,1.8,26,6
1659,1192975654138376497,2026-06-24,city scrape,Cozy 1 bed in Old Ottawa East,186738842,Brittany,8,1,2,8,"Ottawa, Canada",t,1,t,Capital,45.40279970553004,-75.67385341446176,Entire rental unit,Entire home/apt,2,1.0,1.0,1.0,160.0,2026-06-30,2026-07-01,160.0,160.0,1.0,365.0,t,11,21,32,298,2026-06-24,206,132,130,2024-09-26,2026-06-21,4.97,4.95,4.93,4.98,4.9,4.89,9.7,1,1
1660,1193642164450374449,2026-06-24,city scrape,"Bright Private Bedroom in a Cozy Home (Left, Male)",129487127,Luke,9,1,4,2,"Toronto, Canada",f,3,t,Barrhaven,45.29423,-75.73609,Private room in home,Private room,1,1.0,2.0,1.0,33.92,2026-07-01,2026-07-31,1017.45,33.92,30.0,365.0,t,23,53,83,358,2026-06-24,1,1,1,2025-10-24,2025-10-24,5.0,5.0,5.0,5.0,5.0,5.0,0.12,2,0
1661,1194118555050624699,2026-06-24,city scrape,Total Condo Comfort,423768453,Seynabou,4,9,3,5,"Ottawa, Canada",f,26,t,Beacon Hill-Cyrville,45.45136,-75.59884,Entire rental unit,Entire home/apt,4,1.5,2.0,2.0,100.88,2026-06-24,2026-07-24,3026.5,100.88,30.0,365.0,t,30,60,90,365,2026-06-24,0,0,0,10,10,4.8,4.8,4.9,4.9,4.8,4.7,1.8,26,6
1662,1194465516456892134,2026-07-02,previous scrape,Pet-friendly home with office & backyard,114722218,Stacie,9,4,5,8,"Ottawa, Canada",t,3,t,Rideau-Rockcliffe,45.44322941158223,-75.62787645394543,Entire home,Entire home/apt,4,1.4,2.0,2.0,173.3,0000-00-00,"""0000-00-00""",2246.7,173.3,2.0,97.0,t,0,0,0,0,2026-07-02,3,2,3,2025-04-06,2025-08-12,5.0,5.0,5.0,5.0,5.0,5.0,0.2,3,3
1663,1194698036934949485,2026-06-24,city scrape,Central & Spacious 4BR Home - 13 Min to DT&Airport,109225918,Ahmed,9,5,1,5,"Ottawa, Canada",t,1,t,Knoxdale-Merivale,45.33317,-75.74443,Entire home,Entire home/apt,8,1.5,4.0,4.0,516.5,2026-06-29,2026-07-01,1033.0,516.5,1.0,1125.0,t,13,24,54,231,2026-06-24,66,43,44,2025-02-02,2026-05-31,4.92,4.95,5.0,4.98,4.88,4.82,3.9,1,1
1664,1194798647554411787,2026-06-24,city scrape,Cozy Room in Modern Shared Home | Nepean | Ottawa,203567613,Daniel,7,11,6,11,"Ottawa, Canada",f,13,t,Barrhaven,45.2553075,-75.74548159999999,Private room in townhouse,Private room,2,1.0,2.0,1.0,104.0,2026-06-29,2026-06-30,104.0,104.0,1.0,1125.0,t,18,33,49,108,2026-06-24,20,19,0,2024-07-30,2026-06-11,4.95,5.0,5.0,4.95,4.95,5.0,0.86,5,1
1665,1194819122020180053,2026-06-24,city scrape,Lovely Room Nepean Ottawa,203567613,Daniel,7,11,6,11,"Ottawa, Canada",f,13,t,Barrhaven,45.25499,-75.74475,Private room in home,Private room,2,1.0,2.0,1.0,104.0,2026-06-29,2026-06-30,104.0,104.0,1.0,365.0,t,18,36,55,189,2026-06-24,9,9,0,2026-02-05,2026-06-07,4.56,4.67,4.56,4.78,4.56,4.56,1.93,5,1
1666,1194823457664047719,2026-06-24,city scrape,Traveller's Room in Nepean - Ottawa,203567613,Daniel,7,11,6,11,"Ottawa, Canada",f,13,t,Barrhaven,45.25498,-75.74633,Private room in home,Private room,1,1.0,2.0,1.0,103.0,2026-06-24,2026-06-25,103.0,103.0,1.0,365.0,t,19,37,56,118,2026-06-24,2,2,0,2026-02-16,2026-04-02,5.0,5.0,5.0,5.0,5.0,5.0,0.47,5,1
1667,1195086661881395251,2026-06-24,city scrape,Beautiful 3BR 1BATH Unit in Downtown Sandyhill,373561137,Jaybird,5,7,5,7,"Ottawa, Canada",t,6,t,Rideau-Vanier,45.4277,-75.68075,Entire rental unit,Entire home/apt,6,1.0,3.0,3.0,582.0,2026-06-27,2026-06-28,582.0,582.0,1.0,365.0,t,12,36,60,63,2026-06-24,55,18,22,2024-07-18,2026-06-08,4.67,4.69,4.87,4.58,4.95,4.58,2.33,4,4
1668,1195227380978968019,2026-06-24,city scrape,Tranquil Retreat in Findlay Creek 3bdrm 3 bath,531925926,Anthony,2,10,1,11,"Ottawa, Canada",f,1,t,Osgoode,45.3055746,-75.59515619999999,Entire home,Entire home/apt,6,2.5,3.0,4.0,383.0,2026-11-02,2026-11-03,383.0,383.0,1.0,365.0,t,0,0,0,139,2026-06-24,11,0,0,2024-07-14,2024-12-29,5.0,4.91,5.0,4.91,5.0,4.82,0.46,1,1
1669,1195586345778620559,2026-07-02,previous scrape,Luxury Entire home! 4bdrm4bthrm,573615174,Amir,2,2,1,11,"Ottawa, Canada",f,1,t,Kanata South,45.30454,-75.88021,Entire home,Entire home/apt,8,1.4,4.0,2.0,98.25,2026-07-02,2026-09-30,8842.6,98.25,90.0,365.0,t,30,60,90,270,2026-07-02,24,0,0,2024-07-23,2024-10-21,4.67,4.58,4.67,4.63,4.75,4.67,1.01,1,1
1670,1195755835584190083,2026-06-24,city scrape,Master bedroom w/Ensuite Bathroom DT Ottawa,7931709,Xu,12,10,7,9,"Ottawa, Canada",f,1,t,Somerset,45.41806,-75.7059,Private room in condo,Private room,2,1.0,1.0,2.0,124.09,2026-06-25,2026-07-25,3722.84,124.09,30.0,365.0,t,29,59,89,269,2026-06-24,15,0,1,2024-07-13,2025-01-19,5.0,5.0,5.0,4.93,5.0,4.93,0.63,1,0
1671,1196263609603534995,2026-06-24,city scrape,"3 Bdrm, 4 Bed Basement Suite: Quiet neighbourhood",126265213,Narek,9,2,1,6,"Ottawa, Canada",t,1,t,Knoxdale-Merivale,45.33136581544212,-75.75552747532197,Entire home,Entire home/apt,6,1.0,3.0,4.0,268.0,2026-06-24,2026-06-25,268.0,268.0,1.0,90.0,t,9,29,54,329,2026-06-24,78,52,54,2024-12-24,2026-06-10,4.74,4.85,4.85,4.91,4.91,4.78,4.27,1,1
1672,1196277251738241606,2026-06-24,city scrape,Entire rental unit in Ottawa,423768453,Seynabou,4,9,3,5,"Ottawa, Canada",f,26,t,Beacon Hill-Cyrville,45.45161,-75.59725,Entire rental unit,Entire home/apt,4,1.5,2.0,2.0,138.44,2026-06-24,2026-07-24,4153.11,138.44,30.0,365.0,t,30,60,90,365,2026-06-24,0,0,0,10,10,4.8,4.8,4.9,4.9,4.8,4.7,1.8,26,6
1673,1196300843735259429,2026-06-24,city scrape,Zen suite w/ Private Queen bed near airport,25281177,Anita,11,5,1,11,"Ottawa, Canada",t,3,t,Gloucester-South Nepean,45.32472,-75.60437,Private room in guest suite,Private room,2,1.0,2.0,1.0,120.0,2026-06-29,2026-07-01,240.0,120.0,1.0,29.0,t,8,22,45,135,2026-06-24,7,2,0,2024-07-15,2026-04-17,4.57,4.57,4.71,4.86,4.43,4.43,0.3,3,1
1674,1196352029213259550,2026-06-24,city scrape,Aura suite w/ Private Queen bed near airport,25281177,Anita,11,5,1,11,"Ottawa, Canada",t,3,t,Gloucester-South Nepean,45.32525,-75.60387,Private room in guest suite,Private room,2,1.0,2.0,1.0,126.0,2026-06-29,2026-07-01,252.0,126.0,2.0,29.0,t,8,22,45,135,2026-06-24,12,3,2,2024-07-31,2026-05-14,4.83,4.67,4.92,4.75,4.75,4.67,0.52,3,1
1675,1196369132355119337,2026-06-24,city scrape,Full basement suite w/ 2 Queen beds near airport,25281177,Anita,11,5,1,11,"Ottawa, Canada",t,3,t,Gloucester-South Nepean,45.32531274168488,-75.60563228992044,Entire home,Entire home/apt,4,1.4,2.0,2.0,274.0,2026-06-29,2026-06-30,274.0,274.0,1.0,29.0,t,8,22,45,320,2026-06-24,32,22,17,2024-08-05,2026-06-21,4.81,4.78,4.81,4.94,4.84,4.63,1.39,3,1
1676,1197336086489560212,2026-07-02,previous scrape,Your Cozy place away from home (spacious room),588697466,Annielyn Rose,1,11,1,3,"Ottawa, Canada",f,1,t,Rideau-Goulbourn,45.236570211868056,-75.7441439477926,Private room in home,Private room,2,1.4,2.0,2.0,173.3,0000-00-00,"""0000-00-00""",2246.7,173.3,2.0,1125.0,t,0,0,0,0,2026-07-02,6,0,6,2025-03-19,2025-05-01,4.17,4.17,4.33,4.33,4.17,4.33,0.38,1,0
1677,1197375582254419089,2026-06-24,city scrape,Ottawa Comfortable Queen+Twin beds room,512479686,Wei,3,1,1,11,"Ottawa, Canada",t,3,t,Barrhaven,45.25355,-75.73417,Private room in guesthouse,Private room,3,1.0,1.0,2.0,101.56,2026-06-30,2026-07-01,101.56,101.56,1.0,1125.0,t,13,35,65,153,2026-06-24,235,143,136,2024-08-25,2026-06-22,4.95,4.94,4.97,4.97,4.84,4.94,10.54,3,0
1678,1197675337671808314,2026-06-24,city scrape,Comfortable Visitor Room,423768453,Seynabou,4,9,3,5,"Ottawa, Canada",f,26,t,Beacon Hill-Cyrville,45.45037,-75.59922,Private room in rental unit,Private room,1,1.5,2.0,1.0,73.08,2026-06-24,2026-07-24,2192.25,73.08,30.0,365.0,t,30,60,90,365,2026-06-24,2,0,0,2024-08-31,2024-10-06,5.0,5.0,5.0,5.0,5.0,5.0,0.09,26,6
1679,1197681695578815632,2026-06-24,city scrape,Entire comfortable condo,423768453,Seynabou,4,9,3,5,"Ottawa, Canada",f,26,t,Beacon Hill-Cyrville,45.45162,-75.59908,Entire rental unit,Entire home/apt,4,1.5,2.0,2.0,190.51,2026-06-24,2026-07-24,5715.33,190.51,30.0,365.0,t,30,60,90,365,2026-06-24,0,0,0,10,10,4.8,4.8,4.9,4.9,4.8,4.7,1.8,26,6
1680,1197949191766655207,2026-06-24,city scrape,Entire townhouse Carp 1 min Hwy,290116043,Ish,6,9,4,4,"Ottawa, Canada",f,1,t,West Carleton-March,45.31485681516858,-76.03740398054656,Entire home,Entire home/apt,6,2.5,3.0,3.0,314.0,2026-06-28,2026-06-30,628.0,314.0,2.0,7.0,t,10,35,65,93,2026-06-24,26,16,19,2025-01-24,2026-06-14,4.46,4.58,4.88,4.85,4.54,4.5,1.51,1,1
1681,1197962639861534085,2026-06-24,city scrape,Kanata Townhouse Near Stadium,139511217,Monnica,8,11,1,11,"Ottawa, Canada",f,2,t,Kanata North,45.30355,-75.93217,Entire townhouse,Entire home/apt,5,1.5,3.0,3.0,267.2,2026-08-08,2026-08-13,1336.0,267.2,5.0,20.0,t,5,20,25,25,2026-06-24,12,11,7,2025-05-05,2026-06-14,4.92,4.92,5.0,4.75,4.92,4.83,0.87,1,1
1682,1198487672658249905,2026-06-24,city scrape,Charming Retreat - Cozy Stay,9213978,Bianca,12,8,10,11,"Ottawa, Canada",f,1,t,Rideau-Rockcliffe,45.44057,-75.68029,Entire rental unit,Entire home/apt,5,1.0,2.0,2.0,111.38,2026-08-16,2026-09-16,3452.82,111.38,31.0,365.0,t,23,32,62,157,2026-06-24,1,1,1,2025-08-15,2025-08-15,5.0,5.0,5.0,5.0,5.0,5.0,0.1,1,1
1683,1199226008470562792,2026-06-24,city scrape,Smart Space Living in Ottawa,423768453,Seynabou,4,9,3,5,"Ottawa, Canada",f,26,t,Beacon Hill-Cyrville,45.4518,-75.59926,Private room in rental unit,Private room,1,1.5,2.0,1.0,48.67,2026-06-24,2026-07-24,1460.15,48.67,30.0,365.0,t,30,60,90,365,2026-06-24,2,0,2,2025-01-03,2025-02-09,5.0,5.0,5.0,5.0,5.0,5.0,0.11,26,6
1684,1199241163671794299,2026-06-24,city scrape,comfortable condo in Ottawa,423768453,Seynabou,4,9,3,5,"Ottawa, Canada",f,26,t,Beacon Hill-Cyrville,45.44985,-75.59835,Entire rental unit,Entire home/apt,4,1.5,2.0,2.0,143.52,2026-06-24,2026-07-24,4305.6,143.52,30.0,365.0,t,30,60,90,365,2026-06-24,0,0,0,10,10,4.8,4.8,4.9,4.9,4.8,4.7,1.8,26,6
1685,1199370154326477029,2026-06-24,city scrape,"New, private in downtown Ottawa",284332116,Rafic,6,10,1,11,"Ottawa, Canada",t,1,t,Rideau-Vanier,45.4332039,-75.6737076,Entire rental unit,Entire home/apt,2,1.4,1.0,1.0,64.16,2026-07-06,2026-08-05,1924.75,64.16,30.0,365.0,t,18,48,61,115,2026-06-24,4,4,2,2025-06-30,2026-05-19,5.0,5.0,5.0,5.0,5.0,4.75,0.33,1,1
1686,1199413726735352097,2026-06-24,city scrape,ComfortsHome near Airport,226294495,Comfort,7,7,0,3,"Ottawa, Canada",f,1,t,Gloucester-South Nepean,45.32592,-75.60997,Private room in townhouse,Private room,1,2.0,1.0,1.0,173.3,2026-06-25,2026-07-25,2246.7,173.3,30.0,180.0,f,29,59,89,364,2026-06-24,0,0,0,10,10,4.8,4.8,4.9,4.9,4.8,4.7,1.8,1,0
1687,1201543234230311127,2026-06-24,city scrape,Quiet and Cozy Private Bedroom,196384628,Farhaj,8,0,1,11,"Ottawa, Canada",f,1,t,Stittsville-Kanata West,45.28416,-75.93687,Private room in home,Private room,1,1.0,2.0,1.0,46.9,2026-07-01,2026-07-31,1407.06,46.9,30.0,365.0,t,23,53,83,83,2026-06-24,0,0,0,10,10,4.8,4.8,4.9,4.9,4.8,4.7,1.8,1,0
1688,1203555492288106525,2026-06-24,city scrape,Room long term rental students,423768453,Seynabou,4,9,3,5,"Ottawa, Canada",f,26,t,Beacon Hill-Cyrville,45.44984,-75.59753,Private room in rental unit,Private room,1,1.0,1.0,1.0,57.52,2026-06-24,2026-07-24,1725.64,57.52,30.0,365.0,t,30,60,90,365,2026-06-24,0,0,0,10,10,4.8,4.8,4.9,4.9,4.8,4.7,1.8,26,6
1689,1203581503522848674,2026-06-24,city scrape,"Spacious en-suite 15min to dtwn, 10min to airport",193965676,Tuan,8,0,6,10,"Ottawa, Canada",f,9,t,River,45.34805,-75.66441,Private room in home,Private room,1,1.0,2.0,1.0,57.63,2026-06-24,2026-07-24,1728.82,57.63,30.0,1125.0,t,30,60,90,191,2026-06-24,2,1,1,2025-01-02,2026-06-10,5.0,5.0,5.0,5.0,5.0,5.0,0.11,4,1
1690,1204528267361575488,2026-06-24,city scrape,Bright & Peaceful Retreat,543618887,Adrienne,2,7,1,11,"Ottawa, Canada",t,3,t,College,45.34401,-75.79821,Private room in home,Private room,2,1.5,2.0,1.0,97.17,2026-06-24,2026-06-25,97.17,97.17,1.0,93.0,t,13,40,70,345,2026-06-24,64,40,30,2024-07-25,2026-06-21,4.83,4.81,4.89,4.81,4.77,4.81,2.74,3,0
1691,1205728155806303587,2026-06-24,city scrape,Charming Private Queen Room (BR1) - Kanata,189615888,Lakshya,8,1,1,4,"Ottawa, Canada",t,4,t,West Carleton-March,45.367043895129015,-75.93230944476059,Private room in home,Private room,2,1.5,2.0,1.0,108.0,2026-07-17,2026-07-18,108.0,108.0,1.0,60.0,t,2,2,2,2,2026-06-24,13,8,7,2025-05-27,2026-05-22,5.0,5.0,4.92,5.0,5.0,5.0,0.99,4,1
1692,1205796331047449526,2026-06-24,city scrape,Master Bedroom with Private Bathroom,51628690,Victor,10,6,3,3,"Ottawa, Canada",f,2,t,College,45.35641,-75.76326,Private room in home,Private room,2,1.0,2.0,1.0,70.8,2026-07-06,2026-08-05,2123.86,70.8,30.0,365.0,t,18,48,78,348,2026-06-24,5,1,1,2024-09-01,2026-01-01,4.8,4.6,4.8,4.8,5.0,4.8,0.23,2,0
1693,1205855953388954474,2026-06-24,city scrape,Cozy Bedroom Near Algonquin college,51628690,Victor,10,6,3,3,"Ottawa, Canada",f,2,t,College,45.35635,-75.76368,Private room in home,Private room,2,1.0,2.0,1.0,42.4,2026-09-30,2026-10-30,1272.1,42.4,30.0,365.0,t,0,0,0,267,2026-06-24,2,1,2,2025-05-31,2025-10-30,5.0,5.0,5.0,5.0,5.0,5.0,0.15,2,0
1694,1206524480579398620,2026-06-24,city scrape,Sicilian: Golf / Work / Events,591441355,Shayne,1,11,1,11,"Ottawa, Canada",f,2,f,West Carleton-March,45.3661395,-75.9328818,Entire home,Entire home/apt,8,4.0,4.0,5.0,165.71,2026-07-19,2026-08-18,4971.16,165.71,4.0,1125.0,t,7,37,67,342,2026-06-24,25,8,16,2024-08-14,2025-09-02,4.72,4.76,4.76,4.84,4.76,4.76,1.1,2,1
1695,1206712900938213762,2026-06-24,city scrape,Homely & Cozy Nook,543618887,Adrienne,2,7,1,11,"Ottawa, Canada",t,3,t,College,45.34508,-75.79672,Private room in home,Private room,1,1.5,2.0,1.0,86.01,2026-07-24,2026-07-25,86.01,86.01,1.0,1125.0,t,0,30,60,335,2026-06-24,73,53,41,2024-09-01,2026-06-21,4.9,4.9,4.92,4.89,4.75,4.89,3.31,3,0
1696,1206831247119253853,2026-06-24,city scrape,Perfect Room for Work & Travel in Quiet Ottawa,113446783,Sudie,9,4,1,10,"Ottawa, Canada",f,2,t,Kanata North,45.36136,-75.92361,Private room in home,Private room,2,1.0,1.0,1.0,126.0,2026-06-30,2026-07-01,126.0,126.0,1.0,365.0,t,24,54,84,359,2026-06-24,22,8,12,2024-08-09,2026-04-16,4.73,4.77,4.86,4.82,4.41,4.59,0.96,2,0
1697,1207123046883627079,2026-06-24,city scrape,Nice room to rent student/worker,423768453,Seynabou,4,9,3,5,"Ottawa, Canada",f,26,t,Beacon Hill-Cyrville,45.45113,-75.59844,Private room in rental unit,Private room,1,1.0,2.0,1.0,64.83,2026-06-24,2026-07-24,1944.8,64.83,30.0,365.0,t,30,60,90,365,2026-06-24,0,0,0,10,10,4.8,4.8,4.9,4.9,4.8,4.7,1.8,26,6
1698,1207542897843554494,2026-06-24,city scrape,Ottawa Garden View Queen&Twin Room,512479686,Wei,3,1,1,11,"Ottawa, Canada",t,3,t,Barrhaven,45.252388087616765,-75.73459289968014,Private room in home,Private room,3,1.5,2.0,2.0,106.13,2026-06-30,2026-07-01,106.13,106.13,1.0,30.0,t,13,29,53,143,2026-06-24,197,141,101,2024-08-01,2026-06-21,4.9,4.88,4.94,4.97,4.88,4.95,8.53,3,0
1699,1208590198862618482,2026-06-24,city scrape,Comfortable room for rent,423768453,Seynabou,4,9,3,5,"Ottawa, Canada",f,26,t,Beacon Hill-Cyrville,45.45146,-75.59703,Private room in rental unit,Private room,1,1.0,2.0,1.0,71.81,2026-06-24,2026-07-24,2154.34,71.81,30.0,365.0,t,30,60,90,365,2026-06-24,0,0,0,10,10,4.8,4.8,4.9,4.9,4.8,4.7,1.8,26,6
1700,1208660586856692728,2026-06-24,city scrape,Sunny & Serene Bedroom,543618887,Adrienne,2,7,1,11,"Ottawa, Canada",t,3,t,College,45.34379,-75.79687,Private room in home,Private room,1,1.5,2.0,1.0,81.89,2026-06-28,2026-06-29,81.89,81.89,1.0,1125.0,t,18,48,78,353,2026-06-24,99,74,57,2024-07-31,2026-06-21,4.98,4.95,4.99,4.97,4.85,4.87,4.28,3,0
1701,1208722370273033891,2026-07-02,previous scrape,Hidden treasure - spacious Retreat w/Outdoor Oasis,43098194,Natalie,10,10,1,11,"Ottawa, Canada",f,1,t,Kitchissippi,45.38739,-75.743,Entire bungalow,Entire home/apt,8,1.4,3.0,2.0,173.3,0000-00-00,"""0000-00-00""",2246.7,173.3,2.0,365.0,t,0,0,0,0,2026-07-02,28,0,4,2024-08-18,2025-02-01,4.86,4.86,4.89,4.96,4.71,4.64,1.23,1,1
1702,1208916163479930866,2026-07-02,previous scrape,heart of centretown free parking,59083027,Daniel,10,4,10,4,"Ottawa, Canada",f,2,t,Somerset,45.41453756120541,-75.69949851908304,Entire rental unit,Entire home/apt,6,1.4,3.0,2.0,173.3,0000-00-00,"""0000-00-00""",2246.7,173.3,30.0,365.0,t,0,0,0,22,2026-07-02,0,0,0,10,10,4.8,4.8,4.9,4.9,4.8,4.7,1.8,2,2
1703,1211067357156854467,2026-06-24,city scrape,Cozy room near Ottawa airport #2,134352405,Thao,9,0,1,6,"Ottawa, Canada",t,9,t,River,45.34685,-75.66559,Private room in home,Private room,1,1.0,2.0,1.0,33.97,2026-07-21,2026-08-20,1019.2,33.97,30.0,120.0,t,3,33,63,153,2026-06-24,3,1,3,2025-01-31,2025-06-30,4.33,4.67,5.0,5.0,4.33,3.67,0.18,2,0
1704,1213135601921548271,2026-06-24,city scrape,Mon logement attrayant!,573947214,Sandra,2,2,1,10,"Ottawa, Canada",f,1,t,Rideau-Vanier,45.44065,-75.65533,Private room in rental unit,Private room,3,1.4,2.0,2.0,129.14,2026-06-26,2026-07-03,904.0,129.14,7.0,365.0,t,28,58,88,88,2026-06-24,0,0,0,10,10,4.8,4.8,4.9,4.9,4.8,4.7,1.8,1,0
1705,1213912184714172500,2026-06-24,city scrape,Spacious 4 Bedroom Home | Office | Parking | W&D,52810809,Natalie,10,5,4,10,"Ottawa, Canada",f,31,t,Osgoode,45.30744,-75.5921,Entire home,Entire home/apt,10,3.5,4.0,4.0,192.97,2026-09-01,2026-10-01,5789.18,192.97,30.0,1125.0,t,0,0,21,201,2026-06-24,79,34,48,2024-08-25,2026-03-22,4.77,4.8,4.95,4.87,4.75,4.68,3.54,21,21
1706,1214603347133246164,2026-06-24,city scrape,Independent Suite in Kanata,593790210,Al,1,10,1,10,"Ottawa, Canada",f,1,t,Kanata South,45.29795,-75.8621,Entire guest suite,Entire home/apt,4,1.4,2.0,3.0,187.0,2027-06-07,2027-06-11,748.0,187.0,4.0,27.0,t,0,0,0,18,2026-06-24,43,15,19,2024-08-08,2026-05-17,4.74,4.88,4.95,4.95,4.74,4.63,1.88,1,1
1707,1215299376326350895,2026-06-24,city scrape,Artistic & Trendy 4 Bedroom Home,260069817,Paraskevy,7,1,1,10,"Ottawa, Canada",t,1,t,College,45.34689,-75.74514,Entire home,Entire home/apt,8,2.0,4.0,4.0,716.0,2026-06-29,2026-06-30,716.0,716.0,1.0,1125.0,t,16,34,58,238,2026-06-24,50,23,25,2024-08-10,2026-05-21,4.88,4.9,4.94,4.92,4.92,4.78,2.19,1,1
1708,1216772554498722156,2026-06-24,city scrape,Comfort Style & Space Rideau River Retreat  Ottawa,594394104,Elvis,1,10,1,8,"Ottawa, Canada",f,1,t,Rideau-Goulbourn,45.21148948083383,-75.68125961571478,Entire guest suite,Entire home/apt,2,1.0,2.0,1.0,111.5,2026-08-01,2026-08-03,223.0,111.5,2.0,365.0,t,1,23,53,328,2026-06-24,2,2,0,2026-05-04,2026-06-02,5.0,5.0,5.0,5.0,5.0,5.0,1.15,1,1
1709,1216921931593539627,2026-06-24,city scrape,Cozy 4BED Townhouse in Barrhaven,22350228,Jenny,11,8,7,5,"Ottawa, Canada",t,20,t,Rideau-Goulbourn,45.23986,-75.7493,Entire home,Entire home/apt,8,3.5,4.0,4.0,423.0,2026-07-12,2026-07-13,423.0,423.0,1.0,365.0,t,5,11,36,212,2026-06-24,90,48,42,2024-08-12,2026-06-10,4.93,4.96,4.96,4.93,4.64,4.86,3.96,15,15
1710,1217374677616283327,2026-06-24,city scrape,Peaceful Room for Long-Term Stay,423768453,Seynabou,4,9,3,5,"Ottawa, Canada",f,26,t,Beacon Hill-Cyrville,45.45108,-75.59838,Private room in rental unit,Private room,1,1.0,2.0,1.0,67.36,2026-06-24,2026-07-24,2020.89,67.36,30.0,365.0,t,30,60,90,365,2026-06-24,0,0,0,10,10,4.8,4.8,4.9,4.9,4.8,4.7,1.8,26,6
1711,1219172204791228569,2026-06-24,city scrape,Entire 4 Bedroom House + Office in Ottawa,372636516,Anees,5,8,5,3,"Ottawa, Canada",t,1,t,Cumberland,45.45515,-75.48381,Entire townhouse,Entire home/apt,10,2.5,4.0,8.0,432.51,2026-06-25,2026-06-26,432.51,432.51,1.0,29.0,t,18,42,68,138,2026-06-24,119,81,57,2024-08-16,2026-06-22,4.92,4.95,4.97,5.0,4.93,4.88,5.27,1,1
1712,1219438729630645242,2026-06-24,city scrape,One Bedroom (Private Kitchen & Bath),486026361,Victor,3,7,3,6,"Ottawa, Canada",f,18,t,Innes,45.4439,-75.52046,Private room in home,Private room,2,1.0,2.0,1.0,61.93,2026-06-24,2026-07-24,1858.0,61.93,30.0,365.0,t,30,60,90,90,2026-06-24,2,0,0,2024-08-12,2024-08-22,5.0,4.5,4.5,4.5,4.5,5.0,0.09,18,1
1713,1219501643251151237,2026-06-24,city scrape,"Safe, Clean Room, Central Area",423768453,Seynabou,4,9,3,5,"Ottawa, Canada",f,26,t,Beacon Hill-Cyrville,45.44961,-75.59738,Private room in rental unit,Private room,1,1.0,1.0,1.0,57.15,2026-06-24,2026-07-24,1714.42,57.15,30.0,365.0,t,30,60,90,365,2026-06-24,0,0,0,10,10,4.8,4.8,4.9,4.9,4.8,4.7,1.8,26,6
1714,1219554626939904276,2026-06-24,city scrape,Spa-Theme Urban Oasis w/Parking + Sauna,36637057,Thoma,11,0,9,3,"Ottawa, Canada",t,1,t,Beacon Hill-Cyrville,45.44179,-75.59536,Entire guest suite,Entire home/apt,3,1.5,1.0,3.0,212.0,2026-06-29,2026-06-30,212.0,212.0,1.0,1125.0,t,16,46,76,256,2026-06-24,105,60,62,2024-10-01,2026-06-14,4.83,4.84,4.92,4.95,4.89,4.74,4.98,1,1
1715,1220217483533813127,2026-06-24,city scrape,Cozy modern room with patio,595081434,Olusegun,1,10,1,10,"Ottawa, Canada",f,1,t,Barrhaven,45.24652,-75.75571,Private room in home,Private room,2,1.0,1.0,1.0,97.0,2026-06-24,2026-06-25,97.0,97.0,1.0,365.0,t,16,46,76,351,2026-06-24,11,8,0,2024-08-17,2026-06-06,4.27,4.45,4.73,4.36,4.64,4.36,0.49,1,0
1716,1220299661570606791,2026-06-24,city scrape,Private bedroom and washroom with free parking,231872283,Simran,7,6,2,0,"Ottawa, Canada",t,3,t,Rideau-Rockcliffe,45.44623,-75.63008,Private room in home,Private room,2,1.0,2.0,1.0,157.0,2026-06-24,2026-06-25,157.0,157.0,1.0,365.0,t,15,40,67,157,2026-06-24,106,52,51,2024-08-22,2026-06-21,4.89,4.88,4.93,4.93,4.83,4.89,4.73,3,0
1717,1220352973034524337,2026-06-24,city scrape,Sophisticated & Warm 4BD | Near Intl Airport,475319012,Jasmine,3,10,3,10,"Ottawa, Canada",t,13,t,River,45.3597,-75.67689,Entire home,Entire home/apt,10,2.0,4.0,4.0,237.09,2026-08-04,2026-09-03,7112.72,237.09,30.0,1125.0,t,3,22,52,327,2026-06-24,26,8,19,2024-08-16,2026-04-05,4.73,4.73,4.96,4.85,4.85,4.73,1.15,10,10
1718,1220447828972297043,2026-06-24,city scrape,Dynasty Home -Executive Home,550761329,Abimbola Oluwaseyi,2,6,2,3,"Ottawa, Canada",t,2,t,Barrhaven,45.24966,-75.76097,Private room in home,Private room,2,2.5,3.0,3.0,200.0,2026-07-19,2026-07-22,600.0,200.0,3.0,30.0,t,5,35,65,340,2026-06-24,0,0,0,10,10,4.8,4.8,4.9,4.9,4.8,4.7,1.8,2,1
1719,1221127336481883229,2026-07-02,previous scrape,Wonderful & Spacious 2br Condo,13855143,Kondwani,12,2,1,10,"Montreal, Canada",f,1,t,Somerset,45.41578,-75.70578,Entire rental unit,Entire home/apt,2,1.4,2.0,2.0,173.3,2026-07-09,2027-01-05,2246.7,173.3,180.0,365.0,f,23,53,83,358,2026-07-02,0,0,0,10,10,4.8,4.8,4.9,4.9,4.8,4.7,1.8,1,1
1720,1222046902123797056,2026-06-24,city scrape,Ultra Modern Designer House,311847703,Dr Brown,6,7,1,10,"Ottawa, Canada",f,1,t,Bay,45.36229,-75.85543,Entire home,Entire home/apt,10,4.0,5.0,5.0,1140.5,2026-06-29,2026-07-01,2281.0,1140.5,2.0,1125.0,t,12,21,34,257,2026-06-24,24,10,15,2024-08-18,2026-04-19,4.71,4.58,4.96,4.96,4.92,4.5,1.07,1,1
1721,1222556056965479671,2026-06-24,city scrape,Brand new one bed one bath condo,110864112,Amanda,9,5,2,11,"Toronto, Canada",t,2,t,Rideau-Vanier,45.43142,-75.67576,Entire rental unit,Entire home/apt,3,1.0,1.0,3.0,88.43,2026-08-01,2026-08-31,2653.0,88.43,30.0,548.0,t,0,22,30,203,2026-06-24,6,3,6,2025-02-12,2025-12-28,5.0,5.0,5.0,5.0,5.0,5.0,0.36,1,1
1722,1223990406479550063,2026-06-24,city scrape,private unit entire suite free parking,258105806,Othman,7,1,2,6,"Ottawa, Canada",t,1,t,Osgoode,45.30788,-75.59239,Entire guesthouse,Entire home/apt,3,1.4,2.0,2.0,155.0,2026-07-02,2026-07-03,155.0,155.0,1.0,90.0,t,14,38,55,55,2026-06-24,16,16,0,2026-02-15,2026-06-17,4.88,4.94,5.0,5.0,4.94,4.94,3.69,1,1
1723,1224044409880602158,2026-06-24,city scrape,Modern Master Retreat with Ensuite in Ottawa,8680095,Betty,12,9,7,8,"Ottawa, Canada",t,5,t,Rideau-Vanier,45.43964,-75.66469,Private room in home,Private room,2,1.5,2.0,1.0,205.5,2026-06-24,2026-06-26,411.0,205.5,2.0,365.0,t,20,33,55,328,2026-06-24,0,0,0,10,10,4.8,4.8,4.9,4.9,4.8,4.7,1.8,5,1
1724,1224569645965672884,2026-06-24,city scrape,Modern Double Room with Ensuite in Ottawa,8680095,Betty,12,9,7,8,"Ottawa, Canada",t,5,t,Rideau-Vanier,45.43908,-75.66464,Private room in home,Private room,1,1.5,2.0,1.0,136.94,2026-06-25,2026-06-26,136.94,136.94,1.0,365.0,t,19,32,54,327,2026-06-24,0,0,0,10,10,4.8,4.8,4.9,4.9,4.8,4.7,1.8,5,1
1725,1224578794678404384,2026-06-24,city scrape,Modern and Bright Double Bedroom in Ottawa,8680095,Betty,12,9,7,8,"Ottawa, Canada",t,5,t,Rideau-Vanier,45.43949,-75.66522,Private room in home,Private room,1,1.0,2.0,1.0,149.0,2026-06-25,2026-06-26,149.0,149.0,1.0,365.0,t,19,32,54,327,2026-06-24,1,0,0,2024-09-28,2024-09-28,5.0,5.0,5.0,5.0,5.0,5.0,0.05,5,1
1726,1224591710884990521,2026-06-24,city scrape,Modern Double Bedroom for Relaxation in Ottawa,8680095,Betty,12,9,7,8,"Ottawa, Canada",t,5,t,Rideau-Vanier,45.43992,-75.66471,Private room in home,Private room,1,1.5,2.0,1.0,137.0,2026-06-25,2026-06-26,137.0,137.0,1.0,365.0,t,19,32,54,327,2026-06-24,1,0,0,2024-09-27,2024-09-27,5.0,5.0,5.0,5.0,5.0,5.0,0.05,5,1
1727,1224886317509738062,2026-06-24,city scrape,Sunny & Stylish Upper-Level 2BR,42856432,Valerie,10,9,5,4,"Ottawa, Canada",t,2,t,Rideau-Vanier,45.43748748867577,-75.6561687501155,Entire rental unit,Entire home/apt,2,1.0,2.0,1.0,94.03,2026-07-01,2026-07-31,2820.75,94.03,30.0,365.0,t,23,53,83,358,2026-06-24,2,2,0,2026-01-01,2026-03-31,5.0,5.0,5.0,5.0,4.5,5.0,0.34,1,1
1728,1225010373184877341,2026-06-24,city scrape,Modern 4Bdrm - Single Home in Ottawa with Parking,397373331,Amina,5,2,1,1,"Ottawa, Canada",t,1,t,Barrhaven,45.25282220183824,-75.7535732746278,Entire home,Entire home/apt,8,3.5,3.0,4.0,270.12,2026-07-17,2026-08-16,8103.58,270.12,30.0,45.0,t,7,37,67,157,2026-06-24,28,23,22,2025-05-24,2026-05-24,4.75,4.79,4.82,4.82,4.86,4.71,2.12,1,1
1729,1225389743890263549,2026-06-24,city scrape,The Dow’s retreat with 2 car driveway,530865270,France,2,10,1,9,"Ottawa, Canada",f,1,t,Capital,45.40076,-75.70221,Entire home,Entire home/apt,6,1.0,3.0,3.0,198.14,2026-11-02,2026-12-02,5944.15,198.14,30.0,1125.0,t,0,0,1,235,2026-06-24,7,5,5,2025-02-28,2026-06-20,4.71,5.0,5.0,4.86,4.71,5.0,0.44,1,1
1730,1225466299778963004,2026-06-24,city scrape,Central Modern 3BR Canal | Dog-Friendly Home,177202134,Heather,8,3,1,0,"Ottawa, Canada",t,1,t,Capital,45.39128205729459,-75.69191639925313,Entire rental unit,Entire home/apt,6,1.0,3.0,3.0,201.33,2026-09-12,2026-10-12,6040.0,201.33,30.0,350.0,t,14,20,30,86,2026-06-24,6,6,2,2025-08-26,2026-06-03,5.0,5.0,5.0,5.0,5.0,5.0,0.59,1,1
1731,1225511319213615428,2026-06-24,city scrape,Marché Suites The Atelier 1 Bed,22350228,Jenny,11,8,7,5,"Ottawa, Canada",t,20,t,Rideau-Vanier,45.42814,-75.69027,Entire rental unit,Entire home/apt,2,1.0,1.0,1.0,152.67,2026-06-25,2026-07-25,4580.0,152.67,30.0,90.0,t,29,59,89,364,2026-06-24,0,0,0,10,10,4.8,4.8,4.9,4.9,4.8,4.7,1.8,15,15
1732,1225611812828244890,2026-06-24,city scrape,Apartment with Big Lounge,256733285,Simran,7,2,1,8,"Ottawa, Canada",t,1,t,Rideau-Goulbourn,45.21172991957911,-75.68211553486734,Entire rental unit,Entire home/apt,3,1.0,1.0,2.0,106.36,2026-06-25,2026-06-26,106.36,106.36,1.0,30.0,t,18,41,63,334,2026-06-24,107,69,68,2024-11-07,2026-06-23,4.93,4.92,4.97,4.96,4.8,4.85,5.39,1,1
1733,1226166166724136833,2026-06-24,city scrape,4 BDRM with Waterfront & Hot Tub,596943886,Corry,1,10,1,10,"Ottawa, Canada",f,1,t,Rideau-Vanier,45.4184431,-75.6647523,Entire home,Entire home/apt,7,2.5,4.0,4.0,585.5,2026-08-10,2026-08-14,2342.0,585.5,2.0,365.0,t,1,7,21,296,2026-06-24,18,8,12,2024-11-29,2026-05-17,4.83,4.83,4.89,4.78,4.78,4.67,0.94,1,1
1734,1226206852557619798,2026-06-24,city scrape,The Crownhill Lagoon,94368498,Charles,9,9,1,7,"Ottawa, Canada",t,1,t,Beacon Hill-Cyrville,45.4380052,-75.605847,Entire home,Entire home/apt,4,1.0,1.0,2.0,342.5,2026-06-29,2026-07-01,685.0,342.5,1.0,60.0,t,11,21,51,141,2026-06-24,67,36,42,2024-11-27,2026-06-09,4.97,4.96,4.94,4.99,4.94,4.94,3.5,1,1
1735,1226423125216651888,2026-06-24,city scrape,Marché Suites The Maya 1 Bed,22350228,Jenny,11,8,7,5,"Ottawa, Canada",t,20,t,Rideau-Vanier,45.42823,-75.6906,Entire rental unit,Entire home/apt,2,1.0,1.0,1.0,134.97,2026-06-24,2026-07-24,4049.0,134.97,30.0,90.0,t,30,60,90,365,2026-06-24,2,0,0,2024-09-25,2024-12-18,5.0,5.0,5.0,5.0,5.0,5.0,0.09,15,15
1736,1226787336302936400,2026-06-24,city scrape,Marché Suites The Amour 1 Bed,22350228,Jenny,11,8,7,5,"Ottawa, Canada",t,20,t,Rideau-Vanier,45.42901,-75.69032,Entire rental unit,Entire home/apt,2,1.0,1.0,1.0,152.67,2026-06-24,2026-07-24,4580.0,152.67,30.0,90.0,t,30,60,90,365,2026-06-24,0,0,0,10,10,4.8,4.8,4.9,4.9,4.8,4.7,1.8,15,15
1737,1226809914873766275,2026-06-24,city scrape,"Game Room, Theatre, King Bed, Private Patio",43424548,Sean,10,9,4,6,"Ottawa, Canada",t,22,t,Kanata South,45.28077,-75.87258,Entire home,Entire home/apt,8,3.5,4.0,6.0,324.0,2026-08-05,2026-09-04,9719.85,324.0,30.0,1125.0,t,4,22,52,112,2026-06-24,50,10,35,2024-08-26,2026-03-20,4.96,4.98,5.0,5.0,5.0,4.96,2.25,7,7
1738,1226858310156450050,2026-06-24,city scrape,Serene Central 2 bedroom,401767563,Roxanne,5,1,3,11,"Ottawa, Canada",t,7,t,Rideau-Vanier,45.44175,-75.65799,Entire townhouse,Entire home/apt,5,1.0,2.0,2.0,114.09,2027-02-02,2027-03-04,3422.83,114.09,30.0,1125.0,t,9,21,50,313,2026-06-24,7,3,6,2024-10-20,2025-12-21,4.43,4.57,4.43,4.57,4.57,4.57,0.34,5,5
1739,1226907065468442928,2026-06-24,city scrape,Marché Suites The Terra 2 Bed,22350228,Jenny,11,8,7,5,"Ottawa, Canada",t,20,t,Rideau-Vanier,45.42998,-75.69187,Entire rental unit,Entire home/apt,4,1.0,2.0,2.0,182.53,2026-08-18,2026-09-17,5476.0,182.53,30.0,90.0,t,0,5,35,310,2026-06-24,0,0,0,10,10,4.8,4.8,4.9,4.9,4.8,4.7,1.8,15,15
1740,1228439841211569783,2026-06-24,city scrape,Charming Getaway yet near Everything,7649249,Corey & Olga,12,11,1,8,"Ottawa, Canada",t,1,t,Kitchissippi,45.3925859,-75.7295924,Entire home,Entire home/apt,3,1.0,1.0,1.0,141.57,2026-09-09,2026-09-16,991.0,141.57,7.0,1125.0,t,3,3,13,162,2026-06-24,16,14,5,2024-12-31,2026-06-06,4.94,5.0,5.0,5.0,4.94,4.94,0.89,1,1
1741,1228527820288634046,2026-06-24,city scrape,4 Bedroom Luxury Barrhaven House,368688502,Daulton,5,9,3,6,"Ottawa, Canada",f,1,t,Barrhaven,45.26924,-75.78087,Entire home,Entire home/apt,8,2.5,4.0,4.0,293.17,2026-06-24,2026-07-24,8795.0,293.17,30.0,365.0,t,30,60,90,365,2026-06-24,1,0,1,2025-01-05,2025-01-05,2.0,2.0,2.0,1.0,3.0,2.0,0.06,1,1
1742,1228559623164775941,2026-06-24,city scrape,Marché Suite | The Aria Two Bed,25131124,Sovannara,11,6,7,5,"Ottawa, Canada",t,10,t,Rideau-Vanier,45.42842,-75.692,Room in hotel,Private room,4,1.0,2.0,2.0,289.86,2026-06-24,2026-06-25,289.86,289.86,1.0,30.0,t,19,42,72,345,2026-06-24,78,46,51,2024-08-31,2026-06-20,4.81,4.81,4.91,4.85,4.71,4.72,3.53,5,0
1743,1228574589727647885,2026-06-24,city scrape,Marché Suites | The Maya One Bed,25131124,Sovannara,11,6,7,5,"Ottawa, Canada",t,10,t,Rideau-Vanier,45.429284,-75.6913086,Room in hotel,Private room,2,1.0,1.0,1.0,238.51,2026-06-29,2026-06-30,238.51,238.51,1.0,365.0,t,13,35,60,330,2026-06-24,71,44,42,2024-09-27,2026-06-21,4.8,4.89,4.89,4.89,4.8,4.72,3.35,5,0
1744,1228580242608191122,2026-06-24,city scrape,Bright Private Spacious Unit with FREE Parking,597582005,Michael,1,10,1,9,"Ottawa, Canada",t,2,t,Innes,45.4448324356429,-75.52525846445742,Entire home,Entire home/apt,2,1.0,1.0,2.0,150.75,2026-07-15,2026-07-19,603.0,150.75,2.0,365.0,t,5,17,41,316,2026-06-24,55,26,32,2024-09-22,2026-05-27,4.8,4.89,4.85,4.89,4.91,4.85,2.57,2,2
1745,1228592671269859811,2026-06-24,city scrape,Marché Suites | The Terra 2 Bed,25131124,Sovannara,11,6,7,5,"Ottawa, Canada",t,10,t,Rideau-Vanier,45.429284,-75.6913086,Room in hotel,Private room,4,1.0,2.0,2.0,313.82,2026-06-24,2026-06-25,313.82,313.82,1.0,365.0,t,16,38,65,339,2026-06-24,96,59,68,2024-09-01,2026-06-06,4.84,4.85,4.96,4.89,4.86,4.7,4.35,5,0
1746,1228598662509969413,2026-06-24,city scrape,Marché Suites | Atelier One Bed,25131124,Sovannara,11,6,7,5,"Ottawa, Canada",t,10,t,Rideau-Vanier,45.429284,-75.6913086,Room in hotel,Private room,2,1.0,1.0,1.0,246.0,2026-06-25,2026-06-26,246.0,246.0,1.0,365.0,t,23,53,83,358,2026-06-24,53,34,38,2024-09-29,2026-05-31,4.79,4.94,4.87,4.92,4.68,4.75,2.51,5,0
1747,1228605841009029571,2026-06-24,city scrape,Marché Suites | Amour One Bed,25131124,Sovannara,11,6,7,5,"Ottawa, Canada",t,10,t,Rideau-Vanier,45.429284,-75.6913086,Room in hotel,Private room,2,1.0,1.0,1.0,228.24,2026-06-24,2026-06-25,228.24,228.24,1.0,365.0,t,27,46,65,327,2026-06-24,63,44,42,2024-09-01,2026-06-18,4.97,4.94,4.94,4.9,4.78,4.87,2.85,5,0
1748,1229719183864155110,2026-06-24,city scrape,*LUXE* 3BR Stay | Designer Touches + Private Patio,370610395,Mai,5,8,1,10,"Toronto, Canada",t,1,t,Barrhaven,45.26113,-75.75269,Entire home,Entire home/apt,6,2.5,3.0,3.0,499.27,2026-06-29,2026-07-01,998.53,499.27,1.0,14.0,t,21,38,65,65,2026-06-24,35,18,24,2024-09-29,2026-06-12,5.0,5.0,5.0,5.0,4.97,4.94,1.66,1,1
1749,1229795934094263514,2026-06-24,city scrape,Small Private Room Steps University Of Ottawa,510569116,Carlos,3,2,3,2,"Ottawa, Canada",f,47,t,Rideau-Vanier,45.42200660965303,-75.68054052125105,Private room in rental unit,Private room,1,2.0,2.0,1.0,61.07,2026-06-24,2026-07-24,1832.01,61.07,30.0,365.0,t,30,60,90,365,2026-06-24,0,0,0,10,10,4.8,4.8,4.9,4.9,4.8,4.7,1.8,26,0
1750,1229930175768291084,2026-06-24,city scrape,Marché Suites | The Aria 2 Bed,22350228,Jenny,11,8,7,5,"Ottawa, Canada",t,20,t,Rideau-Vanier,45.4286,-75.69161,Entire rental unit,Entire home/apt,4,1.0,2.0,2.0,177.0,2026-08-18,2026-09-17,5310.0,177.0,30.0,365.0,t,0,5,35,310,2026-06-24,0,0,0,10,10,4.8,4.8,4.9,4.9,4.8,4.7,1.8,15,15
1751,1230070568612113001,2026-06-24,city scrape,New Cozy Luxury House Hostel in Ottawa,195039046,Hong Tao,8,0,1,10,"Ottawa, Canada",t,3,t,Gloucester-South Nepean,45.2641599,-75.68893,Entire townhouse,Entire home/apt,6,2.5,3.0,3.0,156.71,2026-09-30,2026-10-30,4701.25,156.71,30.0,1125.0,t,0,0,0,267,2026-06-24,56,39,40,2024-08-30,2026-04-25,4.98,4.93,4.91,4.98,4.95,4.96,2.53,3,3
1752,1230650740000598420,2026-06-24,city scrape,New Cozy Luxury house 3BDR +free parking in Ottawa,195039046,Hong Tao,8,0,1,10,"Ottawa, Canada",t,3,t,Gloucester-South Nepean,45.26314,-75.68797,Entire home,Entire home/apt,6,2.5,3.0,3.0,153.95,2026-09-30,2026-10-31,4772.35,153.95,31.0,1125.0,t,0,0,0,172,2026-06-24,4,0,0,2024-09-26,2024-11-05,5.0,4.75,5.0,4.75,5.0,5.0,0.19,3,3
1753,1231891226570921601,2026-07-02,previous scrape,"Clean, executive-style apartment",417799875,Louise,4,10,1,9,"Ottawa, Canada",f,7,t,Innes,45.46537548177152,-75.51958491111449,Entire rental unit,Entire home/apt,6,1.4,3.0,2.0,51.52,2026-10-01,2026-12-30,4637.0,51.52,90.0,365.0,t,0,0,0,274,2026-07-02,0,0,0,10,10,4.8,4.8,4.9,4.9,4.8,4.7,1.8,7,7
1754,1232102621307578067,2026-06-24,city scrape,Charming Room in Ideal Location,423768453,Seynabou,4,9,3,5,"Ottawa, Canada",f,26,t,Beacon Hill-Cyrville,45.45113,-75.59878,Private room in rental unit,Private room,1,1.0,2.0,1.0,58.05,2026-06-24,2026-07-24,1741.42,58.05,30.0,365.0,t,30,60,90,365,2026-06-24,0,0,0,10,10,4.8,4.8,4.9,4.9,4.8,4.7,1.8,26,6
1755,1232112919562871717,2026-06-24,city scrape,Spacious Room Close to Amenities,423768453,Seynabou,4,9,3,5,"Ottawa, Canada",f,26,t,Beacon Hill-Cyrville,45.45038,-75.59862,Private room in rental unit,Private room,1,1.0,2.0,1.0,60.18,2026-06-24,2026-07-24,1805.28,60.18,30.0,365.0,t,30,60,90,365,2026-06-24,0,0,0,10,10,4.8,4.8,4.9,4.9,4.8,4.7,1.8,26,6
1756,1232157854539534446,2026-06-24,city scrape,"2 Bedrooms, Private forest view",545299287,Manoocher,2,7,1,9,"Ottawa, Canada",t,1,t,Stittsville-Kanata West,45.2743443,-75.9409285,Entire rental unit,Entire home/apt,4,1.0,2.0,1.0,177.0,2026-06-26,2026-06-27,177.0,177.0,1.0,1125.0,t,9,17,39,107,2026-06-24,162,94,96,2024-09-12,2026-06-14,4.8,4.88,4.94,4.81,4.85,4.82,7.47,1,1
1757,1232545400468154674,2026-06-24,city scrape,Temporary Housing Solution - Ottawa East & West,417799875,Louise,4,10,1,9,"Ottawa, Canada",f,7,t,Innes,45.46531528523041,-75.51979948783568,Entire rental unit,Entire home/apt,5,2.0,3.0,4.0,140.5,2026-10-01,2026-10-31,4215.0,140.5,30.0,730.0,t,0,0,0,266,2026-06-24,1,1,1,2025-10-01,2025-10-01,4.0,4.0,5.0,5.0,4.0,4.0,0.11,7,7
1758,1232597116034839733,2026-06-24,city scrape,Corporate and Crew Housing - Ottawa East & West,417799875,Louise,4,10,1,9,"Ottawa, Canada",f,7,t,Stittsville-Kanata West,45.27781879305974,-75.91507083862304,Entire rental unit,Entire home/apt,5,2.0,3.0,4.0,136.8,2026-07-23,2026-08-22,4104.0,136.8,30.0,730.0,t,1,31,61,336,2026-06-24,2,2,2,2025-08-24,2025-10-18,5.0,5.0,5.0,5.0,5.0,5.0,0.2,7,7
1759,1232682033897528574,2026-06-24,city scrape,Entire Home With Smart TV in all rooms,572101788,Akpevweoghene Glory,2,2,2,1,"Ottawa, Canada",f,3,t,Rideau-Goulbourn,45.24013,-75.74498,Entire home,Entire home/apt,6,1.4,3.0,5.0,167.77,2026-09-01,2026-10-01,5033.11,167.77,30.0,365.0,t,0,0,21,122,2026-06-24,11,3,10,2024-09-29,2025-08-05,4.18,4.36,4.82,4.91,4.27,4.36,0.52,2,2
1760,1232769044281827539,2026-07-02,previous scrape,Luxe with Fire Pit: 2 Min to Canadian Tire Center,145406866,Mohsen,8,10,1,9,"Ottawa, Canada",f,1,t,Kanata North,45.30507,-75.93424,Entire home,Entire home/apt,5,1.4,2.0,2.0,308.02,2026-11-05,2026-11-07,616.04,308.02,2.0,1125.0,t,0,0,0,58,2026-07-02,32,7,15,2024-10-05,2026-01-25,4.66,4.75,4.97,4.84,4.97,4.56,1.51,1,1
1761,1232958298675873855,2026-06-24,city scrape,2Bed | Little Italy Living,475319012,Jasmine,3,10,3,10,"Ottawa, Canada",t,13,t,Somerset,45.39997,-75.70874,Entire rental unit,Entire home/apt,6,1.0,2.0,3.0,129.2,2026-07-24,2026-08-23,3876.04,129.2,30.0,365.0,t,0,30,60,335,2026-06-24,32,4,18,2024-09-05,2026-04-21,4.69,4.59,4.91,4.88,4.88,4.56,1.46,10,10
1762,1233359310607669799,2026-06-24,city scrape,Luxury Home:Barrhaven12 min-Downtown 28 min-River,305048917,Mohammad,6,7,4,4,"Ottawa, Canada",t,10,t,Rideau-Goulbourn,45.21442,-75.67736,Entire villa,Entire home/apt,12,6.0,6.0,8.0,211.1,2026-08-20,2026-09-20,6544.0,211.1,31.0,180.0,t,4,7,37,228,2026-06-24,64,20,55,2024-10-21,2026-05-03,4.95,4.95,5.0,4.98,4.92,4.92,3.14,8,8
1763,1234323783701439400,2026-06-24,city scrape,Urban Haven | Private 2-BR Ottawa Suite,599008421,Mihika,1,9,0,10,"Ottawa, Canada",f,1,t,Gloucester-South Nepean,45.26598,-75.69915,Entire guest suite,Entire home/apt,4,1.0,2.0,2.0,184.0,2026-07-02,2026-07-03,184.0,184.0,1.0,365.0,t,7,23,40,314,2026-06-24,71,71,34,2025-08-28,2026-06-09,4.72,4.68,4.89,4.89,4.82,4.56,7.08,1,1
1764,1234829735553257580,2026-06-24,city scrape,Lovely App Downtown Ottawa 24D,41604531,Sam,10,10,9,4,"Ottawa, Canada",f,20,t,Rideau-Vanier,45.42863,-75.68891,Entire rental unit,Entire home/apt,2,1.0,1.0,1.0,141.0,2026-06-29,2026-06-30,141.0,141.0,1.0,365.0,t,3,14,35,303,2026-06-24,108,62,66,2024-09-02,2026-06-08,4.67,4.67,4.85,4.85,4.55,4.64,4.9,20,20
1765,1234869971658897567,2026-06-24,city scrape,Lovely App Downtown Ottawa 210D,41604531,Sam,10,10,9,4,"Ottawa, Canada",f,20,t,Rideau-Vanier,45.42878,-75.6878,Entire rental unit,Entire home/apt,2,1.0,1.0,1.0,152.0,2026-06-29,2026-06-30,152.0,152.0,1.0,365.0,t,1,6,12,267,2026-06-24,163,92,97,2024-09-11,2026-06-21,4.74,4.79,4.94,4.93,4.71,4.77,7.5,20,20
1766,1234878985283633902,2026-06-24,city scrape,Entire App Downtown Ottawa 23D,41604531,Sam,10,10,9,4,"Ottawa, Canada",f,20,t,Rideau-Vanier,45.42725,-75.68854,Entire rental unit,Entire home/apt,2,1.0,2.0,1.0,141.0,2026-06-29,2026-06-30,141.0,141.0,1.0,365.0,t,7,15,25,285,2026-06-24,112,72,65,2024-09-11,2026-06-06,4.68,4.84,4.96,4.96,4.61,4.71,5.15,20,20
1767,1234952484415455372,2026-06-24,city scrape,Lovely App Downtown Ottawa 33D,41604531,Sam,10,10,9,4,"Ottawa, Canada",f,20,t,Rideau-Vanier,45.42906,-75.68442,Entire rental unit,Entire home/apt,2,1.0,1.0,1.0,133.0,2026-06-24,2026-06-25,133.0,133.0,1.0,365.0,t,12,26,47,314,2026-06-24,96,53,51,2024-09-07,2026-06-07,4.63,4.78,4.91,4.92,4.41,4.63,4.39,20,20
1768,1234974900237598453,2026-06-24,city scrape,Lovely Place Downtown Ottawa 32D,41604531,Sam,10,10,9,4,"Ottawa, Canada",f,20,t,Rideau-Vanier,45.43049,-75.68383,Entire rental unit,Entire home/apt,2,1.0,1.0,1.0,135.0,2026-06-24,2026-06-25,135.0,135.0,1.0,365.0,t,9,19,44,319,2026-06-24,75,44,58,2024-10-04,2026-06-21,4.65,4.73,4.91,4.95,4.35,4.67,3.58,20,20
1769,1235489867610902734,2026-06-24,city scrape,Lovely App Downtown Ottawa 25D,41604531,Sam,10,10,9,4,"Ottawa, Canada",f,20,t,Rideau-Vanier,45.4283,-75.68902,Entire rental unit,Entire home/apt,2,1.0,1.0,1.0,152.0,2026-07-04,2026-07-05,152.0,152.0,1.0,365.0,t,5,11,33,292,2026-06-24,111,67,66,2024-09-12,2026-06-17,4.65,4.7,4.86,4.95,4.63,4.66,5.12,20,20
1770,1235547741626906118,2026-06-24,city scrape,1-bed App Downtown Ottawa 27D,41604531,Sam,10,10,9,4,"Ottawa, Canada",f,20,t,Rideau-Vanier,45.4282,-75.68762,Entire rental unit,Entire home/apt,2,1.0,1.0,1.0,152.0,2026-07-05,2026-07-06,152.0,152.0,1.0,365.0,t,5,8,18,281,2026-06-24,87,44,53,2024-10-08,2026-05-26,4.74,4.83,4.94,4.93,4.53,4.78,4.18,20,20
1771,1235569507996420012,2026-07-02,previous scrape,1 Room with Workspace+TV,577065056,Elvis,2,1,1,9,"Ottawa, Canada",f,4,t,Innes,45.43,-75.52168,Private room in townhouse,Private room,2,1.4,2.0,2.0,173.3,0000-00-00,"""0000-00-00""",2246.7,173.3,1.0,365.0,t,0,0,0,0,2026-07-02,11,1,2,2024-09-05,2025-10-27,4.73,4.82,4.64,4.91,4.55,4.91,0.5,4,0
1772,1235572093301755494,2026-06-24,city scrape,Lovely Place Downtown Ottawa 35D,41604531,Sam,10,10,9,4,"Ottawa, Canada",f,20,t,Rideau-Vanier,45.42993,-75.68264,Entire rental unit,Entire home/apt,4,1.4,2.0,2.0,166.0,2026-07-05,2026-07-06,166.0,166.0,1.0,365.0,t,4,6,22,286,2026-06-24,133,84,103,2024-09-15,2026-06-21,4.6,4.67,4.8,4.89,4.32,4.59,6.16,20,20
1773,1235778830134571494,2026-06-24,city scrape,Bright Spacious Personal Oasis,470480052,Marenglena,3,11,1,9,"Ottawa, Canada",t,2,t,Rideau-Goulbourn,45.19479219999999,-75.833918,Entire home,Entire home/apt,2,1.0,1.0,1.0,249.0,2026-07-01,2026-07-02,249.0,249.0,1.0,365.0,t,19,46,76,166,2026-06-24,18,9,10,2024-09-16,2026-05-30,4.94,4.94,5.0,5.0,4.89,4.89,0.83,1,1
1774,1236219463246977790,2026-06-24,city scrape,Entire Exclusive Townhouse 2 bedroom 1.5 bathroom,166322864,Calvin,8,5,1,9,"Ottawa, Canada",f,3,t,Barrhaven,45.25201,-75.75771,Entire home,Entire home/apt,4,1.5,2.0,2.0,388.0,2026-06-25,2026-06-26,388.0,388.0,1.0,365.0,t,4,29,59,334,2026-06-24,5,1,3,2024-11-05,2026-03-03,4.6,5.0,5.0,4.8,4.8,4.0,0.25,3,2
1775,1236503336418964304,2026-06-24,city scrape,Private Basement For 2-4 People,581748235,Bennett,2,0,1,9,"Ottawa, Canada",t,1,t,Gloucester-South Nepean,45.31307,-75.59936,Entire home,Entire home/apt,4,1.5,1.0,3.0,117.0,2026-07-04,2026-07-06,234.0,117.0,1.0,365.0,t,12,27,33,71,2026-06-24,53,38,24,2024-09-27,2026-06-08,4.89,4.87,4.96,4.92,4.89,4.83,2.5,1,1
1776,1236845311662516889,2026-06-24,city scrape,2-Bed App Downtown Ottawa 36D,41604531,Sam,10,10,9,4,"Ottawa, Canada",f,20,t,Rideau-Vanier,45.4285,-75.68281,Entire rental unit,Entire home/apt,4,1.4,2.0,2.0,166.0,2026-07-02,2026-07-03,166.0,166.0,1.0,365.0,t,3,6,13,264,2026-06-24,171,96,103,2024-09-10,2026-06-16,4.63,4.73,4.89,4.89,4.39,4.65,7.86,20,20
1777,1236874641428149237,2026-06-24,city scrape,Lovely Apt Downtown Ottawa 28D,41604531,Sam,10,10,9,4,"Ottawa, Canada",f,20,t,Rideau-Vanier,45.42736,-75.68898,Entire rental unit,Entire home/apt,2,1.0,2.0,1.0,141.0,2026-06-28,2026-06-29,141.0,141.0,1.0,365.0,t,4,7,19,281,2026-06-24,122,67,79,2024-09-06,2026-06-15,4.63,4.73,4.89,4.92,4.59,4.66,5.57,20,20
1778,1237054941367771959,2026-06-24,city scrape,Cozy New Edinburgh Retreat,13447253,Pilar,12,3,1,9,"Ottawa, Canada",t,1,t,Rideau-Rockcliffe,45.44048,-75.67918,Entire rental unit,Entire home/apt,3,2.0,1.0,2.0,118.0,2026-07-04,2026-07-06,236.0,118.0,1.0,7.0,t,14,18,32,120,2026-06-24,41,18,28,2024-09-12,2025-10-20,4.85,4.88,4.93,4.93,4.95,4.83,1.89,1,1
1779,1237079099800515279,2026-06-24,city scrape,Peaceful Room,599670020,Ademola,1,9,1,7,"Ottawa, Canada",t,4,t,Innes,45.4314243,-75.5167988,Private room in home,Private room,1,1.4,2.0,1.0,60.0,2026-07-01,2026-07-02,60.0,60.0,1.0,365.0,t,23,53,83,358,2026-06-24,62,50,47,2024-11-25,2026-06-09,4.82,4.84,4.84,4.79,4.76,4.87,3.22,4,0
1780,1237107537760839908,2026-06-24,city scrape,Westboro Private Room + Ensuite,40032890,Shannon,10,10,1,9,"Ottawa, Canada",t,2,t,Kitchissippi,45.40207,-75.74454,Private room in home,Private room,2,1.4,2.0,1.0,147.4,2026-06-28,2026-07-03,737.0,147.4,5.0,365.0,t,7,14,19,24,2026-06-24,14,6,9,2024-09-30,2026-06-15,5.0,5.0,5.0,5.0,5.0,5.0,0.66,2,0
1781,1237114638646750802,2026-06-24,city scrape,Goodness Room,599670020,Ademola,1,9,1,7,"Ottawa, Canada",t,4,t,Innes,45.432429233207486,-75.51580382670444,Private room in home,Private room,1,1.5,2.0,1.0,60.0,2026-07-01,2026-07-02,60.0,60.0,1.0,365.0,t,23,44,71,346,2026-06-24,30,24,27,2024-11-25,2025-12-04,4.87,4.97,4.93,4.93,4.9,4.87,1.56,4,0
1782,1237666472756620681,2026-06-24,city scrape,Brand New Spacious 3BDR Suite,7261181,Stefania,12,11,0,10,"Ottawa, Canada",f,2,t,College,45.31657471250536,-75.82006624971984,Entire rental unit,Entire home/apt,5,1.0,3.0,3.0,127.23,2026-08-01,2026-08-31,3817.0,127.23,30.0,365.0,t,0,22,52,327,2026-06-24,3,3,3,2025-10-01,2025-12-31,4.67,4.67,5.0,5.0,4.67,4.33,0.34,2,2
1783,1237673866475513214,2026-06-24,city scrape,2BR Downtown Escape: House w Hot Tub + Pool,19494928,Kathy,11,10,11,9,"Cabarete, Dominican Republic",t,4,t,Somerset,45.40597047668811,-75.7137705758214,Entire home,Entire home/apt,4,1.4,2.0,2.0,445.25,2026-07-27,2026-07-31,1781.0,445.25,1.0,365.0,t,4,15,16,290,2026-06-24,11,11,8,2025-08-03,2026-05-15,5.0,5.0,4.91,5.0,5.0,5.0,1.01,1,1
1784,1237999266958319558,2026-06-24,city scrape,Cozy Two Room Suite With Workspace,577065056,Elvis,2,1,1,9,"Ottawa, Canada",f,4,t,Innes,45.4297198,-75.5223068,Private room in home,Private room,4,1.0,2.0,2.0,206.0,2026-06-29,2026-06-30,206.0,206.0,1.0,1125.0,t,4,23,53,143,2026-06-24,14,12,2,2024-09-29,2026-05-31,4.64,4.86,4.71,4.71,4.5,4.71,0.66,4,0
1785,1238348026485878481,2026-06-24,city scrape,1 Bedroom for rent,650179920,Saleh,1,9,1,9,"Ottawa, Canada",f,2,t,Alta Vista,45.38577,-75.67245,Private room in rental unit,Private room,2,1.0,2.0,1.0,77.0,2026-06-24,2026-06-25,77.0,77.0,1.0,365.0,t,25,55,85,360,2026-06-24,0,0,0,10,10,4.8,4.8,4.9,4.9,4.8,4.7,1.8,2,0
1786,1238358451288695909,2026-06-24,city scrape,Guest suite in Ottawa,577292832,Sobia,2,1,1,9,"Ottawa, Canada",t,3,t,Cumberland,45.50441,-75.4641,Private room in home,Private room,2,1.0,2.0,1.0,169.0,2026-07-06,2026-07-07,169.0,169.0,1.0,28.0,t,18,48,78,132,2026-06-24,41,22,31,2024-09-08,2026-06-21,4.76,4.9,4.93,4.9,4.76,4.71,1.88,3,0
1787,1238411108955104025,2026-07-02,previous scrape,Room for rent,650202059,Comfort,1,9,1,9,"Ottawa, Canada",f,2,t,Gloucester-South Nepean,45.28235165473564,-75.72105780243874,Private room in home,Private room,2,1.4,2.0,2.0,173.3,0000-00-00,"""0000-00-00""",2246.7,173.3,1.0,1125.0,t,0,0,0,0,2026-07-02,6,3,3,2024-09-21,2025-08-31,4.33,5.0,4.33,4.5,4.83,4.83,0.28,1,0
1788,1239294569432828391,2026-06-24,city scrape,Downtown Ottawa ByWard Apartment,650445491,Lilly,1,9,1,9,"Ottawa, Canada",f,1,t,Rideau-Vanier,45.42965,-75.68821,Entire rental unit,Entire home/apt,3,1.0,1.0,1.0,98.22,2026-09-16,2026-10-14,2750.04,98.22,28.0,1125.0,t,0,0,6,281,2026-06-24,5,3,3,2024-12-15,2026-05-01,4.8,4.8,4.8,4.8,4.6,4.8,0.27,1,1
1789,1239735885397799727,2026-06-24,city scrape,Cozy apartment close to HW 417,88215766,Vlad,9,10,9,3,"Ottawa, Canada",t,1,t,River,45.38276154249408,-75.73604922306181,Entire condo,Entire home/apt,2,1.0,1.0,1.0,160.0,2026-07-05,2026-07-06,160.0,160.0,1.0,180.0,t,5,20,29,273,2026-06-24,65,37,37,2024-12-02,2026-06-17,4.85,4.88,4.85,4.89,4.75,4.82,3.42,1,1
1790,1239853842494179489,2026-06-24,city scrape,The Elegant Five-Bedroom Retreat,148457201,Allegria,8,9,5,7,"Ottawa, Canada",f,4,t,Alta Vista,45.38069540002944,-75.66856926105066,Entire home,Entire home/apt,10,2.0,5.0,8.0,387.0,2026-07-05,2026-07-07,774.0,387.0,2.0,365.0,t,10,20,26,266,2026-06-24,47,36,24,2024-12-22,2026-06-12,4.79,4.83,4.89,4.81,4.68,4.81,2.56,3,3
1791,1241331213897797134,2026-07-02,previous scrape,Comfortable Bedroom & Workspace,486390803,Ditah,3,7,3,7,"Clarence-Rockland, Canada",f,3,t,Orleans,45.48441,-75.50469,Private room in rental unit,Private room,2,1.4,2.0,2.0,173.3,0000-00-00,"""0000-00-00""",2246.7,173.3,1.0,365.0,t,0,0,0,0,2026-07-02,5,0,0,2024-09-13,2024-09-30,4.6,4.8,4.8,5.0,5.0,4.8,0.23,1,0
1792,1242805692856594425,2026-06-24,city scrape,Bedrooom w/ bath + living room,7779150,Faraz,12,10,1,8,"Ottawa, Canada",t,1,t,Cumberland,45.46660179680188,-75.48391004190547,Private room in home,Private room,2,1.0,2.0,1.0,115.0,2026-06-30,2026-07-01,115.0,115.0,1.0,14.0,t,19,37,67,67,2026-06-24,118,59,75,2024-10-16,2026-06-22,4.9,4.92,4.93,4.91,4.92,4.86,5.74,1,0
1793,1243096788070444397,2026-06-24,city scrape,Cozy room in secure building,423768453,Seynabou,4,9,3,5,"Ottawa, Canada",f,26,t,Beacon Hill-Cyrville,45.45046,-75.59693,Private room in rental unit,Private room,1,1.0,2.0,1.0,76.89,2026-06-24,2026-07-24,2306.84,76.89,30.0,365.0,t,30,60,90,365,2026-06-24,0,0,0,10,10,4.8,4.8,4.9,4.9,4.8,4.7,1.8,26,6
1794,1243133559721292638,2026-06-24,city scrape,"Secure, Convenient Room for Rent",423768453,Seynabou,4,9,3,5,"Ottawa, Canada",f,26,t,Beacon Hill-Cyrville,45.44967,-75.5988,Private room in rental unit,Private room,1,1.0,2.0,1.0,60.27,2026-06-30,2026-07-05,301.35,60.27,5.0,365.0,t,25,55,85,360,2026-06-24,0,0,0,10,10,4.8,4.8,4.9,4.9,4.8,4.7,1.8,26,6
1795,1243830654186938635,2026-06-24,city scrape,Peaceful Queen Room • Desk • Near Downtown Ottawa,651530087,Eissa,1,9,1,9,"Ottawa, Canada",f,5,t,Alta Vista,45.4084912,-75.6471892,Private room in home,Private room,2,2.0,2.0,1.0,86.0,2026-06-25,2026-06-26,86.0,86.0,1.0,1125.0,t,16,46,76,351,2026-06-24,160,94,97,2024-09-22,2026-05-26,4.55,4.71,4.84,4.79,4.68,4.59,7.49,5,0
1796,1243875696941391737,2026-06-24,city scrape,Relaxing Queen Room Work Space Minutes to-DTown,651530087,Eissa,1,9,1,9,"Ottawa, Canada",f,5,t,Alta Vista,45.4084912,-75.6471892,Private room in home,Private room,2,2.0,2.0,1.0,90.0,2026-06-24,2026-06-25,90.0,90.0,1.0,1125.0,t,18,48,78,353,2026-06-24,150,80,86,2024-09-22,2026-06-09,4.53,4.69,4.77,4.76,4.71,4.53,7.02,5,0
1797,1243882151210486793,2026-06-24,city scrape,Spacious Queen Room • Projector • Near DT Ottawa,651530087,Eissa,1,9,1,9,"Ottawa, Canada",f,5,t,Alta Vista,45.4084912,-75.6471892,Private room in home,Private room,2,2.0,2.0,1.0,90.0,2026-07-06,2026-07-07,90.0,90.0,1.0,1125.0,t,15,45,75,350,2026-06-24,142,77,88,2024-09-15,2026-06-08,4.63,4.8,4.85,4.8,4.69,4.64,6.57,5,0
1798,1244215634730156753,2026-06-24,city scrape,Contemporary Private Studio Space,651661557,Aldeep,1,9,1,9,"Ottawa, Canada",f,1,t,Kanata North,45.32653163402675,-75.92911829513194,Entire rental unit,Entire home/apt,1,1.0,1.0,1.0,72.59,2026-08-23,2026-09-22,2177.66,72.59,30.0,1125.0,t,0,0,30,305,2026-06-24,3,2,2,2025-02-19,2026-04-25,5.0,5.0,4.67,4.67,5.0,4.67,0.18,1,1
1799,1244389609988205531,2026-06-24,city scrape,apartment-Tina's Gem  walk to  Parliament Hill,140827590,Tina,8,11,2,8,"Ottawa, Canada",f,2,t,Somerset,45.41123,-75.6984,Entire guest suite,Entire home/apt,2,1.0,1.0,1.0,170.0,2026-06-24,2026-06-25,170.0,170.0,1.0,365.0,t,1,5,18,185,2026-06-24,56,37,38,2024-10-13,2026-06-13,4.66,4.79,4.96,4.86,4.79,4.57,2.71,2,2
1800,1244399823320509979,2026-06-24,city scrape,apartment-Tina's place walk to  Parliament Hill,140827590,Tina,8,11,2,8,"Ottawa, Canada",f,2,t,Somerset,45.41259,-75.70062,Entire guest suite,Entire home/apt,2,1.0,1.0,1.0,175.0,2026-06-29,2026-06-30,175.0,175.0,1.0,365.0,t,3,12,35,208,2026-06-24,47,32,23,2024-09-29,2026-06-18,4.74,4.77,4.87,4.96,4.81,4.66,2.22,2,2
1801,1244580462080720918,2026-06-24,city scrape,Boho Retreat close to Downtown,201479162,Sneha,7,11,1,9,"Ottawa, Canada",t,1,t,Kitchissippi,45.39629434559996,-75.75649381515306,Entire home,Entire home/apt,4,1.0,1.0,2.0,308.12,2026-06-25,2026-06-26,308.12,308.12,1.0,120.0,t,4,20,34,109,2026-06-24,31,13,30,2024-11-01,2025-12-21,4.9,4.97,5.0,5.0,5.0,4.81,1.55,1,1
1802,1245720579076162650,2026-07-02,previous scrape,Charming 3BRM Bungalow- Barrhaven/Kanata near 416,385504789,Jessica,5,5,4,8,"Sarasota, FL",f,8,t,Rideau-Goulbourn,45.26583,-75.82247,Entire home,Entire home/apt,6,1.4,3.0,2.0,147.83,2026-08-20,2026-09-19,4435.0,147.83,30.0,365.0,t,0,12,42,139,2026-07-02,4,1,4,2025-01-31,2025-08-07,5.0,4.75,5.0,5.0,5.0,4.5,0.23,1,1
1803,1246027867092766951,2026-06-24,city scrape,Cozy Comfy Bachelor Pad,16029536,Korosh,12,0,5,11,"Ottawa, Canada",f,11,t,Capital,45.37719492842364,-75.67142888903618,Private room in bed and breakfast,Private room,2,1.0,1.0,1.0,60.29,2026-10-18,2026-11-17,1808.6,60.29,30.0,365.0,t,8,8,8,257,2026-06-24,1,1,0,2026-05-13,2026-05-13,5.0,5.0,5.0,5.0,5.0,5.0,0.7,7,6
1804,1246298478201915397,2026-07-02,previous scrape,Alterra - Sandy Hill,143745275,Christopher,8,10,8,6,"Ottawa, Canada",f,5,t,Rideau-Vanier,45.42637,-75.67973,Entire rental unit,Entire home/apt,4,1.4,2.0,2.0,173.3,0000-00-00,"""0000-00-00""",2246.7,173.3,30.0,365.0,t,0,0,0,0,2026-07-02,2,1,0,2024-11-05,2026-04-30,4.5,4.5,5.0,5.0,5.0,5.0,0.1,3,3
1805,1246397425759133919,2026-06-24,city scrape,Private Room 3 mins walk Uottawa,510569116,Carlos,3,2,3,2,"Ottawa, Canada",f,47,t,Rideau-Vanier,45.42171,-75.67842,Private room in rental unit,Private room,1,2.0,2.0,1.0,42.2,2026-06-24,2026-07-24,1266.02,42.2,30.0,365.0,t,30,60,90,365,2026-06-24,1,1,1,2025-08-10,2025-08-10,4.0,5.0,4.0,5.0,5.0,3.0,0.09,26,0
1806,1246955465082412768,2026-06-24,city scrape,Westboro Private Getaway Room + Bath,40032890,Shannon,10,10,1,9,"Ottawa, Canada",t,2,t,Kitchissippi,45.40229,-75.74621,Private room in home,Private room,2,1.5,2.0,1.0,128.0,2026-08-04,2026-08-09,640.0,128.0,5.0,365.0,t,0,19,49,58,2026-06-24,10,5,7,2024-11-05,2025-11-15,5.0,5.0,4.9,4.8,4.9,5.0,0.5,2,0
1807,1247981794510683500,2026-06-24,city scrape,Downtown Ottawa Apartment,152755430,Lara,8,8,2,1,"Toronto, Canada",f,1,t,Capital,45.41535136024339,-75.67162849595773,Entire rental unit,Entire home/apt,2,1.0,1.0,1.0,110.63,2026-06-24,2026-07-24,3319.0,110.63,30.0,200.0,t,30,60,90,365,2026-06-24,0,0,0,10,10,4.8,4.8,4.9,4.9,4.8,4.7,1.8,1,1
1808,1248110775049226880,2026-06-24,city scrape,Elegant Spacious Private Unit with free parking,597582005,Michael,1,10,1,9,"Ottawa, Canada",t,2,t,Innes,45.44424348370021,-75.52511745921139,Entire home,Entire home/apt,2,1.4,1.0,2.0,133.25,2026-07-02,2026-07-05,399.75,133.25,3.0,365.0,t,16,38,62,337,2026-06-24,45,28,26,2024-09-22,2026-06-14,4.71,4.84,4.91,4.89,4.96,4.67,2.11,2,2
1809,1248609797256953843,2026-06-24,city scrape,Clean Bedroom beside College Square-YoyoCozyStay,374701669,Yoyo Cozy Stay,5,7,3,8,"Ottawa, Canada",f,4,t,College,45.34937,-75.74758,Private room in home,Private room,1,2.0,1.0,1.0,30.33,2026-10-31,2026-11-30,909.91,30.33,30.0,365.0,t,0,0,0,236,2026-06-24,62,21,46,2024-10-05,2025-12-20,4.44,4.58,4.87,4.73,4.52,4.39,2.96,4,0
1810,1248673740421264770,2026-06-24,city scrape,Dream room students/workers,423768453,Seynabou,4,9,3,5,"Ottawa, Canada",f,26,t,Beacon Hill-Cyrville,45.45096237458535,-75.59891261056448,Private room in rental unit,Private room,1,1.0,2.0,1.0,70.54,2026-06-24,2026-07-24,2116.15,70.54,30.0,365.0,t,30,60,90,365,2026-06-24,2,0,0,2024-09-26,2024-10-06,5.0,5.0,5.0,5.0,5.0,5.0,0.09,26,6
1811,1249299236389742228,2026-07-02,previous scrape,Grand large King size bedroom&Private bathroom,374701669,Yoyo Cozy Stay,5,7,3,8,"Ottawa, Canada",f,4,t,College,45.34745,-75.747,Private room in home,Private room,2,1.4,1.0,2.0,50.69,2026-07-31,2026-08-30,1520.84,50.69,30.0,365.0,t,1,31,61,336,2026-07-02,54,10,33,2024-10-03,2025-09-05,4.8,4.81,4.96,4.81,4.72,4.76,2.54,4,0
1812,1249306329312203297,2026-06-24,city scrape,Steps to University of Ottawa and Rideau Center,510569116,Carlos,3,2,3,2,"Ottawa, Canada",f,47,t,Rideau-Vanier,45.42392706536185,-75.67832146296959,Private room in rental unit,Private room,1,2.0,1.0,1.0,87.23,2026-06-24,2026-07-24,2616.77,87.23,30.0,365.0,t,30,60,90,365,2026-06-24,0,0,0,10,10,4.8,4.8,4.9,4.9,4.8,4.7,1.8,26,0
1813,1249945248897262255,2026-06-24,city scrape,E-Single bedroom in cozy house-YoyoCozyStay,374701669,Yoyo Cozy Stay,5,7,3,8,"Ottawa, Canada",f,4,t,College,45.347663472047664,-75.74608660889854,Private room in home,Private room,1,1.0,1.0,1.0,33.22,2026-10-01,2026-10-31,996.67,33.22,30.0,365.0,t,6,14,14,280,2026-06-24,48,9,38,2024-10-12,2025-12-01,4.65,4.73,4.94,4.85,4.79,4.6,2.32,4,0
1814,1250187897116849361,2026-06-24,city scrape,Cozy 2 Bedroom in Centretown,85297148,Short And Suite BnB,9,11,9,4,"Ottawa, Canada",t,51,t,Somerset,45.413078698334445,-75.69824795976939,Entire rental unit,Entire home/apt,4,1.0,2.0,2.0,433.0,2026-07-07,2026-07-09,866.0,433.0,2.0,365.0,t,12,34,47,314,2026-06-24,71,56,51,2025-01-22,2026-06-22,4.77,4.73,4.96,4.87,4.79,4.68,4.1,28,28
1815,1250615430672328433,2026-06-24,city scrape,Charming 3bdrm Home in Centretown w Free Parking,380704959,Kareem Sami,5,6,1,10,"Toronto, Canada",f,1,t,Kitchissippi,45.39737333469933,-75.71192160340335,Entire home,Entire home/apt,8,2.5,3.0,3.0,374.0,2026-06-24,2026-06-25,374.0,374.0,1.0,365.0,t,4,7,15,253,2026-06-24,110,71,79,2025-01-25,2026-06-11,4.75,4.8,4.95,4.93,4.89,4.72,6.4,1,1
1816,1251709368044116558,2026-06-24,city scrape,Cozy retreat - Beechwood Village,14235766,Kevin,12,2,1,9,"Ottawa, Canada",f,1,t,Rideau-Vanier,45.443598750170814,-75.66740089957881,Entire rental unit,Entire home/apt,4,1.0,2.0,2.0,115.17,2026-10-31,2026-12-01,3570.18,115.17,31.0,365.0,t,0,0,0,236,2026-06-24,3,1,2,2024-11-04,2025-07-31,5.0,5.0,5.0,5.0,5.0,5.0,0.15,1,1
1817,1253835565598681336,2026-06-24,city scrape,Room in Ottawa,577292832,Sobia,2,1,1,9,"Ottawa, Canada",t,3,t,Cumberland,45.50399,-75.46562,Private room in home,Private room,1,1.0,2.0,1.0,112.0,2026-06-26,2026-06-27,112.0,112.0,1.0,28.0,t,28,58,88,88,2026-06-24,44,20,27,2024-10-02,2026-06-19,4.82,4.89,4.95,4.93,4.61,4.8,2.09,3,0
1818,1254414461639328708,2026-06-24,city scrape,"Centretown: Clean, room w/private bath + balcony",58779242,Rym,10,4,10,4,"Ottawa, Canada",f,8,t,Somerset,45.409399996479365,-75.69717040054282,Private room in home,Private room,2,1.0,2.0,1.0,90.0,2026-07-13,2026-07-15,180.0,90.0,2.0,1125.0,t,2,19,36,195,2026-06-24,78,47,47,2024-10-15,2026-06-09,4.79,4.87,4.83,4.91,4.85,4.77,3.79,5,3
1819,1254415901763416563,2026-06-24,city scrape,"Centretown: Clean, Private Room in Heritage Home",58779242,Rym,10,4,10,4,"Ottawa, Canada",f,8,t,Somerset,45.41114094032824,-75.69733228297554,Private room in home,Private room,2,1.0,2.0,1.0,129.0,2026-07-17,2026-07-18,129.0,129.0,1.0,1125.0,t,1,27,30,106,2026-06-24,59,35,38,2024-12-05,2026-06-06,4.8,4.76,4.85,4.81,4.64,4.66,3.12,5,3
1820,1255181811095469160,2026-06-24,city scrape,The Como Hideaway | Orleans Townhouse,145997765,The Como Hideaway,8,10,1,6,"Ottawa, Canada",t,1,t,Orleans,45.4777537656107,-75.4733137100874,Entire townhouse,Entire home/apt,4,1.5,2.0,2.0,264.67,2026-06-25,2026-06-28,794.0,264.67,3.0,365.0,t,14,14,16,16,2026-06-24,27,20,16,2024-12-26,2026-05-17,4.85,4.93,4.96,4.93,4.89,4.74,1.48,1,1
1821,1255307426508993137,2026-06-24,city scrape,Cozy Room with Workspace and TV,577065056,Elvis,2,1,1,9,"Ottawa, Canada",f,4,t,Innes,45.4297198,-75.5223068,Private room in home,Private room,2,1.0,2.0,1.0,92.0,2026-06-29,2026-06-30,92.0,92.0,1.0,365.0,t,8,27,57,147,2026-06-24,38,22,21,2024-10-13,2026-06-10,4.66,4.79,4.84,4.89,4.58,4.68,1.84,4,0
1822,1257353385665054229,2026-06-24,city scrape,Apartment Ensuite near Airport & DT - Free Parking,654825422,Shruti,1,8,1,7,"Ottawa, Canada",t,1,t,Gloucester-South Nepean,45.3166046,-75.5946749,Private room in townhouse,Private room,2,1.0,2.0,1.0,111.0,2026-07-05,2026-07-06,111.0,111.0,1.0,1125.0,t,7,31,57,139,2026-06-24,218,127,140,2024-12-03,2026-06-21,4.95,4.96,4.99,4.99,4.89,4.93,11.49,1,0
1823,1258133758905575546,2026-06-24,city scrape,Bright comfy Room with desk,191000580,Margaret,8,1,6,6,"Toronto, Canada",f,4,t,Barrhaven,45.261989295870166,-75.75623113933888,Private room in home,Private room,1,1.5,2.0,1.0,33.98,2026-08-01,2026-08-31,1019.52,33.98,30.0,1125.0,t,0,22,52,232,2026-06-24,3,3,0,2026-01-09,2026-05-01,3.67,3.67,3.67,3.67,3.67,3.33,0.54,3,0
1824,1258780293238193793,2026-06-24,city scrape,Ultimate Cozy Corner,122524816,Kayla,9,2,8,7,Canada,t,1,t,Knoxdale-Merivale,45.3583,-75.72191,Entire home,Entire home/apt,4,1.0,2.0,2.0,173.3,0000-00-00,"""0000-00-00""",2246.7,173.3,30.0,1125.0,t,15,15,15,55,2026-06-24,7,5,6,2025-05-02,2026-06-03,5.0,5.0,5.0,5.0,4.86,5.0,0.5,1,1
1825,1258939122295166665,2026-06-24,city scrape,"Executive Town Home, 3 Bedrooms, 1 King Size Bed",545302201,Ferdinand,2,7,1,8,"Ottawa, Canada",t,1,t,West Carleton-March,45.36501893806945,-75.93318729614903,Entire home,Entire home/apt,6,1.4,3.0,3.0,324.5,2026-07-19,2026-07-21,649.0,324.5,1.0,1125.0,t,3,11,25,279,2026-06-24,51,33,34,2024-10-14,2026-06-21,5.0,5.0,5.0,5.0,4.9,4.9,2.47,1,1
1826,1260172280514125461,2026-06-24,city scrape,Serene & Charming room (R1),655467686,Daniel,1,8,1,8,"Ottawa, Canada",f,4,t,Barrhaven,45.250031080491496,-75.76076903068848,Private room in home,Private room,2,1.5,2.0,1.0,50.87,2026-06-24,2026-07-24,1526.0,50.87,30.0,365.0,t,30,60,90,365,2026-06-24,24,13,21,2025-03-17,2026-05-04,4.58,4.63,4.71,4.83,4.71,4.46,1.55,4,0
1827,1260193266688572906,2026-06-24,city scrape,Serene & Cozy room (R3),655467686,Daniel,1,8,1,8,"Ottawa, Canada",f,4,t,Barrhaven,45.2500764,-75.7606832,Private room in home,Private room,2,1.0,2.0,1.0,45.54,2026-06-24,2026-07-24,1366.13,45.54,30.0,365.0,t,30,60,90,365,2026-06-24,1,0,1,2025-01-05,2025-01-05,4.0,4.0,4.0,4.0,3.0,4.0,0.06,4,0
1828,1260232100904329468,2026-06-24,city scrape,Serene & Spacious room (R5),655467686,Daniel,1,8,1,8,"Ottawa, Canada",f,4,t,Barrhaven,45.2500764,-75.7606832,Private room in home,Private room,2,1.0,2.0,1.0,54.39,2027-01-01,2027-01-31,1631.61,54.39,30.0,365.0,t,0,0,0,174,2026-06-24,2,0,0,2024-12-22,2024-12-29,5.0,5.0,5.0,5.0,5.0,5.0,0.11,4,0
1829,1260383435071332701,2026-06-24,city scrape,FamilyHome in Barrhaven-Shops 8 min-Monthly Rental,239838631,Rally,7,4,1,8,"Ottawa, Canada",t,1,t,Barrhaven,45.24925083427109,-75.75235071535232,Entire townhouse,Entire home/apt,8,3.5,4.0,7.0,194.68,2026-09-17,2026-10-18,6035.0,194.68,31.0,180.0,t,20,44,62,317,2026-06-24,153,88,100,2024-10-12,2026-05-14,4.94,4.96,4.97,4.98,4.86,4.88,7.39,1,1
1830,1261261077800590649,2026-06-24,city scrape,Fully Furnished Room long term,423768453,Seynabou,4,9,3,5,"Ottawa, Canada",f,26,t,Beacon Hill-Cyrville,45.45120974250303,-75.59776102197321,Private room in rental unit,Private room,1,1.0,2.0,1.0,67.63,2026-06-24,2026-07-24,2028.83,67.63,30.0,365.0,t,30,60,90,365,2026-06-24,0,0,0,10,10,4.8,4.8,4.9,4.9,4.8,4.7,1.8,26,6
1831,1261801345027976643,2026-07-02,previous scrape,Private 1 BR/1 BA (Shared) Kanata High-Tech Park,11584999,Patrick,12,5,8,5,"Toronto, Canada",t,16,t,West Carleton-March,45.36476028097382,-75.9316203452524,Private room in home,Private room,1,1.4,2.0,2.0,173.3,0000-00-00,"""0000-00-00""",2246.7,173.3,30.0,90.0,t,0,0,0,0,2026-07-02,2,0,2,2025-04-27,2025-06-15,5.0,5.0,5.0,5.0,5.0,5.0,0.14,2,0
1832,1262460564371662712,2026-06-24,city scrape,Private Bath-10min train Carleton Uni-30min bus DT,461383292,Terry,4,0,4,0,"Ottawa, Canada",f,1,t,Capital,45.3704567,-75.6668171,Private room in home,Private room,2,1.0,2.0,1.0,63.43,2026-11-01,2026-11-29,1776.08,63.43,28.0,200.0,t,0,0,0,50,2026-06-24,3,0,2,2024-10-26,2025-05-21,5.0,5.0,5.0,5.0,5.0,5.0,0.15,1,0
1833,1262592376121504848,2026-06-24,city scrape,Traditional Farmhouse Experience,393724734,⁨Jan Property Management & Rentals Inc.⁩,5,3,5,3,"Carleton Place, Canada",t,11,t,Rideau-Goulbourn,45.12038106377228,-75.95543313702714,Farm stay,Entire home/apt,16,4.0,8.0,14.0,953.5,2026-06-24,2026-06-26,1907.0,953.5,2.0,365.0,t,11,16,25,293,2026-06-24,21,18,16,2025-05-26,2026-05-31,4.9,4.71,4.95,4.9,4.81,4.38,1.59,1,1
1834,1262616078478966863,2026-07-02,previous scrape,Room in Ottawa,530360761,Avan,2,10,1,8,"Ottawa, Canada",f,3,t,Barrhaven,45.2672,-75.77022,Private room in home,Private room,2,1.4,2.0,2.0,173.3,0000-00-00,"""0000-00-00""",2246.7,173.3,1.0,365.0,t,0,0,0,0,2026-07-02,44,0,31,2024-10-13,2025-06-15,4.7,4.75,4.8,4.84,4.77,4.7,2.1,3,0
1835,1262618618079199825,2026-06-24,city scrape,Private Above-Ground Guest Suite,154760840,Adib,8,8,1,5,"Ottawa, Canada",t,2,t,Barrhaven,45.28856404573631,-75.74252645903559,Entire home,Entire home/apt,4,1.0,1.0,2.0,159.0,2026-06-29,2026-06-30,159.0,159.0,1.0,1125.0,t,12,23,50,230,2026-06-24,68,33,52,2025-01-16,2026-05-31,4.82,4.93,4.93,4.96,4.84,4.78,3.89,1,1
1836,1262627266575091435,2026-07-02,previous scrape,Room in Ottawa,530360761,Avan,2,10,1,8,"Ottawa, Canada",f,3,t,Barrhaven,45.26691,-75.77128,Private room in home,Private room,2,1.4,2.0,2.0,173.3,0000-00-00,"""0000-00-00""",2246.7,173.3,1.0,365.0,t,0,0,0,0,2026-07-02,64,0,30,2024-10-12,2025-06-13,4.81,4.89,4.86,4.92,4.77,4.83,3.05,3,0
1837,1262675042804256533,2026-07-02,previous scrape,Room in Ottawa with private bathroom washer&dryer,530360761,Avan,2,10,1,8,"Ottawa, Canada",f,3,t,Barrhaven,45.2672081,-75.7708298,Private room in home,Private room,2,1.4,2.0,2.0,173.3,0000-00-00,"""0000-00-00""",2246.7,173.3,1.0,365.0,t,0,0,0,0,2026-07-02,56,0,37,2024-10-27,2025-06-22,4.88,4.91,4.95,4.96,4.73,4.88,2.74,3,0
1838,1262953399838621807,2026-06-24,city scrape,Modern 8Bed 4 Bedroom•Orléans | Near DT & Shops,475194901,Mike,3,10,2,9,"Ottawa, Canada",t,2,t,Innes,45.44212750106595,-75.52356587230157,Entire home,Entire home/apt,8,2.5,4.0,7.0,323.33,2026-08-04,2026-08-28,7760.0,323.33,24.0,1125.0,t,0,19,49,181,2026-06-24,62,36,38,2024-11-08,2026-06-01,4.89,4.92,4.98,4.98,4.92,4.84,3.13,2,2
1839,1263047041680879350,2026-06-24,city scrape,Luxury Quiet Area 5 bedroom Home with Office & Gym,563472557,Iryna,2,4,2,4,"Ottawa, Canada",t,2,t,Kanata South,45.29799620438289,-75.85495442183938,Entire home,Entire home/apt,10,3.5,5.0,5.0,255.53,2026-08-01,2026-08-31,7666.0,255.53,30.0,365.0,t,0,22,52,327,2026-06-24,1,1,1,2025-07-29,2025-07-29,5.0,5.0,5.0,5.0,5.0,5.0,0.09,1,1
1840,1263151600906099914,2026-07-02,previous scrape,Modern home Steps from Canal with parking,72590027,Kelly,10,1,10,1,"Ottawa, Canada",t,1,t,Capital,45.391914346458506,-75.68657911495536,Entire townhouse,Entire home/apt,2,1.4,1.0,2.0,173.3,0000-00-00,"""0000-00-00""",2246.7,173.3,2.0,7.0,t,0,0,0,0,2026-07-02,22,4,16,2024-12-18,2026-02-02,4.91,4.91,4.77,5.0,5.0,4.82,1.17,1,1
1841,1264553763391360848,2026-06-24,city scrape,Mini space plus daily contents,544076808,Toyin,2,7,2,4,"Ottawa, Canada",t,3,t,Stittsville-Kanata West,45.284995102042174,-75.92516687925675,Entire home,Entire home/apt,1,1.0,1.0,1.0,44.25,2026-08-05,2026-09-04,1327.41,44.25,30.0,365.0,t,0,18,30,213,2026-06-24,2,2,0,2026-04-08,2026-05-22,5.0,5.0,5.0,5.0,3.5,5.0,0.77,1,1
1842,1267401635634410990,2026-06-24,city scrape,Executive King Suite | Private Bath & Parking,198269112,Kaustubh,7,11,1,2,"Ottawa, Canada",f,1,t,Rideau-Goulbourn,45.2524764,-75.89270599999999,Private room in townhouse,Private room,2,1.0,2.0,1.0,117.0,2026-06-25,2026-06-26,117.0,117.0,1.0,7.0,t,1,12,42,222,2026-06-24,61,44,41,2025-04-13,2026-06-21,4.93,4.87,4.98,4.98,4.66,4.84,4.18,1,0
1843,1267568197204378678,2026-06-24,city scrape,New Luxury Condo Hostel in Ottawa Downtown,195039046,Hong Tao,8,0,1,10,"Ottawa, Canada",t,3,t,Rideau-Rockcliffe,45.4525429,-75.6339651,Entire condo,Entire home/apt,4,1.0,1.0,2.0,106.43,2026-09-14,2026-10-14,3192.98,106.43,30.0,365.0,t,0,0,8,283,2026-06-24,4,2,4,2025-03-31,2025-11-18,5.0,5.0,5.0,5.0,4.5,4.0,0.27,3,3
1844,1268134491686314258,2026-06-24,city scrape,Queens Room 1,590142577,Tracey Angela,1,11,1,11,"Ottawa, Canada",f,3,t,Knoxdale-Merivale,45.357563841327234,-75.72417133809324,Private room in home,Private room,1,1.0,2.0,1.0,92.0,2026-06-24,2026-06-25,92.0,92.0,1.0,365.0,t,29,37,43,318,2026-06-24,54,34,37,2024-10-21,2026-06-23,4.8,4.91,4.96,4.83,4.83,4.78,2.65,3,0
1845,1268139538857691099,2026-06-24,city scrape,Queens Room 2,590142577,Tracey Angela,1,11,1,11,"Ottawa, Canada",f,3,t,Knoxdale-Merivale,45.35751,-75.72217,Private room in home,Private room,1,1.0,2.0,1.0,92.0,2026-06-29,2026-06-30,92.0,92.0,1.0,365.0,t,21,29,35,310,2026-06-24,46,30,25,2024-10-26,2026-06-07,4.72,4.78,4.8,4.76,4.72,4.61,2.27,3,0
1846,1268144664275804531,2026-06-24,city scrape,Queens Room 3,590142577,Tracey Angela,1,11,1,11,"Ottawa, Canada",f,3,t,Knoxdale-Merivale,45.357415203171854,-75.72360867008751,Private room in home,Private room,1,1.0,2.0,1.0,92.0,2026-06-24,2026-06-25,92.0,92.0,1.0,365.0,t,26,34,40,220,2026-06-24,35,20,23,2024-11-04,2026-05-26,4.66,4.74,4.77,4.74,4.69,4.6,1.76,3,0
1847,1268783342303418723,2026-07-02,previous scrape,"Modern 1BR w/Balcony, Rooftop Gym near ByWard",38459934,Corporate Stays,10,11,10,10,"Montreal, Canada",f,152,f,Rideau-Vanier,45.41935491099459,-75.66794029879672,Entire rental unit,Entire home/apt,2,1.4,1.0,2.0,173.3,0000-00-00,"""0000-00-00""",2246.7,173.3,30.0,365.0,t,0,0,0,0,2026-07-02,0,0,0,10,10,4.8,4.8,4.9,4.9,4.8,4.7,1.8,11,11
1848,1269074978869437417,2026-06-24,city scrape,Appartement de luxe,656739928,Walid,1,8,1,8,"Ottawa, Canada",f,1,t,Alta Vista,45.39387857654728,-75.6242620780823,Entire rental unit,Entire home/apt,4,1.0,2.0,2.0,247.78,2026-06-24,2026-07-24,7433.51,247.78,30.0,365.0,t,30,60,90,365,2026-06-24,0,0,0,10,10,4.8,4.8,4.9,4.9,4.8,4.7,1.8,1,1
1849,1269452517533730680,2026-06-24,city scrape,Private Suite Separate Entrance & Ensuite Bathroom,158194509,Jason,8,7,0,3,"Ottawa, Canada",t,1,t,Cumberland,45.421692658832605,-75.4237603886377,Private room in bungalow,Private room,2,1.0,1.0,1.0,80.0,2026-07-05,2026-07-06,80.0,80.0,1.0,365.0,t,7,19,38,309,2026-06-24,38,38,0,2026-03-18,2026-06-08,4.89,4.87,4.95,5.0,4.82,4.92,11.52,1,0
1850,1269897826900907945,2026-06-24,city scrape,ByWard Market! - Downtown Ottawa,112034818,Gino,9,5,1,8,"Ottawa, Canada",f,2,t,Rideau-Vanier,45.4297404,-75.6886312,Entire rental unit,Entire home/apt,4,1.0,1.0,2.0,81.62,2026-12-31,2027-01-30,2448.63,81.62,30.0,365.0,t,0,0,0,175,2026-06-24,0,0,0,10,10,4.8,4.8,4.9,4.9,4.8,4.7,1.8,2,2
1851,1270189050996571239,2026-06-24,city scrape,Luxury stay,657761270,Festus,1,8,1,5,"Ottawa, Canada",f,1,t,Rideau-Rockcliffe,45.44687,-75.63006,Entire rental unit,Entire home/apt,4,2.0,2.0,2.0,153.76,2026-11-01,2026-12-01,4612.76,153.76,30.0,1125.0,t,0,0,0,235,2026-06-24,3,2,3,2025-03-07,2025-12-26,3.67,3.67,3.67,3.67,3.67,3.67,0.19,1,1
1852,1270242013842635245,2026-06-24,city scrape,Lovely Modern 4 bedroom Townhome,488014039,Sola,3,7,1,5,"Montreal, Canada",t,1,t,Rideau-Goulbourn,45.2320932,-75.7363242,Entire home,Entire home/apt,7,2.5,4.0,4.0,454.19,2026-06-29,2026-07-01,908.38,454.19,2.0,365.0,t,14,39,69,249,2026-06-24,49,35,34,2025-01-05,2026-05-31,4.98,4.96,4.98,5.0,4.76,4.88,2.74,1,1
1853,1273824685618459786,2026-06-24,city scrape,Cozy renovated apartment in Centretown,84353946,Natasha,9,11,3,4,"Ottawa, Canada",t,2,t,Somerset,45.40664,-75.70198,Entire rental unit,Entire home/apt,2,1.0,1.0,1.0,103.98,2026-08-22,2026-09-21,3119.42,103.98,30.0,365.0,t,11,17,47,47,2026-06-24,0,0,0,10,10,4.8,4.8,4.9,4.9,4.8,4.7,1.8,2,2
1854,1273905913815836535,2026-06-24,city scrape,"Full Private Basement – Warm, Peaceful & Welcoming",534404611,Farbod,2,9,1,0,"Ottawa, Canada",t,1,t,College,45.34541069439095,-75.74477880932645,Entire home,Entire home/apt,2,1.4,2.0,1.0,176.0,2026-06-25,2026-06-26,176.0,176.0,1.0,365.0,t,17,43,68,329,2026-06-24,84,78,50,2025-05-28,2026-06-19,4.77,4.83,4.98,4.9,4.94,4.71,6.41,1,1
1855,1274158587166664273,2026-06-24,city scrape,Serene & Homey room (R2),655467686,Daniel,1,8,1,8,"Ottawa, Canada",f,4,t,Barrhaven,45.2500764,-75.7606832,Private room in home,Private room,2,1.0,2.0,1.0,37.0,2026-06-24,2026-07-24,1110.0,37.0,30.0,365.0,t,30,60,90,365,2026-06-24,17,13,10,2024-12-14,2026-04-06,4.0,4.29,4.65,4.47,4.12,4.06,0.91,4,0
1856,1276058648109551839,2026-07-02,previous scrape,Cozy N' Nice Getaway,347523928,Amarachi,6,0,1,7,"Ottawa, Canada",f,3,t,Rideau-Goulbourn,45.239913911821525,-75.7416541266922,Private room in rental unit,Private room,2,1.4,2.0,2.0,173.3,0000-00-00,"""0000-00-00""",2246.7,173.3,30.0,30.0,t,0,0,0,1,2026-07-02,8,1,4,2024-11-05,2025-07-02,4.88,4.88,4.75,5.0,4.75,4.88,0.4,3,0
1857,1276058753352523896,2026-06-24,city scrape,The Blissville,347523928,Amarachi,6,0,1,7,"Ottawa, Canada",f,3,t,Rideau-Goulbourn,45.24211066254947,-75.7436320157568,Private room in rental unit,Private room,2,1.5,2.0,1.0,94.77,2027-03-12,2027-04-11,2843.0,94.77,30.0,365.0,t,0,0,0,104,2026-06-24,9,1,8,2024-12-27,2025-06-25,4.56,4.56,4.56,4.56,4.33,4.56,0.5,3,0
1858,1276153986896250392,2026-06-24,city scrape,Pretty bedroom near airport and bank street,659092430,Ryan,1,7,1,7,"Ottawa, Canada",f,2,t,River,45.36092249957488,-75.68165383060422,Private room in home,Private room,2,2.0,1.0,1.0,35.1,2026-10-01,2026-10-31,1053.0,35.1,30.0,1125.0,t,25,27,27,293,2026-06-24,35,7,34,2024-12-05,2025-07-30,4.49,4.57,4.91,4.71,4.4,4.66,1.85,2,0
1859,1276369962902135276,2026-06-24,city scrape,Cozy room with Separate entrance,23679383,Salman,11,7,3,8,"Ottawa, Canada",f,9,t,Knoxdale-Merivale,45.35144339620621,-75.71984286258846,Private room in home,Private room,2,1.0,2.0,1.0,92.0,2026-06-29,2026-06-30,92.0,92.0,1.0,365.0,t,15,45,75,350,2026-06-24,18,15,1,2024-11-28,2026-05-29,4.33,4.67,4.78,4.94,4.67,4.33,0.94,7,0
1860,1276415911079705937,2026-06-24,city scrape,Single House,211031826,Akram,7,10,2,8,Canada,f,2,t,Barrhaven,45.27268260646814,-75.78185688717997,Entire home,Entire home/apt,7,1.4,4.0,5.0,519.24,2026-06-25,2026-06-26,519.24,519.24,1.0,365.0,t,1,5,11,11,2026-06-24,0,0,0,10,10,4.8,4.8,4.9,4.9,4.8,4.7,1.8,2,2
1861,1278488339886393563,2026-06-24,city scrape,Riverfront Retreat in Manotick.,241975138,Ajaywant,7,4,1,4,"Ottawa, Canada",f,1,t,Rideau-Goulbourn,45.22662624624674,-75.68850906026552,Entire home,Entire home/apt,4,1.4,2.0,2.0,229.41,2026-06-26,2026-07-26,6882.19,229.41,30.0,180.0,t,28,58,88,363,2026-06-24,0,0,0,10,10,4.8,4.8,4.9,4.9,4.8,4.7,1.8,1,1
1862,1278550191608759790,2026-06-24,city scrape,Room in Ottawa Nearby Airport,599645519,Budhi,1,9,1,7,"Ottawa, Canada",t,1,t,Gloucester-South Nepean,45.31127175199765,-75.59121305523786,Private room in home,Private room,2,1.5,2.0,1.0,97.0,2026-06-25,2026-06-26,97.0,97.0,1.0,365.0,t,23,53,83,83,2026-06-24,130,82,79,2024-11-03,2026-06-21,4.95,4.92,4.97,4.97,4.91,4.9,6.51,1,0
1863,1278887939937565743,2026-06-24,city scrape,Private Suite for couple/family of 4 persons stay,659611224,Ismat,1,7,1,6,"Ottawa, Canada",t,1,t,Stittsville-Kanata West,45.264333,-75.89413929999999,Private room in home,Private room,4,1.0,2.0,2.0,120.0,2026-07-05,2026-07-06,120.0,120.0,1.0,365.0,t,15,30,59,140,2026-06-24,102,67,67,2024-12-08,2026-06-21,4.83,4.87,4.88,4.9,4.82,4.84,5.43,1,0
1864,1278959530378981941,2026-06-24,city scrape,Totally Private 1-bedroom Apt Downtown Ottawa 284D,41604531,Sam,10,10,9,4,"Ottawa, Canada",f,20,t,Rideau-Vanier,45.42788,-75.6882,Entire rental unit,Entire home/apt,2,1.0,1.0,1.0,141.0,2026-07-05,2026-07-06,141.0,141.0,1.0,365.0,t,4,11,29,296,2026-06-24,20,20,0,2026-02-08,2026-06-14,4.65,4.65,4.95,4.9,4.65,4.55,4.38,20,20
1865,1279289207470013475,2026-06-24,city scrape,Modern 3BR 1BATH Apartment in Sandyhill W. Parking,373561137,Jaybird,5,7,5,7,"Ottawa, Canada",t,6,t,Rideau-Vanier,45.42736,-75.68068,Entire rental unit,Entire home/apt,6,1.0,3.0,3.0,280.0,2026-06-24,2026-06-26,560.0,280.0,1.0,365.0,t,14,33,39,39,2026-06-24,12,5,10,2024-12-20,2025-09-09,4.75,4.42,4.5,4.5,5.0,4.5,0.65,4,4
1866,1280414848367871932,2026-06-24,city scrape,"""Cabin in the Glebe"" 5-star 2-Bdrm + BBQ + Parking",58779242,Rym,10,4,10,4,"Ottawa, Canada",f,8,t,Capital,45.40243290000001,-75.7000533,Entire rental unit,Entire home/apt,4,1.0,2.0,3.0,332.67,2026-08-20,2026-08-23,998.0,332.67,1.0,1125.0,t,0,4,22,86,2026-06-24,81,49,52,2024-11-22,2026-05-22,4.79,4.83,4.89,4.9,4.83,4.77,4.19,5,3
1867,1280554127869810794,2026-06-24,city scrape,"""Modern Glebe"" 5-star 2-bdrm w/Parking, Porch, BBQ",58779242,Rym,10,4,10,4,"Ottawa, Canada",f,8,t,Capital,45.40243290000001,-75.7000533,Entire rental unit,Entire home/apt,4,1.0,2.0,3.0,330.0,2026-08-03,2026-08-06,990.0,330.0,1.0,1125.0,t,1,6,29,94,2026-06-24,78,46,48,2024-11-24,2026-06-09,4.94,4.96,4.97,4.96,4.88,4.88,4.05,5,3
1868,1280583411562298411,2026-06-24,city scrape,Modern 2-Story Glebe Retreat w/ Deck,58779242,Rym,10,4,10,4,"Ottawa, Canada",f,8,t,Capital,45.40243290000001,-75.7000533,Entire rental unit,Entire home/apt,6,2.0,3.0,4.0,460.0,2026-08-09,2026-08-12,1380.0,460.0,1.0,1125.0,t,0,7,28,89,2026-06-24,87,56,55,2024-11-18,2026-06-06,4.98,4.97,5.0,4.99,4.94,4.94,4.47,5,3
1869,1280696836227905309,2026-06-24,city scrape,Master bedroom,349796506,Robson,6,0,2,4,"Ottawa, Canada",f,3,t,Barrhaven,45.28965,-75.73381,Private room in home,Private room,2,1.5,1.0,2.0,48.81,2026-06-24,2026-07-25,1513.22,48.81,31.0,365.0,t,30,60,90,365,2026-06-24,2,1,1,2025-01-01,2026-05-19,5.0,5.0,5.0,5.0,5.0,5.0,0.11,3,0
1870,1282863041249598459,2026-07-02,previous scrape,Budget Studio in Glebe,660591103,Atef,1,7,1,7,"Ottawa, Canada",f,1,t,Capital,45.40342425822241,-75.70030698482613,Entire rental unit,Entire home/apt,2,1.4,2.0,2.0,173.3,0000-00-00,"""0000-00-00""",2246.7,173.3,30.0,45.0,t,0,0,0,0,2026-07-02,0,0,0,10,10,4.8,4.8,4.9,4.9,4.8,4.7,1.8,1,1
1871,1283412953425754042,2026-06-24,city scrape,Corporate and Family Temporary Housing,417799875,Louise,4,10,1,9,"Ottawa, Canada",f,7,t,Innes,45.46553165626565,-75.51826283306285,Entire rental unit,Entire home/apt,5,2.0,3.0,4.0,129.43,2026-10-01,2026-10-31,3883.0,129.43,30.0,1125.0,t,0,0,0,266,2026-06-24,0,0,0,10,10,4.8,4.8,4.9,4.9,4.8,4.7,1.8,7,7
1872,1283443476226970527,2026-07-02,previous scrape,Turn-Key & All-Inclusive 35B,417799875,Louise,4,10,1,9,"Ottawa, Canada",f,7,t,Stittsville-Kanata West,45.27808436223369,-75.91447108226289,Entire rental unit,Entire home/apt,6,1.4,3.0,2.0,51.96,2026-10-31,2027-01-29,4676.0,51.96,90.0,365.0,t,29,29,29,273,2026-07-02,0,0,0,10,10,4.8,4.8,4.9,4.9,4.8,4.7,1.8,7,7
1873,1284148579819732786,2026-06-24,city scrape,Lynn's Cozy Nest,458829690,Lynn & Ini,4,1,1,5,"Ottawa, Canada",t,1,t,Gloucester-South Nepean,45.32859710135752,-75.59088106139042,Entire rental unit,Entire home/apt,4,1.0,2.0,2.0,260.19,2026-06-26,2026-06-27,260.19,260.19,1.0,22.0,t,7,33,63,153,2026-06-24,153,103,112,2025-01-08,2026-06-22,4.93,4.9,4.97,4.99,4.9,4.85,8.61,1,1
1874,1284174969658691848,2026-06-24,city scrape,Rural Upper Apartment,300594910,Amy,6,8,1,7,"Ottawa, Canada",t,2,t,West Carleton-March,45.3897910147003,-75.97655221894566,Entire home,Entire home/apt,5,2.0,3.0,4.0,123.89,2026-10-31,2026-11-30,3716.75,123.89,30.0,365.0,t,0,3,7,243,2026-06-24,2,2,2,2025-08-09,2025-11-07,5.0,5.0,5.0,5.0,5.0,5.0,0.19,2,2
1875,1284891594628264614,2026-06-24,city scrape,Cozy 1BR w/ Queen Bed & Park View,220203155,Haseeb,7,8,3,4,"Ottawa, Canada",t,1,t,Cumberland,45.440368556212114,-75.49280735421513,Private room in home,Private room,2,1.0,2.0,1.0,63.0,2026-10-13,2026-10-14,63.0,63.0,1.0,120.0,t,0,0,0,69,2026-06-24,61,48,43,2025-02-13,2026-06-14,4.93,4.98,4.92,4.97,4.85,4.9,3.68,1,0
1876,1285538958917107107,2026-06-24,city scrape,Single bedroom near airport and bank street,659092430,Ryan,1,7,1,7,"Ottawa, Canada",f,2,t,River,45.36088724670992,-75.68046683611819,Private room in home,Private room,1,2.0,1.0,1.0,33.77,2026-10-01,2026-10-31,1013.0,33.77,30.0,365.0,t,5,5,5,271,2026-06-24,45,12,38,2024-11-23,2026-05-25,4.56,4.67,4.89,4.8,4.71,4.56,2.33,2,0
1877,1285640694429435879,2026-06-24,city scrape,Cozy private suite + parking,230853746,Saif,7,6,1,3,"Ottawa, Canada",t,1,t,Orleans,45.47801016600164,-75.48337452113628,Entire guest suite,Entire home/apt,2,1.0,1.0,1.0,149.0,2026-07-01,2026-07-02,149.0,149.0,1.0,1125.0,t,7,15,41,314,2026-06-24,84,66,53,2025-03-18,2026-06-07,4.83,4.87,4.93,4.94,4.83,4.79,5.43,1,1
1878,1286150615766114487,2026-06-24,city scrape,Unique pet-friendly home with office and backyard,114722218,Stacie,9,4,5,8,"Ottawa, Canada",t,3,t,Rideau-Rockcliffe,45.44461125553014,-75.6260883884807,Entire home,Entire home/apt,4,1.0,2.0,2.0,165.0,2026-09-14,2026-09-16,330.0,165.0,2.0,120.0,t,0,1,3,77,2026-06-24,62,39,37,2024-11-18,2026-06-13,4.92,5.0,5.0,4.98,4.77,4.9,3.18,3,3
1879,1287341827736794894,2026-06-24,city scrape,Cozy room with Private entrance,23679383,Salman,11,7,3,8,"Ottawa, Canada",f,9,t,Knoxdale-Merivale,45.35019624970033,-75.71934730099363,Private room in home,Private room,2,1.0,2.0,1.0,80.0,2026-07-01,2026-07-03,160.0,80.0,2.0,365.0,t,12,35,65,340,2026-06-24,34,25,16,2025-01-03,2026-05-24,4.32,4.44,4.65,4.82,4.53,4.44,1.9,7,0
1880,1287663979777102276,2026-06-24,city scrape,Lovely Basement apartment.,203366404,Olivia,7,11,2,0,"Ottawa, Canada",t,3,t,Kanata South,45.27425304092055,-75.85009123970026,Entire rental unit,Entire home/apt,2,1.0,1.0,1.0,77.43,2026-07-01,2026-07-31,2323.0,77.43,30.0,1125.0,t,23,32,32,240,2026-06-24,4,3,3,2025-05-02,2026-05-31,5.0,4.75,4.75,5.0,5.0,5.0,0.29,2,2
1881,1287816000409532907,2026-06-24,city scrape,Brand New Byward Market Townhome,85297148,Short And Suite BnB,9,11,9,4,"Ottawa, Canada",t,51,t,Rideau-Vanier,45.43089791424308,-75.69637309231494,Entire rental unit,Entire home/apt,6,2.0,3.0,3.0,174.61,2026-07-29,2026-08-28,5238.41,174.61,30.0,365.0,t,0,25,42,289,2026-06-24,2,1,1,2025-02-18,2026-01-06,4.5,5.0,5.0,5.0,5.0,5.0,0.12,28,28
1882,1287861821572434943,2026-07-02,previous scrape,3BR in Ottawa | Unique | Free parking,651151366,Dwello Homes,1,9,1,7,"Ottawa, Canada",f,1,t,Rideau-Vanier,45.43952396720649,-75.66468083979102,Entire rental unit,Entire home/apt,6,1.4,3.0,2.0,173.3,0000-00-00,"""0000-00-00""",2246.7,173.3,1.0,365.0,t,0,0,0,0,2026-07-02,20,18,20,2025-05-25,2025-11-09,4.45,4.3,4.55,4.55,4.5,4.2,1.49,1,1
1883,1287959503019525479,2026-06-24,city scrape,Upscale 2 Bedroom near DT,271381686,Yumna,6,11,1,7,"Ottawa, Canada",f,1,t,Rideau-Rockcliffe,45.42953213711253,-75.6494791278448,Entire rental unit,Entire home/apt,4,1.0,2.0,2.0,158.1,2026-07-31,2026-08-30,4742.91,158.1,30.0,1125.0,t,0,23,53,143,2026-06-24,28,12,25,2024-11-24,2025-12-06,4.36,4.46,4.71,4.64,4.36,4.32,1.45,1,1
1884,1287968737721729800,2026-06-24,city scrape,Ottawa River Waterfront.,661725160,Sabrena,1,7,1,3,"Ottawa, Canada",t,1,t,West Carleton-March,45.48626,-76.03437,Entire cottage,Entire home/apt,8,3.0,4.0,6.0,853.5,2026-06-24,2026-06-26,1707.0,853.5,2.0,30.0,t,13,19,41,219,2026-06-24,36,27,32,2025-03-18,2026-06-15,4.81,4.81,4.97,5.0,4.94,4.69,2.33,1,1
1885,1288121248643240356,2026-06-24,city scrape,A cozy home one bedroom apartment in Ottawa,661253520,Jay,1,7,1,7,"Ottawa, Canada",f,2,t,Rideau-Vanier,45.434815602599016,-75.65908768612911,Entire rental unit,Entire home/apt,2,1.0,1.0,1.0,136.94,2026-06-29,2026-06-30,136.94,136.94,1.0,30.0,t,1,11,11,95,2026-06-24,102,58,68,2024-11-17,2026-06-06,4.7,4.76,4.96,4.82,4.57,4.67,5.23,2,2
1886,1288380981915072618,2026-06-24,city scrape,Rural Lower Level Apartment,300594910,Amy,6,8,1,7,"Ottawa, Canada",t,2,t,West Carleton-March,45.3892009677252,-75.97829527567956,Entire home,Entire home/apt,4,1.0,2.0,3.0,94.03,2026-06-24,2026-07-24,2821.0,94.03,30.0,365.0,t,30,60,90,365,2026-06-24,1,1,1,2025-11-10,2025-11-10,5.0,4.0,5.0,5.0,5.0,4.0,0.13,2,2
1887,1289094353300030049,2026-06-24,city scrape,Mid-Century Studio,22350228,Jenny,11,8,7,5,"Ottawa, Canada",t,20,t,Rideau-Vanier,45.430327058328224,-75.69320415136349,Entire rental unit,Entire home/apt,2,1.0,2.0,1.0,117.83,2026-06-25,2026-07-25,3535.0,117.83,30.0,40.0,t,29,59,89,364,2026-06-24,0,0,0,10,10,4.8,4.8,4.9,4.9,4.8,4.7,1.8,15,15
1888,1290193886175014971,2026-06-24,city scrape,Modern unit steps from Dows Lake | Free Parking,102155165,Emma,9,7,1,6,"Ottawa, Canada",t,1,t,Capital,45.3998237,-75.7009018,Entire guest suite,Entire home/apt,4,1.0,1.0,2.0,242.5,2026-07-10,2026-07-12,485.0,242.5,2.0,365.0,t,3,9,18,260,2026-06-24,105,62,74,2024-12-15,2026-06-21,4.96,4.95,5.0,4.96,4.96,4.93,5.66,1,1
1889,1291418124777397213,2026-06-24,city scrape,Private Entrance Basement Apartment- Free Parking,69901573,Stephane,10,1,2,9,"Ottawa, Canada",t,1,t,Gloucester-Southgate,45.312679556734814,-75.69512250738101,Entire rental unit,Entire home/apt,2,1.0,1.0,1.0,77.07,2026-08-27,2026-09-26,2312.0,77.07,30.0,365.0,t,0,0,26,301,2026-06-24,1,1,1,2025-12-02,2025-12-02,5.0,5.0,5.0,5.0,5.0,4.0,0.15,1,1
1890,1291930124283373232,2026-07-02,previous scrape,Park view room near airport 15min to downtown,193965676,Tuan,8,0,6,10,"Ottawa, Canada",f,9,t,River,45.34749759766032,-75.66398798748747,Private room in home,Private room,1,1.4,2.0,2.0,173.3,0000-00-00,"""0000-00-00""",2246.7,173.3,30.0,90.0,t,0,0,0,0,2026-07-02,1,0,1,2025-01-02,2025-01-02,5.0,5.0,5.0,5.0,5.0,5.0,0.05,4,1
1891,1292198948446612604,2026-07-02,previous scrape,3 BR Bungalow Central West,662676897,Nima,1,7,1,7,"Ottawa, Canada",f,1,t,Bay,45.37956459999999,-75.7709342,Entire home,Entire home/apt,4,1.4,3.0,2.0,173.3,0000-00-00,"""0000-00-00""",2246.7,173.3,30.0,90.0,t,0,0,0,0,2026-07-02,0,0,0,10,10,4.8,4.8,4.9,4.9,4.8,4.7,1.8,1,1
1892,1293127520472323039,2026-06-24,city scrape,Secluded Riverside Getaway on 10 Private Acres,262332052,Narjis,7,1,2,8,"Ottawa, Canada",f,1,t,Osgoode,45.21146701698174,-75.6552330733491,Entire guest suite,Entire home/apt,2,1.0,2.0,1.0,154.0,2026-06-28,2026-06-30,308.0,154.0,2.0,365.0,t,27,57,85,360,2026-06-24,2,2,0,2026-05-17,2026-05-27,5.0,5.0,5.0,5.0,5.0,5.0,1.54,1,1
1893,1294158872494369809,2026-06-24,city scrape,Brand New Home in Ottawa with a private bath,486026361,Victor,3,7,3,6,"Ottawa, Canada",f,18,t,Innes,45.4445683810362,-75.5187436623834,Private room in townhouse,Private room,2,2.5,3.0,1.0,67.43,2026-06-24,2026-07-24,2023.0,67.43,30.0,365.0,t,30,60,90,365,2026-06-24,2,1,0,2024-12-21,2026-03-05,4.0,3.5,5.0,4.0,4.5,4.5,0.11,18,1
1894,1294363044264061263,2026-06-24,city scrape,2 Bedroom w Parking Downtown,33539405,Kit,11,1,4,9,"Wolfville, Canada",f,37,t,Somerset,45.40716700293085,-75.70236059213968,Entire rental unit,Entire home/apt,4,1.0,2.0,3.0,93.07,2026-09-30,2026-10-30,2791.99,93.07,30.0,365.0,t,0,0,0,267,2026-06-24,0,0,0,10,10,4.8,4.8,4.9,4.9,4.8,4.7,1.8,1,1
1895,1294892270555720263,2026-06-24,city scrape,Beautiful 1 bedroom space,166322864,Calvin,8,5,1,9,"Ottawa, Canada",f,3,t,Barrhaven,45.25132989999999,-75.7572151,Private room in home,Private room,1,1.4,2.0,1.0,286.0,2026-06-24,2026-06-25,286.0,286.0,1.0,365.0,t,30,60,90,365,2026-06-24,2,1,0,2024-12-21,2026-05-24,3.0,5.0,5.0,3.0,5.0,5.0,0.11,3,2
1896,1295055883013852272,2026-06-24,city scrape,*Viewmount Drive* A modern & centrally-located gem,656309511,Toby,1,8,1,7,"Ottawa, Canada",t,3,t,Knoxdale-Merivale,45.34950601907503,-75.71256838150887,Entire guest suite,Entire home/apt,4,1.0,2.0,2.0,440.0,2026-06-24,2026-06-25,440.0,440.0,1.0,1125.0,t,27,57,66,235,2026-06-24,13,7,9,2024-12-13,2026-05-25,4.77,4.85,5.0,4.92,4.92,4.85,0.7,3,1
1897,1295726784208897593,2026-06-24,city scrape,New Private Unit with Garage in Prime Location,663484407,Houssein,1,7,1,6,"Ottawa, Canada",t,1,t,Gloucester-South Nepean,45.325469779547305,-75.59091934366766,Entire home,Entire home/apt,3,1.0,1.0,1.0,91.3,2026-10-25,2026-11-24,2738.89,91.3,30.0,180.0,t,13,14,14,256,2026-06-24,5,1,4,2025-01-20,2026-06-03,5.0,5.0,5.0,5.0,4.2,5.0,0.29,1,1
1898,1295775136901255361,2026-06-24,city scrape,Comfy Large Bed + Workstation *Viewmount Drive*,656309511,Toby,1,8,1,7,"Ottawa, Canada",t,3,t,Knoxdale-Merivale,45.34960250438671,-75.71368586830472,Private room in guest suite,Private room,2,1.0,2.0,1.0,280.0,2026-06-24,2026-06-26,560.0,280.0,2.0,1125.0,t,27,57,66,271,2026-06-24,1,0,0,2024-11-24,2024-11-24,5.0,5.0,5.0,5.0,5.0,5.0,0.05,3,1
1899,1296319463069813478,2026-06-24,city scrape,Travelers Haven,403337972,Tia And Ed,5,1,5,0,"Ottawa, Canada",f,1,t,Kanata South,45.29402,-75.87477,Private room in home,Private room,2,1.0,2.0,1.0,53.1,2026-06-25,2026-07-25,1592.89,53.1,30.0,365.0,t,29,59,89,364,2026-06-24,0,0,0,10,10,4.8,4.8,4.9,4.9,4.8,4.7,1.8,1,0
1900,1296474026768899076,2026-06-24,city scrape,Walk to Parliament from this high-end condo w/gym,66190971,Luis,10,2,4,8,"Gatineau, Canada",t,64,t,Somerset,45.4220801,-75.69772979999999,Entire condo,Entire home/apt,4,1.0,1.0,2.0,114.67,2026-10-13,2026-11-12,3439.95,114.67,30.0,365.0,t,17,30,36,109,2026-06-24,3,1,2,2025-02-15,2026-06-17,5.0,5.0,5.0,5.0,5.0,5.0,0.18,26,26
1901,1297030204288919337,2026-06-24,city scrape,Comfy Double bed + Workstation on Viewmount Drive,656309511,Toby,1,8,1,7,"Ottawa, Canada",t,3,t,Knoxdale-Merivale,45.34921324350448,-75.71404094974112,Private room in guest suite,Private room,2,1.4,2.0,1.0,349.0,2026-06-24,2026-06-25,349.0,349.0,1.0,21.0,t,26,56,65,265,2026-06-24,3,1,3,2025-02-08,2025-09-15,5.0,5.0,5.0,5.0,5.0,5.0,0.18,3,1
1902,1298110862009507641,2026-06-24,city scrape,Hidden Gem: Peace & Comfort,397565786,Funmi,5,2,2,7,"Ottawa, Canada",t,6,t,Stittsville-Kanata West,45.285615980075896,-75.9343382369792,Private room in home,Private room,2,1.5,2.0,1.0,122.0,2026-06-25,2026-06-28,366.0,122.0,3.0,365.0,t,22,46,76,351,2026-06-24,4,1,3,2024-12-06,2025-09-15,5.0,5.0,5.0,5.0,5.0,5.0,0.21,6,0
1903,1298120168653799982,2026-06-24,city scrape,Room in Orleans,577292832,Sobia,2,1,1,9,"Ottawa, Canada",t,3,t,Cumberland,45.50285191045346,-75.4648935415918,Private room in home,Private room,1,1.0,2.0,1.0,77.6,2026-06-24,2026-06-25,77.6,77.6,1.0,28.0,t,28,58,88,178,2026-06-24,42,25,31,2025-01-11,2026-06-23,4.71,4.88,4.83,4.83,4.64,4.69,2.38,3,0
1904,1298148456257401594,2026-06-24,city scrape,Comfort Meets Value: Weekly Stay,397565786,Funmi,5,2,2,7,"Ottawa, Canada",t,6,t,Stittsville-Kanata West,45.28391079825209,-75.93288646707578,Private room in home,Private room,1,1.5,2.0,1.0,69.57,2026-07-01,2026-07-08,487.0,69.57,7.0,365.0,t,23,53,83,358,2026-06-24,3,3,2,2025-07-30,2026-05-31,5.0,5.0,5.0,5.0,5.0,5.0,0.27,6,0
1905,1299684211623300579,2026-07-02,previous scrape,Alterra - York Gateaway,143745275,Christopher,8,10,8,6,"Ottawa, Canada",f,5,t,Rideau-Vanier,45.4312878,-75.6860346,Entire rental unit,Entire home/apt,4,1.4,1.0,2.0,173.3,0000-00-00,"""0000-00-00""",2246.7,173.3,30.0,365.0,t,0,0,0,0,2026-07-02,0,0,0,10,10,4.8,4.8,4.9,4.9,4.8,4.7,1.8,3,3
1906,1301098376769840045,2026-06-24,city scrape,Studio apartment in Ottawa,661253520,Jay,1,7,1,7,"Ottawa, Canada",f,2,t,Rideau-Vanier,45.43554562383369,-75.65917235807812,Entire rental unit,Entire home/apt,2,1.0,1.0,1.0,125.53,2026-06-29,2026-06-30,125.53,125.53,1.0,1125.0,t,12,29,49,228,2026-06-24,99,68,67,2024-12-24,2026-05-26,4.55,4.63,4.86,4.77,4.63,4.51,5.42,2,2
1907,1301420203439334957,2026-06-24,city scrape,Quiet private space in Orleans,9285338,Veronique,12,8,1,3,"Ottawa, Canada",t,1,t,Orleans,45.471293018999845,-75.45247627219659,Private room in home,Private room,2,1.0,2.0,1.0,85.0,2026-06-29,2026-06-30,85.0,85.0,1.0,10.0,t,10,25,55,198,2026-06-24,45,35,34,2025-04-19,2026-06-20,5.0,5.0,5.0,4.98,4.96,4.98,3.13,1,0
1908,1302306571439953525,2026-06-24,city scrape,Warm and Inviting Room to Stay,423768453,Seynabou,4,9,3,5,"Ottawa, Canada",f,26,t,Beacon Hill-Cyrville,45.45161068854059,-75.59722579702861,Private room in rental unit,Private room,1,1.0,2.0,1.0,60.29,2026-06-24,2026-07-24,1808.6,60.29,30.0,365.0,t,30,60,90,365,2026-06-24,0,0,0,10,10,4.8,4.8,4.9,4.9,4.8,4.7,1.8,26,6
1909,1302333036983556950,2026-06-24,city scrape,Paris Home Away From Home Studio,84333272,Lillian,9,11,1,6,"Windsor, Canada",f,1,t,Rideau-Vanier,45.42894947197243,-75.6824785303091,Entire rental unit,Entire home/apt,2,1.0,2.0,1.0,173.3,2026-06-24,2026-07-24,2246.7,173.3,30.0,45.0,f,30,60,90,180,2026-06-24,0,0,0,10,10,4.8,4.8,4.9,4.9,4.8,4.7,1.8,1,1
1910,1303261543789315850,2026-06-24,city scrape,End-unit Town in Stonebridge,568282266,Maggie,2,3,2,3,"Ottawa, Canada",t,8,t,Barrhaven,45.25506361571189,-75.73163697433695,Entire home,Entire home/apt,6,3.5,3.0,3.0,158.57,2026-10-02,2026-11-01,4757.0,158.57,30.0,365.0,t,0,0,0,265,2026-06-24,5,3,4,2025-04-20,2026-02-28,4.8,4.8,5.0,5.0,4.8,4.4,0.35,5,5
1911,1304729076342429139,2026-06-24,city scrape,2bed2bath in Kanata Stittsville,568282266,Maggie,2,3,2,3,"Ottawa, Canada",t,8,t,Kanata South,45.27225,-75.86054,Entire home,Entire home/apt,4,2.5,2.0,2.0,156.77,2026-06-24,2026-07-24,4703.0,156.77,30.0,365.0,t,30,60,90,365,2026-06-24,5,4,4,2025-02-17,2026-04-03,4.8,4.8,5.0,4.8,5.0,4.8,0.3,5,5
1912,1305368530885707111,2026-07-02,previous scrape,Private spacious beautiful room,134352405,Thao,9,0,1,6,"Ottawa, Canada",t,9,t,Barrhaven,45.28926793680378,-75.73961474653633,Private room in home,Private room,1,1.4,2.0,2.0,173.3,0000-00-00,"""0000-00-00""",2246.7,173.3,31.0,128.0,t,0,0,0,0,2026-07-02,1,1,1,2025-08-17,2025-08-17,5.0,5.0,5.0,5.0,5.0,5.0,0.09,2,0
1913,1305436223568613264,2026-06-24,city scrape,"10 min from airport,",425963133,Manuchehar,4,8,1,6,"Ottawa, Canada",f,1,t,Gloucester-South Nepean,45.3104038,-75.6155059,Private room in home,Private room,2,1.0,2.0,1.0,65.49,2026-06-24,2026-07-24,1964.57,65.49,30.0,365.0,t,30,60,90,365,2026-06-24,0,0,0,10,10,4.8,4.8,4.9,4.9,4.8,4.7,1.8,1,0
1914,1305974945846939238,2026-06-24,city scrape,Room for rent - Ottawa,32125722,Xiaolan,11,1,11,1,"Ottawa, Canada",f,3,t,College,45.3540007450424,-75.74838604511325,Private room in home,Private room,1,1.0,2.0,1.0,57.53,2026-06-26,2026-07-26,1726.0,57.53,30.0,365.0,t,28,58,88,363,2026-06-24,0,0,0,10,10,4.8,4.8,4.9,4.9,4.8,4.7,1.8,3,0
1915,1305983980985051845,2026-06-24,city scrape,Room - Ottawa - Algonquin,32125722,Xiaolan,11,1,11,1,"Ottawa, Canada",f,3,t,College,45.35502041426868,-75.75036595131313,Private room in home,Private room,1,1.0,2.0,1.0,82.97,2026-06-26,2026-07-26,2489.0,82.97,30.0,365.0,t,28,58,88,363,2026-06-24,0,0,0,10,10,4.8,4.8,4.9,4.9,4.8,4.7,1.8,3,0
1916,1306395285502266054,2026-06-24,city scrape,2 Rooms-Kitchen and living room,32125722,Xiaolan,11,1,11,1,"Ottawa, Canada",f,3,t,College,45.353804186306974,-75.75008525950118,Private room in home,Private room,2,1.0,2.0,2.0,110.63,2026-06-26,2026-07-26,3319.0,110.63,30.0,365.0,t,28,58,88,363,2026-06-24,0,0,0,10,10,4.8,4.8,4.9,4.9,4.8,4.7,1.8,3,0
1917,1307546791617978375,2026-07-02,previous scrape,Central funky century suite,463823712,Phedra,4,0,2,8,"Ottawa, Canada",t,2,t,Somerset,45.4158773,-75.685307,Entire rental unit,Entire home/apt,2,1.4,1.0,2.0,173.3,0000-00-00,"""0000-00-00""",2246.7,173.3,30.0,93.0,t,0,0,0,0,2026-07-02,2,1,1,2025-03-16,2026-04-10,5.0,5.0,5.0,5.0,5.0,5.0,0.13,2,2
1918,1308098172182175398,2026-07-02,previous scrape,Bungalow with private backyard near airport,39871983,Mihai,10,11,1,6,"Ottawa, Canada",f,1,t,Gloucester-Southgate,45.35567491587126,-75.64218197149948,Entire home,Entire home/apt,4,1.4,2.0,2.0,320.33,2026-09-30,2026-10-03,961.0,320.33,3.0,1125.0,t,0,0,0,106,2026-07-02,31,17,25,2025-01-06,2026-06-29,5.0,5.0,5.0,5.0,4.97,5.0,1.71,1,1
1919,1308749751685510306,2026-06-24,city scrape,"Luxurious 2BR Apt with Gym, Near Remic Rapids Park",38459934,Corporate Stays,10,11,10,10,"Montreal, Canada",f,152,f,Kitchissippi,45.40047166061895,-75.72642535260658,Entire rental unit,Entire home/apt,4,2.0,2.0,2.0,184.72,2026-08-14,2026-09-13,5541.71,184.72,30.0,1125.0,t,3,19,49,150,2026-06-24,2,2,1,2025-12-20,2026-01-02,5.0,4.5,4.0,4.5,5.0,4.0,0.32,11,11
1920,1308932552615874350,2026-06-24,city scrape,Furnished rooms close to dt,444225030,Vijitharan,4,4,4,4,"Ottawa, Canada",f,1,t,Rideau-Rockcliffe,45.42668,-75.65523,Private room in rental unit,Private room,6,1.0,3.0,3.0,61.95,2026-06-24,2026-07-24,1858.38,61.95,30.0,365.0,t,30,60,90,365,2026-06-24,0,0,0,10,10,4.8,4.8,4.9,4.9,4.8,4.7,1.8,1,0
1921,1309028468602654617,2026-06-24,city scrape,Apartment in Ottawa,550149095,Alechia,2,6,2,6,"Ottawa, Canada",f,1,t,Gloucester-South Nepean,45.25692913206217,-75.6877760225428,Entire home,Entire home/apt,4,1.0,2.0,3.0,229.0,2026-06-24,2026-06-25,229.0,229.0,1.0,365.0,t,19,47,77,352,2026-06-24,38,27,27,2025-01-26,2026-06-19,4.74,4.84,4.92,4.84,4.63,4.71,2.21,1,1
1922,1309538777784781733,2026-06-24,city scrape,Beautiful Modern End Unit Townhome,410165131,Salma,4,11,1,6,"Ottawa, Canada",t,1,t,Kanata North,45.32347233789454,-75.94918731971985,Entire townhouse,Entire home/apt,6,2.5,3.0,3.0,411.0,2026-07-06,2026-07-09,1233.0,411.0,2.0,160.0,t,9,21,47,127,2026-06-24,38,31,22,2025-01-02,2026-05-28,4.89,4.92,5.0,4.95,4.95,4.84,2.12,1,1
1923,1309553937311546761,2026-06-24,city scrape,Apartment unit in the country,480427585,Asim,3,9,1,1,"Ottawa, Canada",t,1,t,Rideau-Goulbourn,45.20158835872172,-75.74035709511718,Entire guest suite,Entire home/apt,2,1.5,1.0,2.0,166.0,2026-07-09,2026-07-10,166.0,166.0,1.0,25.0,t,1,1,24,24,2026-06-24,48,47,40,2025-05-18,2026-03-02,4.96,4.94,4.98,5.0,4.94,4.94,3.57,1,1
1924,1310263374713527451,2026-06-24,city scrape,Private Cozy Suite w/ Sauna & Espresso,107057450,Miles,9,6,1,2,"Ottawa, Canada",t,3,t,College,45.35881249338728,-75.74489895254374,Entire rental unit,Entire home/apt,2,1.0,1.0,1.0,252.82,2026-06-24,2026-06-25,252.82,252.82,1.0,1125.0,t,15,45,75,350,2026-06-24,63,51,38,2025-04-19,2026-06-15,4.81,4.71,4.89,4.87,4.68,4.62,4.38,3,3
1925,1310894873560750165,2026-06-24,city scrape,Cozy Room Tokyo - Shared Bath,533170415,Will,2,10,1,6,"Ottawa, Canada",t,2,t,Rideau-Goulbourn,45.23195027662099,-75.7361869596093,Private room in home,Private room,2,1.0,2.0,1.0,77.0,2026-07-03,2026-07-04,77.0,77.0,1.0,1125.0,t,10,40,70,343,2026-06-24,62,54,27,2024-12-23,2026-06-21,4.9,4.94,4.95,4.95,4.84,4.81,3.39,2,0
1926,1311048852909176749,2026-06-24,city scrape,Single Room - Ottawa Centre Area,494625433,Zhi Qing Xie,3,5,2,10,"Toronto, Canada",t,3,t,Rideau-Rockcliffe,45.4356197,-75.6478089,Private room in home,Private room,1,1.0,2.0,1.0,43.61,2026-10-31,2026-11-30,1308.15,43.61,30.0,365.0,t,13,21,21,257,2026-06-24,5,4,4,2025-04-18,2026-02-27,4.6,4.8,4.4,4.4,4.4,4.0,0.35,2,0
1927,1311851688385409944,2026-07-02,previous scrape,Newly Renovated Modern Studio,68953018,Prea,10,2,10,2,"Toronto, Canada",t,16,t,College,45.33509576620546,-75.79528698585393,Entire home,Entire home/apt,4,1.4,2.0,2.0,173.3,0000-00-00,"""0000-00-00""",2246.7,173.3,30.0,365.0,t,0,0,0,0,2026-07-02,1,0,1,2025-03-01,2025-03-01,5.0,5.0,5.0,5.0,5.0,5.0,0.06,2,2
1928,1312381824093000370,2026-06-24,city scrape,Stittsville's Walkout BSM Suite,301513518,Trudy,6,8,6,8,"Ottawa, Canada",t,1,t,Rideau-Goulbourn,45.27552,-75.9421,Entire rental unit,Entire home/apt,2,1.0,1.0,1.0,104.0,2026-06-29,2026-07-01,208.0,104.0,1.0,30.0,t,8,23,47,47,2026-06-24,112,66,92,2025-01-01,2026-05-31,4.96,4.97,4.96,4.96,4.91,4.94,6.22,1,1
1929,1312801923438276328,2026-06-24,city scrape,Luxury Single Home Near Airport & Downtown,590148832,Rizy Fareed,1,11,1,6,"Ottawa, Canada",f,1,t,Gloucester-South Nepean,45.27341324024353,-75.68128026118747,Entire home,Entire home/apt,8,2.5,3.0,3.0,416.07,2026-06-24,2026-06-25,416.07,416.07,1.0,365.0,t,16,30,51,231,2026-06-24,83,47,57,2024-12-23,2026-06-21,4.81,4.8,4.9,4.83,4.8,4.7,4.54,1,1
1930,1313405970142685810,2026-06-24,city scrape,Private room (#1) in the heart of Ottawa THE GLEBE,146037758,Maysa,8,10,2,0,"Ottawa, Canada",t,4,t,Capital,45.40593749589892,-75.6834815166587,Private room in home,Private room,2,1.0,2.0,1.0,87.67,2026-07-04,2026-07-07,263.0,87.67,3.0,365.0,t,9,23,44,134,2026-06-24,10,8,2,2025-05-06,2026-06-13,4.9,4.9,5.0,5.0,5.0,4.9,0.72,3,0
1931,1313855462204221695,2026-06-24,city scrape,Hintonburg Hidden Gem!,4713745,Michael,13,5,2,6,"Ottawa, Canada",t,2,t,Kitchissippi,45.405350448056566,-75.72737566696166,Entire home,Entire home/apt,4,1.0,2.0,2.0,146.02,2026-09-19,2026-10-19,4380.46,146.02,30.0,180.0,t,14,18,21,122,2026-06-24,3,2,2,2025-04-01,2026-01-03,5.0,4.67,5.0,5.0,5.0,5.0,0.2,2,2
1932,1314048754046430990,2026-06-24,city scrape,Charming Room (#2) by the CANAL in the GLEBE,146037758,Maysa,8,10,2,0,"Ottawa, Canada",t,4,t,Capital,45.40643178691179,-75.68283504862958,Private room in home,Private room,2,1.0,2.0,1.0,75.4,2026-08-08,2026-08-13,377.0,75.4,5.0,365.0,t,0,13,13,47,2026-06-24,27,25,10,2025-04-29,2026-06-04,4.81,4.89,4.89,5.0,4.85,4.7,1.92,3,0
1933,1314755119098422202,2026-06-24,city scrape,Central Canal 2 Bdr parking,146518899,Tatiana,8,10,8,10,"Ottawa, Canada",t,5,t,Capital,45.41122080812632,-75.67821042805507,Entire rental unit,Entire home/apt,3,1.0,2.0,1.0,115.27,2026-12-25,2027-01-24,3458.0,115.27,30.0,180.0,t,0,0,0,181,2026-06-24,1,0,1,2025-05-09,2025-05-09,5.0,5.0,5.0,5.0,5.0,4.0,0.07,5,5
1934,1315515495544861533,2026-06-24,city scrape,KS03 Home-King size Bed -15min to downtown Ottawa,660028602,Santa,1,7,1,6,"Ottawa, Canada",t,1,t,Orleans,45.47147,-75.52855,Entire guesthouse,Entire home/apt,2,1.0,1.0,1.0,225.95,2026-07-02,2026-07-03,225.95,225.95,1.0,1125.0,t,3,27,47,137,2026-06-24,88,47,66,2024-12-29,2026-06-15,4.91,4.89,4.92,4.98,4.84,4.86,4.86,1,1
1935,1316269200692139633,2026-06-24,city scrape,Joyous Room,599670020,Ademola,1,9,1,7,"Ottawa, Canada",t,4,t,Innes,45.4303304792281,-75.51658310022131,Private room in home,Private room,1,1.0,2.0,1.0,58.0,2026-06-25,2026-06-26,58.0,58.0,1.0,365.0,t,25,55,85,360,2026-06-24,62,55,25,2025-01-01,2026-06-21,4.82,4.85,4.92,4.95,4.84,4.84,3.44,4,0
1936,1316902792181827902,2026-06-24,city scrape,"Cozy Room(#3) in the GLEBE, in the heart of Ottawa",146037758,Maysa,8,10,2,0,"Ottawa, Canada",t,4,t,Capital,45.40606,-75.68366,Private room in home,Private room,2,1.0,2.0,1.0,120.5,2026-07-02,2026-07-04,241.0,120.5,2.0,365.0,t,8,30,60,141,2026-06-24,46,40,28,2025-05-01,2026-06-16,4.89,4.91,4.93,4.93,4.96,4.76,3.29,3,0
1937,1317524022746386367,2026-07-02,previous scrape,3BR Cozy Home Near General hospital/CHEO,668120542,Daniel,1,6,1,6,"Ottawa, Canada",f,1,t,Alta Vista,45.40309683907939,-75.63490740466855,Entire home,Entire home/apt,5,1.4,3.0,2.0,173.3,0000-00-00,"""0000-00-00""",2246.7,173.3,2.0,90.0,t,0,0,0,0,2026-07-02,19,16,13,2025-04-11,2026-04-05,4.42,4.58,4.79,4.84,4.68,4.37,1.27,1,1
1938,1317712262272248849,2026-06-24,city scrape,Single bedroom with private bath,272615361,Hitee,6,11,1,5,"Ottawa, Canada",t,1,t,Gloucester-South Nepean,45.3228636,-75.59615649999999,Private room in condo,Private room,2,1.0,2.0,1.0,80.0,2026-08-03,2026-08-04,80.0,80.0,1.0,31.0,t,0,11,33,33,2026-06-24,124,94,87,2025-01-20,2026-05-21,4.96,4.94,4.94,4.95,4.84,4.9,7.14,1,0
1939,1318829450823034264,2026-07-02,previous scrape,Beautiful room besides college,374701669,Yoyo Cozy Stay,5,7,3,8,"Ottawa, Canada",f,4,t,College,45.34465696739901,-75.77237914872532,Private room in townhouse,Private room,1,1.4,1.0,2.0,30.24,2026-08-04,2026-09-03,907.18,30.24,30.0,365.0,t,0,27,57,182,2026-07-02,0,0,0,10,10,4.8,4.8,4.9,4.9,4.8,4.7,1.8,4,0
1940,1320593624521817419,2026-06-24,city scrape,luxury 2 bedrooms suite close to Rideau canal,43369627,David,10,9,10,7,"Ottawa, Canada",f,1,t,River,45.36118,-75.69753,Entire rental unit,Entire home/apt,3,1.0,2.0,2.0,120.06,2026-07-08,2026-08-07,3601.71,120.06,30.0,1125.0,t,16,46,76,351,2026-06-24,0,0,0,10,10,4.8,4.8,4.9,4.9,4.8,4.7,1.8,1,1
1941,1321882533841609707,2026-06-24,city scrape,Cozy 2-Bedroom Home in Ottawa.,534490196,Bareq,2,9,1,5,"Ottawa, Canada",f,1,t,Gloucester-Southgate,45.34889,-75.64066,Private room in home,Private room,3,1.0,2.0,2.0,97.51,2026-06-24,2026-07-25,3022.95,97.51,31.0,365.0,t,30,60,90,365,2026-06-24,0,0,0,10,10,4.8,4.8,4.9,4.9,4.8,4.7,1.8,1,0
1942,1324183945218255516,2026-06-24,city scrape,The New Eddy - 2 BR apartment,1915465,Sunny,14,3,11,11,"Ottawa, Canada",f,1,t,Rideau-Rockcliffe,45.44,-75.67931,Entire rental unit,Entire home/apt,5,1.0,2.0,2.0,145.13,2026-06-24,2026-07-24,4353.91,145.13,30.0,365.0,t,30,60,90,365,2026-06-24,0,0,0,10,10,4.8,4.8,4.9,4.9,4.8,4.7,1.8,1,1
1943,1324683152239530354,2026-06-24,city scrape,"Quiet Area, Beautiful Room View",130508357,Nitin,9,1,1,4,"Ottawa, Canada",f,1,t,Rideau-Goulbourn,45.23553,-75.73016,Private room in home,Private room,2,1.0,2.0,1.0,173.3,2026-06-26,2026-07-26,2246.7,173.3,30.0,40.0,f,28,58,88,363,2026-06-24,0,0,0,10,10,4.8,4.8,4.9,4.9,4.8,4.7,1.8,1,0
1944,1325439515122760173,2026-06-24,city scrape,Mildness Room,599670020,Ademola,1,9,1,7,"Ottawa, Canada",t,4,t,Innes,45.43235,-75.51636,Private room in home,Private room,1,1.4,2.0,1.0,79.88,2026-06-24,2026-06-25,79.88,79.88,1.0,365.0,t,21,51,81,356,2026-06-24,14,13,13,2025-02-03,2026-06-12,5.0,5.0,5.0,4.93,5.0,5.0,0.83,4,0
1945,1326478422150503425,2026-06-24,city scrape,Brandnew Townhome,85297148,Short And Suite BnB,9,11,9,4,"Ottawa, Canada",t,51,t,Rideau-Vanier,45.43001,-75.69638,Entire rental unit,Entire home/apt,6,2.0,3.0,3.0,194.2,2026-10-12,2026-11-11,5826.0,194.2,30.0,365.0,t,0,0,0,255,2026-06-24,3,3,2,2025-08-07,2026-01-17,5.0,5.0,5.0,5.0,5.0,5.0,0.28,28,28
1946,1329182745123408102,2026-06-24,city scrape,2bd Apartment w/ parking&laundry,671499878,Herbert,1,5,1,5,"Ottawa, Canada",t,1,t,Rideau-Rockcliffe,45.42841739513806,-75.65215810325448,Entire rental unit,Entire home/apt,4,1.0,2.0,2.0,221.24,2026-10-01,2026-10-31,6637.06,221.24,30.0,90.0,t,0,0,0,171,2026-06-24,71,30,71,2025-03-30,2025-08-29,4.94,4.97,4.93,4.97,4.72,4.87,4.71,1,1
1947,1329234066129182236,2026-06-24,city scrape,Santa Maria Suites | Pure Comfort,667877060,Joe,1,6,1,4,"Ottawa, Canada",t,1,t,Beacon Hill-Cyrville,45.41748980000001,-75.62699429999999,Entire guest suite,Entire home/apt,6,1.0,2.0,3.0,305.0,2026-06-24,2026-06-26,610.0,305.0,2.0,1125.0,t,25,53,83,263,2026-06-24,34,23,21,2025-02-17,2026-06-17,5.0,5.0,5.0,5.0,4.76,4.91,2.07,1,1
1948,1330577081804456502,2026-06-24,city scrape,Centretown Penthouse | Private Rooftop | Home Gym,21058975,Tracey & Aahil,11,9,5,7,"Toronto, Canada",t,67,t,Somerset,45.41739,-75.70492,Entire condo,Entire home/apt,2,1.5,1.0,1.0,290.33,2026-09-15,2026-09-18,871.0,290.33,2.0,180.0,t,1,1,9,90,2026-06-24,55,40,42,2025-02-27,2026-05-28,4.98,4.96,4.95,5.0,4.98,4.98,3.42,2,2
1949,1332017638033759752,2026-06-24,city scrape,Ottawa/Nepean Private Room 1 (book at least 30 n),341651022,Khanh,6,3,6,3,"Ottawa, Canada",f,15,t,Knoxdale-Merivale,45.3258,-75.76196,Private room in home,Private room,1,1.5,1.0,1.0,41.59,2026-06-24,2026-07-24,1247.77,41.59,30.0,365.0,t,30,60,90,365,2026-06-24,1,1,0,2026-06-05,2026-06-05,5.0,5.0,5.0,5.0,5.0,5.0,1.0,1,0
1950,1333022870189281382,2026-06-24,city scrape,Central Ottawa One Bedroom with Private Balcony,80676282,Angela,9,11,3,10,"Ottawa, Canada",f,4,t,Somerset,45.4109705,-75.6999993,Entire rental unit,Entire home/apt,3,1.0,1.0,2.0,74.52,2026-08-09,2026-09-08,2235.58,74.52,30.0,365.0,t,0,14,44,319,2026-06-24,5,3,5,2025-04-09,2025-10-11,2.8,2.6,4.8,4.2,4.6,2.6,0.34,4,4
1951,1334328991569284008,2026-07-02,previous scrape,Downtown Basement Studio + Parking,673037777,Hang,1,5,1,5,"Ottawa, Canada",t,1,t,Somerset,45.4064322926955,-75.70020742559447,Entire rental unit,Entire home/apt,2,1.4,1.0,2.0,145.0,2026-07-07,2026-07-08,145.0,145.0,1.0,7.0,t,3,7,7,136,2026-07-02,89,70,54,2025-01-27,2026-06-26,4.78,4.91,4.98,4.88,4.83,4.76,5.11,1,1
1952,1336213574711880368,2026-06-24,city scrape,Luxe Apt | KING SIZE BED | near CHEO & TrainYards,449301025,Eduji,4,3,1,4,"Ottawa, Canada",t,2,t,Alta Vista,45.4034393,-75.6434675,Entire condo,Entire home/apt,4,2.0,2.0,2.0,274.0,2026-06-24,2026-06-26,548.0,274.0,2.0,365.0,t,11,19,25,88,2026-06-24,48,36,32,2025-03-06,2026-06-07,5.0,4.98,4.83,4.98,4.85,4.83,3.03,2,2
1953,1339172617177738870,2026-06-24,city scrape,"2 beds+ rooftop, 1 parking and 1 bath + laundry",674358249,Omar,1,5,1,3,"Ottawa, Canada",t,3,t,Rideau-Vanier,45.44065633184901,-75.65726697924133,Entire rental unit,Entire home/apt,4,1.4,2.0,2.0,111.93,2026-07-08,2026-08-07,3358.0,111.93,30.0,1125.0,t,16,46,58,242,2026-06-24,2,2,1,2025-09-01,2026-04-29,5.0,5.0,4.5,5.0,4.5,4.0,0.2,3,3
1954,1339278464708031202,2026-06-24,city scrape,3bd 2.5bt Single family home,674417760,STR Hosting,1,5,1,3,"Ottawa, Canada",f,1,t,Gloucester-Southgate,45.370293607814446,-75.60739651777794,Entire home,Entire home/apt,6,2.5,3.0,4.0,375.0,2026-07-05,2026-07-07,750.0,375.0,2.0,365.0,t,10,15,32,212,2026-06-24,24,16,15,2025-04-06,2026-06-19,4.5,4.21,4.88,4.58,4.71,4.25,1.62,1,1
1955,1339897309259488189,2026-06-24,city scrape,Shared Home - Room in Prime Area,674578738,Mehnaz,1,5,1,5,"Ottawa, Canada",f,3,t,Gloucester-Southgate,45.3714305,-75.6215063,Private room in home,Private room,1,1.5,2.0,1.0,33.2,2026-06-27,2026-07-27,996.0,33.2,30.0,365.0,t,27,57,87,267,2026-06-24,0,0,0,10,10,4.8,4.8,4.9,4.9,4.8,4.7,1.8,2,0
1956,1339940531088225019,2026-06-24,city scrape,Orleans cozy corner,223055461,Chantal,7,7,1,4,"Ottawa, Canada",t,1,t,Orleans,45.47730022572743,-75.50722905769622,Entire rental unit,Entire home/apt,4,2.0,2.0,3.0,208.5,2026-09-22,2026-09-24,417.0,208.5,2.0,365.0,t,3,8,14,256,2026-06-24,71,53,52,2025-02-22,2026-06-23,5.0,5.0,5.0,5.0,4.94,4.97,4.36,1,1
1957,1340849774120867951,2026-06-24,city scrape,Cozy Modern Studio: Little Italy,85297148,Short And Suite BnB,9,11,9,4,"Ottawa, Canada",t,51,t,Somerset,45.39879442559603,-75.70847335262637,Entire rental unit,Entire home/apt,2,1.0,2.0,1.0,78.4,2026-06-25,2026-07-25,2352.11,78.4,30.0,365.0,t,29,59,89,310,2026-06-24,22,11,22,2025-03-09,2025-12-13,4.73,4.86,4.82,4.86,4.82,4.73,1.4,28,28
1958,1340921586340220252,2026-06-24,city scrape,Spacious Room in Ottawa Centre,159399411,Mehnaz,8,7,1,5,"Ottawa, Canada",f,4,t,Gloucester-Southgate,45.37202702927285,-75.62081923626963,Entire home,Entire home/apt,1,1.5,1.0,1.0,36.58,2026-06-24,2026-07-24,1097.33,36.58,30.0,365.0,t,30,60,90,90,2026-06-24,0,0,0,10,10,4.8,4.8,4.9,4.9,4.8,4.7,1.8,2,1
1959,1342148099520863026,2026-06-24,city scrape,Luxury 1 bed 1 bath apartment.,674358249,Omar,1,5,1,3,"Ottawa, Canada",t,3,t,Rideau-Vanier,45.432536902137386,-75.6761555298537,Entire rental unit,Entire home/apt,3,1.0,1.0,2.0,109.9,2026-07-31,2026-08-30,3297.0,109.9,30.0,1125.0,t,0,23,36,284,2026-06-24,1,1,1,2025-09-01,2025-09-01,5.0,5.0,5.0,5.0,3.0,5.0,0.1,3,3
1960,1342151241665901076,2026-06-24,city scrape,Private room steps Uottawa Walk Downtown,510569116,Carlos,3,2,3,2,"Ottawa, Canada",f,47,t,Rideau-Vanier,45.4228476,-75.67991529999999,Private room in home,Private room,1,2.0,2.0,1.0,176.21,2026-06-24,2026-07-24,5286.36,176.21,30.0,365.0,t,30,60,90,365,2026-06-24,2,0,2,2025-05-11,2025-05-25,4.5,4.5,4.5,5.0,5.0,5.0,0.15,26,0
1961,1343106945421697623,2026-06-24,city scrape,Small Room Steps UOttawa 7 Mins Walk Rideau Center,146743514,Frits,8,10,8,2,"Mexicali, Mexico",f,74,t,Rideau-Vanier,45.42230434595565,-75.68054986617716,Private room in rental unit,Private room,1,4.0,2.0,1.0,57.7,2026-06-24,2026-07-24,1731.1,57.7,30.0,365.0,t,30,60,90,365,2026-06-24,1,1,1,2025-08-25,2025-08-25,1.0,1.0,1.0,1.0,1.0,1.0,0.1,28,0
1962,1344172116410304410,2026-06-24,city scrape,Cozy Private Bedroom En-suite,461969923,Nimish,4,0,1,4,"Ottawa, Canada",f,2,t,River,45.37154,-75.6581094,Private room in home,Private room,1,1.4,2.0,1.0,108.18,2026-06-24,2026-07-24,3245.52,108.18,30.0,365.0,t,30,60,90,365,2026-06-24,0,0,0,10,10,4.8,4.8,4.9,4.9,4.8,4.7,1.8,2,0
1963,1344417872570054368,2026-06-24,city scrape,Coral Sunset,479973679,Shanda,3,9,3,6,"Ottawa, Canada",t,2,t,Barrhaven,45.28605680440698,-75.75024636429316,Entire home,Entire home/apt,4,1.5,3.0,3.0,128.61,2026-11-08,2026-12-08,3858.35,128.61,30.0,180.0,t,0,0,21,257,2026-06-24,4,2,2,2025-04-01,2026-06-01,5.0,5.0,5.0,4.75,5.0,5.0,0.27,1,1
1964,1344525296598202068,2026-06-24,city scrape,Suite Caroline,25596666,Donna,11,5,0,9,"Ottawa, Canada",f,1,t,Kitchissippi,45.40240610157725,-75.7351513757942,Entire rental unit,Entire home/apt,4,1.0,2.0,2.0,234.0,2026-09-01,2026-09-03,468.0,234.0,2.0,31.0,t,0,0,2,233,2026-06-24,8,8,5,2025-10-10,2026-04-18,5.0,5.0,5.0,5.0,5.0,5.0,0.93,1,1
1965,1345906492409902492,2026-06-24,city scrape,"New, Stylish One Bedroom Retreat",470047074,Andrea,3,11,1,2,"Ottawa, Canada",t,1,t,Alta Vista,45.39366656878215,-75.63779206466737,Entire guest suite,Entire home/apt,2,1.0,1.0,1.0,160.5,2026-07-18,2026-07-20,321.0,160.5,2.0,180.0,t,6,12,12,183,2026-06-24,22,22,9,2025-09-30,2026-06-22,4.91,4.95,5.0,5.0,4.86,4.86,2.46,1,1
1966,1347232495963807853,2026-06-24,city scrape,Feel At Home,102303534,Idowu,9,7,1,4,"Ottawa, Canada",f,1,t,Alta Vista,45.390537778552,-75.6219981610279,Entire home,Entire home/apt,6,1.0,3.0,3.0,139.58,2026-07-27,2026-08-26,4187.54,139.58,30.0,365.0,t,3,30,60,335,2026-06-24,0,0,0,10,10,4.8,4.8,4.9,4.9,4.8,4.7,1.8,1,1
1967,1347312971714759429,2026-06-24,city scrape,Calm Oasis: 2 Beds Ensuite Master Bedroom +TV,397565786,Funmi,5,2,2,7,"Ottawa, Canada",t,6,t,Stittsville-Kanata West,45.28433277928848,-75.93417054539445,Private room in home,Private room,4,1.0,1.0,2.0,126.0,2026-06-29,2026-07-01,252.0,126.0,2.0,30.0,t,21,51,81,170,2026-06-24,12,8,8,2025-02-16,2026-05-27,5.0,5.0,4.92,5.0,4.58,4.83,0.73,6,0
1968,1347427895313603058,2026-06-24,city scrape,Family house perfect for newcomers,121481713,Amina,9,3,1,4,"Ottawa, Canada",f,2,t,Beacon Hill-Cyrville,45.44867293051354,-75.60359012335539,Entire home,Entire home/apt,8,2.5,4.0,8.0,145.3,2026-09-20,2026-10-20,4359.0,145.3,30.0,45.0,t,5,20,39,314,2026-06-24,0,0,0,10,10,4.8,4.8,4.9,4.9,4.8,4.7,1.8,1,1
1969,1348859553686408686,2026-06-24,city scrape,3 bedroom Home in Ottawa,676867227,Cheran,1,4,1,4,"Ottawa, Canada",t,1,t,Gloucester-South Nepean,45.27134462431503,-75.73561340740966,Entire townhouse,Entire home/apt,6,2.5,3.0,3.0,535.0,2026-06-29,2026-06-30,535.0,535.0,1.0,365.0,t,12,19,19,100,2026-06-24,67,43,48,2025-02-28,2026-05-31,4.94,4.96,4.99,5.0,4.96,4.85,4.17,1,1
1970,1349382870947485291,2026-06-24,city scrape,Spacious detached house,323011174,Claire,6,5,6,5,"Ottawa, Canada",t,1,t,Cumberland,45.35273035475627,-75.35458007395422,Entire home,Entire home/apt,4,1.0,1.0,3.0,102.74,2026-07-18,2026-08-17,3082.14,102.74,30.0,1125.0,t,6,36,66,341,2026-06-24,3,2,2,2025-05-31,2026-05-28,5.0,5.0,5.0,5.0,5.0,4.67,0.23,1,1
1971,1349395307778504254,2026-06-24,city scrape,Private Centretown 1BD Suite | 5MINS to Parliament,475319012,Jasmine,3,10,3,10,"Ottawa, Canada",t,13,t,Somerset,45.418819839221385,-75.6846857679768,Entire home,Entire home/apt,2,1.0,1.0,1.0,176.01,2026-07-30,2026-08-29,5280.23,176.01,30.0,365.0,t,0,24,54,234,2026-06-24,11,5,11,2025-04-13,2025-11-30,4.73,4.64,5.0,4.91,4.82,4.64,0.75,10,10
1972,1349476285216060339,2026-06-24,city scrape,Entire 4br Home| 15mn to DT,86804959,Nadine,9,10,1,4,Canada,t,4,t,Orleans,45.4752174,-75.5057636,Entire home,Entire home/apt,8,2.5,4.0,4.0,411.0,2026-06-29,2026-07-01,822.0,411.0,2.0,365.0,t,17,35,48,309,2026-06-24,62,50,36,2025-02-17,2026-06-22,4.98,4.95,4.97,4.98,5.0,4.9,3.77,1,1
1973,1350160870001229722,2026-06-24,city scrape,Fosterbrook Parkside Retreat,43585808,Julie,10,9,1,4,"Ottawa, Canada",f,1,t,Barrhaven,45.2686646,-75.7761168,Private room in home,Private room,3,1.0,2.0,2.0,179.0,2026-07-02,2026-07-03,179.0,179.0,1.0,6.0,t,11,11,13,26,2026-06-24,4,1,4,2025-03-09,2025-12-24,5.0,5.0,5.0,5.0,5.0,5.0,0.25,1,0
1974,1350306388036553800,2026-06-24,city scrape,Abbey Road Guest House,677246083,David,1,4,1,4,"Ottawa, Canada",t,1,t,Alta Vista,45.4075229546785,-75.65939164441346,Entire home,Entire home/apt,6,1.0,3.0,3.0,304.5,2026-07-30,2026-08-01,609.0,304.5,2.0,14.0,t,3,9,32,32,2026-06-24,91,75,56,2025-02-16,2026-06-21,4.96,4.99,5.0,4.98,4.98,4.98,5.53,1,1
1975,1352868686049413804,2026-07-02,previous scrape,1 bdrm overlooking Ottawa river,59171644,Rachel,10,4,10,4,"Ottawa, Canada",f,1,t,Somerset,45.41564300046264,-75.71222948443989,Entire rental unit,Entire home/apt,2,1.4,1.0,2.0,173.3,0000-00-00,"""0000-00-00""",2246.7,173.3,31.0,150.0,t,0,0,0,0,2026-07-02,0,0,0,10,10,4.8,4.8,4.9,4.9,4.8,4.7,1.8,1,1
1976,1353917874522638653,2026-06-24,city scrape,*NEW* Luxury & Cozy Home in Central Location,678164915,Mohand,1,4,1,4,"Ottawa, Canada",t,2,t,Gloucester-Southgate,45.34916681608446,-75.62859235418738,Entire home,Entire home/apt,10,2.5,4.0,6.0,174.65,2027-03-16,2027-04-15,5239.35,174.65,30.0,1125.0,t,0,0,0,100,2026-06-24,5,3,4,2025-04-12,2026-03-08,5.0,5.0,5.0,5.0,5.0,5.0,0.34,2,2
1977,1354312845335472704,2026-06-24,city scrape,Beautiful 3 Bed 2.5 Bath,166322864,Calvin,8,5,1,9,"Ottawa, Canada",f,3,t,Barrhaven,45.25096896213279,-75.75698927400822,Entire home,Entire home/apt,6,1.4,3.0,3.0,628.0,2026-06-25,2026-06-26,628.0,628.0,1.0,365.0,t,12,39,69,344,2026-06-24,1,1,1,2025-08-21,2025-08-21,5.0,5.0,5.0,5.0,5.0,5.0,0.1,3,2
1978,1355272528848008442,2026-06-24,city scrape,4 bdrm Townhouse near Byward Market!,72341274,Laura,10,1,3,9,"Gatineau, Canada",t,2,t,Rideau-Vanier,45.4341863,-75.69003,Entire home,Entire home/apt,8,3.0,4.0,4.0,179.75,2026-12-20,2027-01-19,5392.61,179.75,30.0,365.0,t,0,0,3,189,2026-06-24,0,0,0,10,10,4.8,4.8,4.9,4.9,4.8,4.7,1.8,1,1
1979,1355863087790101237,2026-07-02,previous scrape,A private basement apartment for couple/family,275358996,Dipon,6,11,0,10,"Ottawa, Canada",f,1,t,Rideau-Goulbourn,45.28359,-75.93785,Private room in townhouse,Private room,2,1.4,2.0,2.0,173.3,0000-00-00,"""0000-00-00""",2246.7,173.3,1.0,365.0,t,0,0,0,0,2026-07-02,8,8,8,2025-08-23,2025-10-09,4.63,4.75,4.88,4.88,4.75,4.63,0.76,1,0
1980,1356564932276498614,2026-07-02,previous scrape,"4Bed Pool,5min to Hospital,10min Airport,Downtown",18842066,Walid,11,11,4,7,"Ottawa, Canada",f,4,t,Alta Vista,45.39157029662948,-75.61747001554647,Entire home,Entire home/apt,8,1.4,4.0,2.0,173.3,0000-00-00,"""0000-00-00""",2246.7,173.3,30.0,366.0,t,0,0,0,0,2026-07-02,1,0,1,2025-05-01,2025-05-01,5.0,5.0,5.0,5.0,5.0,5.0,0.07,2,2
1981,1356649672920366443,2026-07-02,previous scrape,Basement room with private bathroom,512479686,Wei,3,1,1,11,"Ottawa, Canada",t,3,t,Barrhaven,45.25388307402864,-75.73266779220556,Private room in guesthouse,Private room,3,1.4,1.0,2.0,173.3,0000-00-00,"""0000-00-00""",2246.7,173.3,1.0,1.0,t,0,0,0,0,2026-07-02,2,2,1,2025-10-13,2026-05-03,5.0,5.0,5.0,5.0,5.0,5.0,0.23,3,0
1982,1358071368860084436,2026-06-24,city scrape,Charming 1 Room in a Townhouse in Kanata - Ottawa,197593653,Wale,8,0,8,0,"Ottawa, Canada",t,1,t,West Carleton-March,45.36617785866743,-75.93368049838725,Private room in townhouse,Private room,3,1.4,2.0,2.0,80.0,2026-06-28,2026-06-29,80.0,80.0,1.0,1125.0,t,1,24,54,328,2026-06-24,66,66,34,2025-08-10,2026-06-10,4.79,4.88,4.91,4.94,4.82,4.75,6.21,1,0
1983,1358831398955204266,2026-06-24,city scrape,Stunning 3 BedroomTownhouse,679406675,Gisele,1,4,1,3,"Ottawa, Canada",t,1,t,Stittsville-Kanata West,45.28148250010976,-75.88203851332402,Entire home,Entire home/apt,7,2.5,3.0,4.0,302.5,2026-07-13,2026-07-15,605.0,302.5,1.0,90.0,t,3,7,9,219,2026-06-24,44,42,20,2025-06-14,2026-06-22,4.84,4.93,4.82,4.93,4.7,4.82,3.51,1,1
1984,1359496978189693381,2026-06-24,city scrape,Hintonburg  Wellington Village,14721442,Mary,12,1,12,1,"Ottawa, Canada",t,2,t,Kitchissippi,45.40399375008795,-75.71853146477358,Entire home,Entire home/apt,2,1.0,1.0,2.0,187.4,2026-07-13,2026-07-28,2811.0,187.4,15.0,120.0,t,11,41,71,329,2026-06-24,3,3,2,2025-11-08,2026-05-22,5.0,5.0,5.0,5.0,5.0,5.0,0.39,1,1
1985,1359590227112371707,2026-06-24,city scrape,Cozy Urban Escape - 3 Bedroom West End Home,679612994,Richa,1,4,1,4,"Ottawa, Canada",f,1,t,Stittsville-Kanata West,45.28029164160946,-75.89263255692558,Entire home,Entire home/apt,6,2.5,3.0,4.0,203.72,2026-07-31,2026-08-30,6111.63,203.72,30.0,365.0,t,0,23,53,328,2026-06-24,1,1,1,2025-09-26,2025-09-26,5.0,5.0,5.0,5.0,5.0,5.0,0.11,1,1
1986,1360338005215507534,2026-07-02,previous scrape,Charming Private Queen Room (BR2) - Kanata,189615888,Lakshya,8,1,1,4,"Ottawa, Canada",t,4,t,West Carleton-March,45.36711,-75.93368,Private room in home,Private room,2,1.4,2.0,2.0,173.3,0000-00-00,"""0000-00-00""",2246.7,173.3,1.0,60.0,t,0,0,0,0,2026-07-02,15,9,8,2025-02-28,2026-05-15,5.0,5.0,5.0,5.0,5.0,5.0,0.92,4,1
1987,1360539288492441121,2026-06-24,city scrape,Charming Private Double Bedroom (BR3) - Kanata,189615888,Lakshya,8,1,1,4,"Ottawa, Canada",t,4,t,West Carleton-March,45.36651785011331,-75.93312650354625,Private room in home,Private room,1,1.5,2.0,1.0,94.0,2026-09-13,2026-09-14,94.0,94.0,1.0,60.0,t,0,0,9,9,2026-06-24,21,10,16,2025-02-27,2026-05-15,4.95,4.95,4.95,4.95,4.86,4.95,1.3,4,1
1988,1360899729630215503,2026-07-02,previous scrape,Charming 3 Bedroom House - Kanata,189615888,Lakshya,8,1,1,4,"Ottawa, Canada",t,4,t,West Carleton-March,45.36737739154516,-75.93215637195817,Entire home,Entire home/apt,6,1.4,3.0,2.0,173.3,0000-00-00,"""0000-00-00""",2246.7,173.3,2.0,7.0,t,0,0,0,0,2026-07-02,23,15,14,2025-03-23,2026-05-09,4.96,4.96,5.0,4.91,4.87,4.91,1.48,4,1
1989,1361599161667104336,2026-06-24,city scrape,"Spacious 3 Bedroom w/ Parking, Laundry and AC",72745938,Prabhukanth Daniel,10,1,1,3,"Ottawa, Canada",f,1,t,College,45.35753649999999,-75.7502734,Entire bungalow,Entire home/apt,5,1.0,3.0,3.0,298.5,2026-07-05,2026-07-07,597.0,298.5,2.0,1125.0,t,13,22,39,219,2026-06-24,34,25,17,2025-03-28,2026-06-11,4.71,4.76,4.88,4.88,4.76,4.53,2.25,1,1
1990,1361658553093181861,2026-06-24,city scrape,Modern home|Game Room|2 Parking,110855525,Ajay,9,5,1,3,"Ottawa, Canada",t,1,t,Cumberland,45.47469650000001,-75.4597773,Entire home,Entire home/apt,6,2.5,3.0,3.0,202.24,2026-08-31,2026-09-30,6067.18,202.24,30.0,500.0,t,2,2,24,207,2026-06-24,12,6,10,2025-05-06,2026-03-10,5.0,4.92,5.0,5.0,4.92,4.75,0.87,1,1
1991,1362255287083622358,2026-06-24,city scrape,Cozy Downtown basement unit-1 bed-1 parking,85297148,Short And Suite BnB,9,11,9,4,"Ottawa, Canada",t,51,t,Rideau-Vanier,45.43407147157611,-75.65177012747486,Entire home,Entire home/apt,2,1.0,1.0,1.0,70.33,2027-01-02,2027-02-01,2109.76,70.33,30.0,365.0,t,0,0,0,173,2026-06-24,13,3,13,2025-03-23,2025-10-01,4.54,4.54,4.85,4.85,4.38,4.54,0.85,28,28
1992,1362552588673188946,2026-06-24,city scrape,Bright Cozy Furnished Studio,154607410,Stephanie,8,8,1,4,"Ottawa, Canada",t,1,t,Alta Vista,45.383332142856176,-75.6366922298462,Entire home,Entire home/apt,2,1.0,2.0,1.0,56.42,2026-08-02,2026-09-01,1692.45,56.42,30.0,180.0,t,6,27,40,117,2026-06-24,5,4,4,2025-06-23,2026-01-26,5.0,5.0,5.0,5.0,5.0,4.8,0.41,1,1
1993,1363294318285537238,2026-06-24,city scrape,Modern house with Smart T.V,233000958,Ajibola,7,5,6,6,"Ottawa, Canada",f,6,t,Rideau-Goulbourn,45.23794655666121,-75.74824109074318,Private room in home,Private room,2,2.5,2.0,1.0,93.0,2026-10-20,2026-10-21,93.0,93.0,1.0,365.0,t,0,0,0,247,2026-06-24,48,32,33,2025-03-01,2026-06-03,4.75,4.85,4.94,4.9,4.81,4.77,2.99,6,1
1994,1363767938999468445,2026-06-24,city scrape,Cozy private room/ queen bed.,227725562,Anik,7,6,2,2,"Ottawa, Canada",f,2,t,Rideau-Rockcliffe,45.43625380189047,-75.63847828656435,Private room in townhouse,Private room,2,1.0,2.0,1.0,155.0,2026-06-24,2026-06-25,155.0,155.0,1.0,90.0,t,30,60,90,90,2026-06-24,15,10,12,2025-05-02,2026-05-29,4.93,5.0,5.0,5.0,4.93,4.93,1.07,2,0
1995,1363779844829119227,2026-06-24,city scrape,Cozy double bed room,227725562,Anik,7,6,2,2,"Ottawa, Canada",f,2,t,Rideau-Rockcliffe,45.43774564144924,-75.6376692304063,Private room in townhouse,Private room,2,1.0,2.0,1.0,143.0,2026-06-24,2026-06-25,143.0,143.0,1.0,90.0,t,30,60,90,90,2026-06-24,17,11,12,2025-05-08,2026-06-17,4.59,4.76,4.88,4.82,4.88,4.53,1.23,2,0
1996,1366822153147905532,2026-06-24,city scrape,Echo - on the Canal,388044099,Joshua,5,4,1,3,"Ottawa, Canada",t,1,t,Capital,45.4068001,-75.6806082,Entire rental unit,Entire home/apt,4,1.0,1.0,2.0,282.5,2026-07-02,2026-07-04,565.0,282.5,2.0,1125.0,t,7,28,52,132,2026-06-24,91,74,59,2025-03-05,2026-06-21,4.95,4.92,4.97,4.97,4.97,4.9,5.72,1,1
1997,1367034921471362040,2026-06-24,city scrape,Perfect family gateway in Ottawa,31918836,Nabin,11,1,10,9,"Ottawa, Canada",f,2,t,Knoxdale-Merivale,45.3295913349722,-75.7590320650291,Entire rental unit,Entire home/apt,8,2.0,4.0,5.0,363.35,2026-06-24,2026-07-24,10900.48,363.35,30.0,365.0,t,30,60,90,365,2026-06-24,0,0,0,10,10,4.8,4.8,4.9,4.9,4.8,4.7,1.8,2,1
1998,1367582000508000979,2026-06-24,city scrape,*Ideal for Construction Crews * Temporary Housing,52810809,Natalie,10,5,4,10,"Ottawa, Canada",f,31,t,Cumberland,45.41009398537659,-75.39533315015284,Entire home,Entire home/apt,12,3.5,6.0,6.0,181.2,2026-09-30,2026-10-30,5436.0,181.2,30.0,364.0,t,0,0,0,267,2026-06-24,2,1,1,2025-05-01,2026-03-27,5.0,5.0,5.0,5.0,5.0,5.0,0.14,21,21
1999,1367651079841038848,2026-06-24,city scrape,Beautiful and charming home,652808526,Wander,1,9,1,3,"Ottawa, Canada",f,2,t,Rideau-Rockcliffe,45.45279739794714,-75.63096562564418,Private room in home,Private room,2,1.0,2.0,2.0,173.3,2026-06-25,2026-07-25,2246.7,173.3,30.0,365.0,f,29,59,89,89,2026-06-24,0,0,0,10,10,4.8,4.8,4.9,4.9,4.8,4.7,1.8,2,0
2000,1367660847792976270,2026-06-24,city scrape,Cozy home in the heart of Ottawa,652808526,Wander,1,9,1,3,"Ottawa, Canada",f,2,t,Rideau-Rockcliffe,45.45259814107197,-75.63077389482865,Private room in home,Private room,2,1.0,2.0,1.0,173.3,2026-06-25,2026-07-25,2246.7,173.3,30.0,365.0,f,29,59,89,89,2026-06-24,0,0,0,10,10,4.8,4.8,4.9,4.9,4.8,4.7,1.8,2,0
2001,1368182453109335698,2026-06-24,city scrape,Family Friendly - Bright and Cozy Basement Suite,681943685,Anna,1,3,1,1,"Ottawa, Canada",f,1,t,Gloucester-South Nepean,45.2771932,-75.71728019999999,Entire guest suite,Entire home/apt,4,1.0,1.0,3.0,120.0,2026-06-30,2026-07-01,120.0,120.0,1.0,28.0,t,12,25,37,127,2026-06-24,100,82,68,2025-04-29,2026-06-21,4.75,4.76,4.89,4.82,4.83,4.69,7.11,1,1
2002,1368289196048254116,2026-06-24,city scrape,Cozy Private Rooms in Ottawa! (#1),681981208,Vlad,1,3,1,3,"Ottawa, Canada",f,3,t,Somerset,45.40894067976174,-75.6986851973501,Private room in rental unit,Private room,2,1.0,2.0,1.0,113.0,2026-07-08,2026-07-09,113.0,113.0,1.0,365.0,t,9,22,42,312,2026-06-24,106,88,69,2025-04-11,2026-06-12,4.71,4.77,4.91,4.92,4.69,4.61,7.23,3,0
2003,1368318014877998211,2026-06-24,city scrape,Cozy Private Room in Ottawa! (#3),681981208,Vlad,1,3,1,3,"Ottawa, Canada",f,3,t,Somerset,45.4088665728277,-75.70077970304756,Private room in rental unit,Private room,2,1.0,2.0,1.0,120.0,2026-06-24,2026-06-25,120.0,120.0,1.0,365.0,t,10,35,65,337,2026-06-24,119,94,87,2025-03-08,2026-06-20,4.77,4.82,4.88,4.94,4.66,4.66,7.53,3,0
2004,1368723867537841755,2026-06-24,city scrape,Cozy private room in Ottawa! (#2),681981208,Vlad,1,3,1,3,"Ottawa, Canada",f,3,t,Somerset,45.40943936012166,-75.69846382742504,Private room in rental unit,Private room,2,1.0,2.0,1.0,125.0,2026-07-07,2026-07-08,125.0,125.0,1.0,365.0,t,7,24,46,316,2026-06-24,100,81,68,2025-03-16,2026-06-20,4.8,4.84,4.95,4.93,4.85,4.77,6.44,3,0
2005,1369104988737901826,2026-06-24,city scrape,Ottawa studio suite,401767563,Roxanne,5,1,3,11,"Ottawa, Canada",t,7,t,Rideau-Vanier,45.441301975079405,-75.65915552595514,Entire rental unit,Entire home/apt,2,1.0,2.0,1.0,97.74,2026-08-16,2026-09-15,2932.19,97.74,30.0,1125.0,t,22,50,74,261,2026-06-24,8,7,5,2025-05-09,2026-05-06,5.0,5.0,4.88,5.0,4.63,4.88,0.58,5,5
2006,1369792810567035104,2026-06-24,city scrape,Modern Condo near Chinatown close to Little Italy,81019326,Charlie,9,11,5,9,"Ottawa, Canada",f,1,t,Somerset,45.41136,-75.70903,Entire rental unit,Entire home/apt,3,1.0,1.0,2.0,258.0,2026-06-28,2026-06-29,258.0,258.0,1.0,365.0,t,15,42,72,347,2026-06-24,100,79,58,2025-03-13,2026-06-14,4.59,4.58,4.71,4.82,4.58,4.58,6.4,1,1
2007,1369793628896772853,2026-06-24,city scrape,Studio Apartment just a walk to Algonquin College,478304275,Kien V,3,9,3,9,"Ottawa, Canada",f,1,t,College,45.34777,-75.76948,Entire rental unit,Entire home/apt,2,1.0,2.0,1.0,184.67,2026-06-28,2026-07-01,554.0,184.67,2.0,365.0,t,12,36,66,248,2026-06-24,34,30,20,2025-03-24,2026-06-05,4.71,4.74,4.47,4.88,4.65,4.65,2.23,1,1
2008,1369811479896637299,2026-06-24,city scrape,King Bed Studio Apartment - Near Chinatown,517868726,Casey,3,0,3,0,"Ottawa, Canada",f,1,t,Somerset,45.40997,-75.70864,Entire rental unit,Entire home/apt,2,1.0,2.0,1.0,179.0,2026-06-25,2026-06-26,179.0,179.0,1.0,365.0,t,27,52,82,357,2026-06-24,117,95,67,2025-03-27,2026-06-15,4.4,4.45,4.63,4.84,4.5,4.36,7.71,1,1
2009,1370108895912763683,2026-06-24,city scrape,Cute 3 Bedrooms Townhouse (1 king + 2 Queen) Beds,67912081,Ehab,10,2,1,3,"Ottawa, Canada",f,1,t,Kanata South,45.273093,-75.84876469999999,Entire home,Entire home/apt,6,2.5,3.0,3.0,212.93,2026-07-01,2026-07-31,6388.0,212.93,30.0,180.0,t,23,53,83,358,2026-06-24,1,1,1,2025-06-30,2025-06-30,5.0,5.0,5.0,5.0,5.0,5.0,0.08,1,1
2010,1371141365498967768,2026-06-24,city scrape,Brand New 1-Bedroom in Ottawa's Trendy Sandy Hills,38459934,Corporate Stays,10,11,10,10,"Montreal, Canada",f,152,f,Rideau-Vanier,45.418997096988285,-75.66664329657647,Entire rental unit,Entire home/apt,2,1.0,1.0,1.0,150.16,2026-11-02,2026-12-02,4504.88,150.16,30.0,365.0,t,0,0,0,60,2026-06-24,2,1,2,2025-04-21,2025-12-18,5.0,5.0,5.0,5.0,5.0,4.5,0.14,11,11
2011,1371306464126935464,2026-06-24,city scrape,Modern 1BR Suite with Free Onsite Parking,682824334,Ore And Festus,1,3,1,3,"Ottawa, Canada",t,1,t,Stittsville-Kanata West,45.28618118180557,-75.93570122432862,Entire rental unit,Entire home/apt,2,1.0,1.0,1.0,169.0,2026-07-19,2026-07-21,338.0,169.0,1.0,1125.0,t,5,15,22,192,2026-06-24,99,68,78,2025-03-28,2026-06-19,4.98,4.99,5.0,4.99,4.93,4.98,6.54,1,1
2012,1372516144964271827,2026-06-24,city scrape,Central Canal 2 Bdr priv entry,146518899,Tatiana,8,10,8,10,"Ottawa, Canada",t,5,t,Capital,45.4108884,-75.67884769999999,Entire rental unit,Entire home/apt,3,1.0,2.0,2.0,89.41,2026-12-25,2027-01-24,2682.26,89.41,30.0,120.0,t,6,7,7,188,2026-06-24,2,2,1,2025-08-06,2026-02-28,5.0,4.0,5.0,5.0,5.0,5.0,0.19,5,5
2013,1374734524438582962,2026-06-24,city scrape,Modern Pet-Friendly Apartment near Rideau Centre,515274476,Noel,3,1,2,10,"Ottawa, Canada",f,1,t,Rideau-Vanier,45.4234175,-75.679171,Entire rental unit,Entire home/apt,5,1.4,2.0,3.0,418.0,2026-06-28,2026-06-29,418.0,418.0,1.0,365.0,t,11,34,64,336,2026-06-24,53,44,31,2025-03-15,2026-06-14,4.49,4.57,4.57,4.85,4.68,4.45,3.4,1,1
2014,1374793735164404895,2026-06-24,city scrape,Modern studio with king-size bed,235210480,Davidé And Alina,7,5,1,3,"Ottawa, Canada",t,1,t,Alta Vista,45.4070834,-75.63660689999999,Entire rental unit,Entire home/apt,2,1.0,2.0,1.0,138.57,2026-10-20,2026-10-27,970.0,138.57,7.0,365.0,t,6,8,13,165,2026-06-24,44,34,33,2025-03-30,2026-06-21,5.0,5.0,5.0,5.0,4.91,4.95,2.92,1,1
2015,1375550728811902074,2026-06-24,city scrape,KASHY HOMES-Executive home oasis,66264674,Kashy,10,2,10,2,"Ottawa, Canada",t,7,t,Innes,45.4566553908035,-75.53824284049664,Entire home,Entire home/apt,10,4.5,6.0,6.0,454.44,2026-07-19,2026-08-18,13633.08,454.44,30.0,730.0,t,5,35,65,340,2026-06-24,0,0,0,10,10,4.8,4.8,4.9,4.9,4.8,4.7,1.8,7,7
2016,1375648933297383824,2026-06-24,city scrape,"Modern Cozy Room • Desk, Comfort & Privacy",683986794,Joel,1,3,1,3,"Ottawa, Canada",f,3,t,Innes,45.44403461358856,-75.51820669323206,Private room in home,Private room,2,1.0,2.0,1.0,85.0,2026-07-01,2026-07-03,170.0,85.0,2.0,1125.0,t,23,53,62,62,2026-06-24,27,17,19,2025-04-10,2026-05-22,4.85,4.93,4.93,5.0,4.59,4.74,1.84,3,0
2017,1376155840529797138,2026-06-24,city scrape,"Beautiful Cozy Room • New & Quiet, Free Parking",683986794,Joel,1,3,1,3,"Ottawa, Canada",f,3,t,Innes,45.44403459999999,-75.5182066,Private room in home,Private room,2,1.0,2.0,1.0,91.5,2026-06-30,2026-07-02,183.0,91.5,2.0,1125.0,t,24,54,63,159,2026-06-24,11,2,11,2025-03-17,2025-10-07,4.18,4.27,4.45,4.27,4.0,4.18,0.71,3,0
2018,1376183348547787132,2026-06-24,city scrape,"Beautiful , brand new family 3  bedroom townhouse",16644507,Takhmina,12,0,10,6,"İstanbul, Turkey",f,1,t,Stittsville-Kanata West,45.28311,-75.89517,Entire home,Entire home/apt,5,2.5,3.0,5.0,133.87,2026-09-16,2026-10-17,4150.0,133.87,31.0,300.0,t,3,9,15,195,2026-06-24,6,4,5,2025-04-28,2026-01-19,4.5,4.67,4.83,4.5,4.83,4.5,0.43,1,1
2019,1376445014491974911,2026-06-24,city scrape,Private Room · Quiet · Modern - Free Parking,683986794,Joel,1,3,1,3,"Ottawa, Canada",f,3,t,Innes,45.44404,-75.51821,Private room in home,Private room,2,1.0,2.0,1.0,89.2,2026-06-24,2026-07-08,1248.8,89.2,14.0,1125.0,t,30,60,69,165,2026-06-24,7,1,7,2025-03-22,2025-09-15,4.43,4.43,4.43,4.43,4.43,4.43,0.46,3,0
2020,1377176835554871052,2026-06-24,city scrape,Glebe Pet-Friendly Boutique Style Suite,85297148,Short And Suite BnB,9,11,9,4,"Ottawa, Canada",t,51,t,Capital,45.4032062975694,-75.68611888644956,Entire rental unit,Entire home/apt,2,1.0,2.0,1.0,83.26,2026-08-31,2026-09-30,2497.86,83.26,30.0,365.0,t,0,1,23,244,2026-06-24,1,1,1,2025-06-27,2025-06-27,5.0,5.0,5.0,5.0,5.0,4.0,0.08,28,28
2021,1378598726273158914,2026-06-24,city scrape,3Br 2Bth Modern DPLX 5 Min DT,125608480,Daniel,9,2,1,0,"Ottawa, Canada",t,1,t,Rideau-Vanier,45.4414418,-75.6715171,Entire rental unit,Entire home/apt,6,1.5,3.0,4.0,292.14,2026-07-12,2026-07-13,292.14,292.14,1.0,1125.0,t,1,11,40,216,2026-06-24,70,70,46,2025-07-02,2026-06-14,4.83,4.86,4.93,4.97,4.81,4.83,5.87,1,1
2022,1379326895803521683,2026-06-24,city scrape,"5m to CTC, King Bed, BBQ, Fenced in Yard, WFH",43424548,Sean,10,9,4,6,"Ottawa, Canada",t,22,t,Stittsville-Kanata West,45.28519498712925,-75.93327239392268,Entire home,Entire home/apt,6,2.5,3.0,4.0,124.51,2027-03-26,2027-04-25,3735.3,124.51,30.0,365.0,t,0,0,0,90,2026-06-24,0,0,0,10,10,4.8,4.8,4.9,4.9,4.8,4.7,1.8,7,7
2023,1379699317164749919,2026-06-24,city scrape,New downtown condo. 4 min walk to Parliament.,305048917,Mohammad,6,7,4,4,"Ottawa, Canada",t,10,t,Somerset,45.41739743738454,-75.70556586683344,Entire condo,Entire home/apt,2,1.0,1.0,1.0,107.68,2026-06-25,2026-07-26,3338.0,107.68,31.0,270.0,t,29,59,68,69,2026-06-24,1,0,1,2025-04-29,2025-04-29,5.0,5.0,5.0,5.0,5.0,5.0,0.07,8,8
2024,1379781432189273608,2026-06-24,city scrape,Bridlewood inn 4 kanata,514303310,Mary,3,1,2,9,"Ottawa, Canada",t,3,t,Kanata South,45.28906025719663,-75.85783427613787,Private room in home,Private room,2,1.4,2.0,1.0,61.17,2026-09-01,2026-09-07,367.0,61.17,6.0,365.0,t,0,0,22,297,2026-06-24,4,4,2,2025-08-19,2026-05-10,5.0,5.0,5.0,5.0,5.0,5.0,0.39,3,0
2025,1380442620914363613,2026-06-24,city scrape,Your cozy home away from home.,203366404,Olivia,7,11,2,0,"Ottawa, Canada",t,3,t,Kanata South,45.27608282130274,-75.8411687474599,Entire home,Entire home/apt,8,3.5,4.0,4.0,193.6,2026-08-28,2026-09-27,5808.0,193.6,30.0,365.0,t,2,5,30,305,2026-06-24,2,1,1,2025-06-08,2026-05-31,5.0,5.0,5.0,5.0,5.0,5.0,0.16,2,2
2026,1382602994589330126,2026-06-24,city scrape,Two bedrooms Condo with Free Parking,685701658,Elaine,1,3,1,3,"Ottawa, Canada",t,1,t,Kanata North,45.316031211850536,-75.93252018757188,Entire condo,Entire home/apt,4,2.0,2.0,2.0,351.0,2026-06-29,2026-06-30,351.0,351.0,1.0,365.0,t,9,25,55,145,2026-06-24,22,16,15,2025-04-24,2026-06-08,4.82,4.91,4.82,4.95,4.91,4.64,1.55,1,1
2027,1385055100544768577,2026-06-24,city scrape,Top Unit - Ottawa East - Newly Renovated,337818011,Babette,6,4,1,2,"Ottawa, Canada",f,4,t,Beacon Hill-Cyrville,45.4388448,-75.6106753,Entire home,Entire home/apt,6,2.5,4.0,1.0,403.0,2026-08-01,2026-08-03,806.0,403.0,2.0,90.0,t,0,22,52,327,2026-06-24,8,8,8,2025-07-19,2025-10-12,4.63,4.75,4.88,5.0,4.88,4.63,0.7,4,1
2028,1385212430435853691,2026-06-24,city scrape,Peaceful Twin bed & Office space,210023080,Ali,7,10,2,7,"Ottawa, Canada",f,6,t,Rideau-Rockcliffe,45.433707186798735,-75.64724339909243,Private room in home,Private room,1,1.0,2.0,1.0,37.18,2026-07-01,2026-07-31,1115.25,37.18,28.0,365.0,t,23,53,83,358,2026-06-24,16,8,14,2025-04-08,2026-05-27,4.88,4.69,4.94,4.75,4.69,4.56,1.08,6,0
2029,1385507669289557397,2026-07-02,previous scrape,Fully furnished luxury condo with patio & parking,186027642,Michelle,8,2,4,8,"Ottawa, Canada",t,2,t,Capital,45.399853,-75.685845,Entire rental unit,Entire home/apt,2,1.4,1.0,2.0,173.3,0000-00-00,"""0000-00-00""",2246.7,173.3,21.0,365.0,t,27,27,27,27,2026-07-02,0,0,0,10,10,4.8,4.8,4.9,4.9,4.8,4.7,1.8,2,2
2030,1386960558444747371,2026-06-24,city scrape,Walkable Glebe Gem! Free Parking!,40935528,Christine,10,10,3,9,"Ottawa, Canada",t,3,t,Capital,45.4005758,-75.6897968,Entire rental unit,Entire home/apt,4,1.0,2.0,2.0,149.89,2026-10-12,2026-11-11,4496.61,149.89,30.0,365.0,t,2,6,22,201,2026-06-24,4,4,2,2025-07-31,2026-06-06,5.0,5.0,5.0,5.0,5.0,4.75,0.36,2,2
2031,1389237542467788042,2026-07-02,previous scrape,Bright and Spacious! Gym! Free Parking!,40935528,Christine,10,10,3,9,"Ottawa, Canada",t,3,t,Capital,45.4005758,-75.6897968,Entire rental unit,Entire home/apt,4,1.4,2.0,2.0,173.3,0000-00-00,"""0000-00-00""",2246.7,173.3,30.0,365.0,t,0,0,0,0,2026-07-02,2,1,2,2025-06-24,2025-11-09,5.0,5.0,5.0,5.0,5.0,5.0,0.16,2,2
2032,1389448853656638318,2026-06-24,city scrape,Private Spacious Basement in Ottawa (Near Airport),687457659,Suraj,1,2,0,11,"Ottawa, Canada",t,1,t,Gloucester-South Nepean,45.27068052452607,-75.72129400646614,Private room in home,Private room,2,1.0,2.0,1.0,92.0,2026-06-29,2026-06-30,92.0,92.0,1.0,15.0,t,12,40,70,70,2026-06-24,48,48,26,2025-07-04,2026-05-29,4.81,4.83,4.92,4.88,4.81,4.79,4.04,1,0
2033,1390103777919157545,2026-06-24,city scrape,Entire Place - 2BR - Near Airport,416824173,Wathah,4,10,1,2,"Ottawa, Canada",t,1,t,Gloucester-South Nepean,45.2824763144883,-75.71356657113562,Entire rental unit,Entire home/apt,4,1.0,2.0,4.0,280.0,2026-06-29,2026-07-01,560.0,280.0,2.0,1125.0,t,5,23,52,232,2026-06-24,40,34,27,2025-05-25,2026-06-20,4.95,4.98,4.93,4.98,4.85,4.98,3.03,1,1
2034,1392278821311669824,2026-06-24,city scrape,Stylish & Cozy Getaway,651556043,David,1,9,1,2,"Ottawa, Canada",f,1,t,Kanata North,45.30376668448329,-75.92780449696492,Entire home,Entire home/apt,4,1.5,2.0,2.0,121.7,2026-09-14,2026-10-14,3651.0,121.7,30.0,120.0,t,4,15,23,203,2026-06-24,2,2,0,2026-01-02,2026-02-09,5.0,5.0,5.0,5.0,5.0,5.0,0.34,1,1
2035,1392334215952210227,2026-06-24,city scrape,Cozy room With Private entrance,23679383,Salman,11,7,3,8,"Ottawa, Canada",f,9,t,Knoxdale-Merivale,45.35124497403169,-75.71944956960616,Private room in home,Private room,2,1.0,2.0,1.0,80.0,2026-06-29,2026-07-01,160.0,80.0,1.0,365.0,t,18,44,74,349,2026-06-24,19,16,10,2025-04-19,2026-05-20,4.21,4.47,4.79,4.89,4.68,4.37,1.32,7,0
2036,1393462363296586264,2026-06-24,city scrape,Kai's Cozy Nepean Home,480496590,John,3,9,2,6,"Ottawa, Canada",t,1,t,College,45.33909704359591,-75.7976869057138,Entire home,Entire home/apt,4,1.0,2.0,2.0,161.0,2026-07-12,2026-07-15,483.0,161.0,3.0,14.0,t,3,5,11,95,2026-06-24,32,26,22,2025-05-25,2026-06-13,4.91,4.88,4.91,4.97,4.91,4.81,2.42,1,1
2037,1394374892996769410,2026-06-24,city scrape,Private Suite for Rent!,688735683,Bhaumik,1,2,1,2,"Ottawa, Canada",f,1,t,Rideau-Goulbourn,45.25544746010998,-75.89794253950492,Private room in home,Private room,2,1.0,2.0,1.0,99.07,2026-08-01,2026-08-02,99.07,99.07,1.0,30.0,t,0,22,52,232,2026-06-24,3,0,3,2025-05-21,2025-06-18,5.0,5.0,5.0,5.0,5.0,5.0,0.23,1,0
2038,1394996928945606562,2026-07-02,previous scrape,Spacious 4BR Near Kanata Tech Park,66190971,Luis,10,2,4,8,"Gatineau, Canada",t,64,t,Kanata North,45.35246727117837,-75.93671742234403,Entire home,Entire home/apt,8,1.4,4.0,2.0,173.3,0000-00-00,"""0000-00-00""",2246.7,173.3,30.0,365.0,t,0,0,0,0,2026-07-02,1,1,0,2026-02-07,2026-02-07,5.0,5.0,5.0,5.0,5.0,5.0,0.21,26,26
2039,1395205062031712857,2026-06-24,city scrape,"""Tranquil Room in a Safe, Minimalist Sanctuary""",380958634,Lola,5,6,5,6,"Ottawa, Canada",f,3,t,Kanata South,45.27692181305528,-75.86565692813733,Private room in townhouse,Private room,1,1.0,1.0,1.0,53.72,2026-09-01,2026-10-01,1611.48,53.72,30.0,365.0,t,0,0,21,296,2026-06-24,0,0,0,10,10,4.8,4.8,4.9,4.9,4.8,4.7,1.8,3,0
2040,1395237669940694202,2026-06-24,city scrape,Modern townhouse near airport,8105114,Yu,12,10,3,7,"Ottawa, Canada",f,1,t,Gloucester-South Nepean,45.28044827546364,-75.67646113900125,Entire home,Entire home/apt,6,2.5,3.0,3.0,267.7,2026-06-25,2026-07-25,8030.85,267.7,30.0,60.0,t,29,59,89,89,2026-06-24,4,2,4,2025-06-13,2025-08-04,5.0,5.0,5.0,5.0,5.0,5.0,0.32,1,1
2041,1396587156361069486,2026-06-24,city scrape,Private Room & Bathroom,73627659,Hakeem,10,1,1,0,"Ottawa, Canada",t,1,t,Barrhaven,45.26314,-75.74514,Private room in townhouse,Private room,2,1.0,2.0,1.0,132.0,2026-07-04,2026-07-05,132.0,132.0,1.0,365.0,t,17,41,63,338,2026-06-24,6,4,6,2025-06-06,2025-09-15,4.83,4.83,5.0,5.0,4.67,4.83,0.47,1,0
2042,1396609008677496760,2026-06-24,city scrape,"Large bedroom, 2-travellers - private bathroom",92758261,Olivier,9,9,1,11,"Lyon, France",f,2,t,Cumberland,45.4513002514141,-75.45983017036758,Private room in home,Private room,2,1.0,1.0,1.0,61.19,2026-06-26,2026-07-26,1835.67,61.19,30.0,65.0,t,28,58,88,363,2026-06-24,0,0,0,10,10,4.8,4.8,4.9,4.9,4.8,4.7,1.8,1,0
2043,1397340400496844467,2026-07-02,previous scrape,Chic Urban Retreat Near Canal,6663748,Leonardo,13,1,10,0,"Ottawa, Canada",f,1,t,Capital,45.40912549129276,-75.67944834419325,Entire rental unit,Entire home/apt,2,1.4,1.0,2.0,173.3,0000-00-00,"""0000-00-00""",2246.7,173.3,30.0,1125.0,t,0,0,0,0,2026-07-02,4,3,3,2025-06-08,2026-01-31,5.0,5.0,5.0,5.0,5.0,5.0,0.31,1,1
2044,1397417274718454657,2026-06-24,city scrape,"Modern, Bright 1BR Near Downtown",11132673,Rebecca,12,5,1,1,"Ottawa, Canada",f,1,t,Rideau-Rockcliffe,45.42710524863087,-75.65896620900818,Entire rental unit,Entire home/apt,2,1.0,1.0,2.0,251.5,2026-06-30,2026-07-02,503.0,251.5,2.0,365.0,t,3,3,11,194,2026-06-24,13,13,3,2025-07-01,2026-06-14,4.92,5.0,5.0,5.0,4.85,4.92,1.09,1,1
2045,1398202650230630352,2026-06-24,city scrape,Spacious 4BR Home | Free Parking | 10 mins to DT,566528228,Amara,2,3,2,1,"Ottawa, Canada",t,1,t,Knoxdale-Merivale,45.33746627726778,-75.74187279866356,Entire home,Entire home/apt,6,2.5,4.0,4.0,416.53,2026-06-29,2026-06-30,416.53,416.53,1.0,90.0,t,14,28,55,55,2026-06-24,93,84,65,2025-05-19,2026-06-17,4.87,4.83,4.97,4.98,4.88,4.77,6.94,1,1
2046,1398256586139546227,2026-06-24,city scrape,Private Studio Basement Apartment.,463885736,Harpreet,4,0,1,2,"Ottawa, Canada",t,1,t,Rideau-Goulbourn,45.23885871201639,-75.74386318566918,Entire rental unit,Entire home/apt,2,1.0,1.0,1.0,94.0,2026-07-05,2026-07-06,94.0,94.0,1.0,26.0,t,8,33,59,59,2026-06-24,75,73,61,2025-06-03,2026-05-23,4.8,4.93,4.88,4.99,4.8,4.77,5.81,1,1
2047,1398821542431774895,2026-06-24,city scrape,"House, 1 Queen, 3 twins - Lovely Neighbourhood",247865836,Omar,7,3,1,2,"Ottawa, Canada",t,1,t,Rideau-Goulbourn,45.26496880314733,-75.88267669703714,Entire home,Entire home/apt,5,1.5,3.0,4.0,571.0,2026-07-01,2026-07-02,571.0,571.0,1.0,180.0,t,4,16,29,125,2026-06-24,18,11,10,2025-05-26,2026-06-14,4.83,4.94,5.0,4.94,4.83,4.67,1.37,1,1
2048,1399227965812386887,2026-06-24,city scrape,The Ambassador | King Ensuite | Downtown - 3,684773675,Host&Suite,1,3,1,3,"Ottawa, Canada",t,9,t,Rideau-Vanier,45.427679576047176,-75.67551657404256,Room in hotel,Private room,2,1.0,1.0,1.0,189.0,2026-06-26,2026-06-27,189.0,189.0,1.0,15.0,t,16,40,69,156,2026-06-24,11,11,3,2025-07-31,2026-06-07,5.0,5.0,5.0,5.0,4.91,4.91,1.0,7,0
2049,1399228025793135540,2026-06-24,city scrape,King Ensuite | Parking | Downtown | No Fees - 3,684773675,Host&Suite,1,3,1,3,"Ottawa, Canada",t,9,t,Rideau-Vanier,45.42911,-75.67427,Room in hotel,Private room,2,1.0,1.0,1.0,172.0,2026-06-24,2026-06-25,172.0,172.0,1.0,15.0,t,19,37,63,152,2026-06-24,15,14,6,2025-05-25,2026-04-05,5.0,4.93,5.0,4.87,5.0,4.87,1.14,7,0
2050,1399228077106146867,2026-06-24,city scrape,Queen Room | Parking | Downtown | Shared Bath - 2,684773675,Host&Suite,1,3,1,3,"Ottawa, Canada",t,9,t,Rideau-Vanier,45.4287,-75.67453,Room in hotel,Private room,2,1.5,1.0,2.0,143.0,2026-06-24,2026-06-25,143.0,143.0,1.0,15.0,t,21,44,74,164,2026-06-24,6,6,1,2025-11-08,2026-04-18,4.67,4.83,5.0,4.83,4.67,4.67,0.79,7,0
2051,1399228138532653087,2026-06-24,city scrape,Queen Room | Parking | Downtown | Shared Bath - 5,684773675,Host&Suite,1,3,1,3,"Ottawa, Canada",t,9,t,Rideau-Vanier,45.42881,-75.67402,Room in boutique hotel,Private room,2,1.4,1.0,1.0,143.0,2026-06-24,2026-06-25,143.0,143.0,1.0,15.0,t,18,39,66,154,2026-06-24,17,15,6,2025-05-23,2026-05-22,4.82,5.0,4.88,4.94,5.0,4.82,1.28,7,0
2052,1399228194013886568,2026-06-24,city scrape,Single Room | Parking | Downtown | Shared Bath - 1,684773675,Host&Suite,1,3,1,3,"Ottawa, Canada",t,9,t,Rideau-Vanier,45.42943,-75.67533,Room in hotel,Private room,1,1.5,1.0,1.0,132.0,2026-06-26,2026-06-27,132.0,132.0,1.0,15.0,t,12,25,30,97,2026-06-24,31,26,20,2025-04-16,2026-05-11,4.97,5.0,4.97,4.9,4.97,4.84,2.14,7,0
2053,1399228362713016286,2026-07-02,previous scrape,Queen Ensuite | Private Living Room | Downtown - 3,684773675,Host&Suite,1,3,1,3,"Ottawa, Canada",t,9,t,Somerset,45.41069285453791,-75.69577445382977,Private room in home,Private room,2,1.4,1.0,2.0,173.3,0000-00-00,"""0000-00-00""",2246.7,173.3,2.0,1125.0,t,0,0,0,0,2026-07-02,0,0,0,10,10,4.8,4.8,4.9,4.9,4.8,4.7,1.8,7,0
2054,1399602338021724296,2026-06-24,city scrape,Modern Cozy Luxury 4BD Ottawa,682790210,Jessica,1,3,1,3,"Ottawa, Canada",t,1,t,Gloucester-South Nepean,45.2740133,-75.7294962,Entire home,Entire home/apt,6,3.5,4.0,5.0,309.36,2027-01-01,2027-01-31,9280.83,309.36,30.0,360.0,t,0,0,0,174,2026-06-24,49,38,44,2025-04-25,2026-02-02,4.92,4.96,4.96,4.98,4.96,4.94,3.45,1,1
2055,1400734860468035651,2026-06-24,city scrape,"King 1BR w/parking in ""walker's/biker's paradise""",32610925,Tim,11,1,1,2,"Ottawa, Canada",t,1,t,Capital,45.39332361259614,-75.6799761353804,Entire rental unit,Entire home/apt,2,1.0,1.0,1.0,278.5,2026-07-27,2026-07-29,557.0,278.5,1.0,1125.0,t,0,9,39,138,2026-06-24,88,79,50,2025-04-20,2026-06-16,4.99,5.0,4.95,5.0,4.97,4.93,6.13,1,1
2056,1400791632293665920,2026-06-24,city scrape,Brand new studio Hintonburg,147439063,Matthew,8,10,6,9,"Ottawa, Canada",f,1,t,Kitchissippi,45.40334,-75.72805,Entire rental unit,Entire home/apt,2,1.0,1.0,1.0,88.49,2026-08-01,2026-08-31,2654.82,88.49,30.0,180.0,t,0,22,52,104,2026-06-24,0,0,0,10,10,4.8,4.8,4.9,4.9,4.8,4.7,1.8,2,2
2057,1400849333587301840,2026-06-24,city scrape,Spacious 1 bed apartment,85392644,Karina,9,11,1,2,"Ottawa, Canada",f,1,t,Alta Vista,45.37781862672617,-75.66506712007947,Entire home,Entire home/apt,2,1.0,1.0,1.0,61.72,2027-05-16,2027-06-15,1851.74,61.72,30.0,60.0,t,4,4,4,43,2026-06-24,0,0,0,10,10,4.8,4.8,4.9,4.9,4.8,4.7,1.8,1,1
2058,1400943271604501005,2026-06-24,city scrape,SimplyLovely Condo near Downtown | Parking | Patio,115007140,Frank,9,4,1,1,"Ottawa, Canada",f,1,t,Gloucester-Southgate,45.37463746531381,-75.6476848177693,Entire condo,Entire home/apt,4,1.5,2.0,2.0,205.41,2026-07-20,2026-07-21,205.41,205.41,1.0,29.0,t,2,14,20,176,2026-06-24,33,28,16,2025-06-06,2026-06-06,4.73,4.79,5.0,4.82,4.76,4.76,2.58,1,1
2059,1401737503084414911,2026-06-24,city scrape,2-Bedroom Lower Level Waterfront,166098222,Hong-Son,8,5,1,10,"Ottawa, Canada",t,2,t,Knoxdale-Merivale,45.337209406899696,-75.70087525263372,Entire home,Entire home/apt,4,1.0,2.0,2.0,119.26,2026-08-31,2026-09-30,3577.82,119.26,30.0,365.0,t,0,0,22,297,2026-06-24,2,2,2,2025-09-02,2025-12-06,5.0,5.0,5.0,5.0,4.5,5.0,0.2,2,2
2060,1403164423346301557,2026-06-24,city scrape,Private suite • king bed • ensuite • patio,69780049,Lucas,10,1,1,2,"Ottawa, Canada",t,1,t,Kitchissippi,45.39856228920032,-75.75591289822219,Private room in home,Private room,3,1.5,2.0,2.0,78.73,2026-07-21,2026-08-20,2361.94,78.73,30.0,1125.0,t,6,36,49,215,2026-06-24,7,6,4,2025-06-04,2026-04-30,5.0,5.0,5.0,5.0,4.86,5.0,0.54,1,0
2061,1403701587688120894,2026-06-24,city scrape,Cozy room in Model Town Home,420875864,Akash,4,9,2,9,"Ottawa, Canada",f,1,t,Kanata South,45.27425213396432,-75.86689846756522,Private room in home,Private room,1,1.5,2.0,1.0,54.13,2026-07-31,2026-08-30,1624.0,54.13,30.0,365.0,t,0,23,53,328,2026-06-24,1,1,0,2026-04-03,2026-04-03,5.0,5.0,5.0,5.0,5.0,4.0,0.36,1,0
2062,1403960814648044651,2026-06-24,city scrape,Stunning Westboro 1BR,42603791,Bruce,10,9,0,10,"Ottawa, Canada",f,1,t,Kitchissippi,45.38248272649847,-75.76330094561995,Entire rental unit,Entire home/apt,2,1.0,1.0,1.0,114.87,2026-07-02,2026-08-01,3446.0,114.87,30.0,365.0,t,22,52,82,357,2026-06-24,1,1,1,2025-10-11,2025-10-11,5.0,5.0,5.0,5.0,5.0,5.0,0.12,1,1
2063,1405097491428773880,2026-06-24,city scrape,Modern 5 Bed Home | Amazing Location Spacious Stay,144893923,Ahmed,8,10,4,10,"Ottawa, Canada",f,4,t,Barrhaven,45.242329166519056,-75.7291283196683,Entire home,Entire home/apt,10,2.5,5.0,5.0,210.41,2026-10-01,2026-10-31,6312.29,210.41,30.0,365.0,t,0,0,0,266,2026-06-24,1,1,1,2025-08-31,2025-08-31,5.0,5.0,5.0,5.0,5.0,5.0,0.1,2,2
2064,1409415762548609140,2026-06-24,city scrape,The Upper Echelon,82395424,Philip,9,11,9,0,"Ottawa, Canada",f,1,t,Knoxdale-Merivale,45.35923816858161,-75.72231886931971,Entire rental unit,Entire home/apt,8,2.0,3.0,4.0,169.61,2027-01-01,2027-01-31,5088.41,169.61,30.0,1125.0,t,0,0,0,174,2026-06-24,1,1,1,2025-08-23,2025-08-23,5.0,5.0,5.0,5.0,5.0,5.0,0.1,1,1
2065,1410722255292325984,2026-06-24,city scrape,Private Room • Great Value • Free Parking,159696138,EasyStayPM,8,7,1,1,"Ottawa, Canada",t,5,t,Innes,45.44317723986691,-75.51827273329107,Private room in home,Private room,2,1.0,2.0,1.0,80.0,2026-07-06,2026-07-08,160.0,80.0,2.0,1125.0,t,17,41,65,245,2026-06-24,12,11,7,2025-06-15,2026-06-01,4.92,4.92,4.92,4.92,4.83,4.92,0.96,5,1
2066,1410964898721999423,2026-06-24,city scrape,Guest house in Glebe,285761087,Tv,6,10,6,10,Canada,f,2,f,Capital,45.40106789545927,-75.68400742690815,Entire guesthouse,Entire home/apt,2,1.0,1.0,1.0,73.1,2026-08-01,2026-08-31,2193.0,73.1,30.0,365.0,t,6,28,58,58,2026-06-24,3,3,3,2025-07-02,2025-11-02,4.67,4.33,4.33,4.67,4.67,4.0,0.25,1,1
2067,1412078110322473314,2026-06-24,city scrape,3Br Apt near Ottawa General Hospital,98873806,Abrar Habib,9,8,6,6,"Ottawa, Canada",f,4,t,Alta Vista,45.4004976922271,-75.63704937455935,Entire guest suite,Entire home/apt,5,1.0,3.0,3.0,296.0,2026-06-29,2026-06-30,296.0,296.0,1.0,365.0,t,14,35,65,65,2026-06-24,58,53,33,2025-05-16,2026-06-15,4.52,4.57,4.83,4.72,4.74,4.45,4.3,3,1
2068,1412397093715917167,2026-06-24,city scrape,CHEO Hospital 20 min walk | Parliament Downtown,21058975,Tracey & Aahil,11,9,5,7,"Toronto, Canada",t,67,t,Alta Vista,45.40067783886814,-75.63317782766842,Entire guest suite,Entire home/apt,4,1.0,2.0,2.0,194.0,2026-07-08,2026-07-11,582.0,194.0,2.0,180.0,t,13,33,63,153,2026-06-24,40,34,26,2025-05-19,2026-06-08,4.78,4.83,4.93,4.88,4.78,4.73,2.99,2,2
2069,1414210042703049163,2026-06-24,city scrape,Stunning Modern Ottawa Home | Near the airport,5777830,Ose,13,2,4,5,"Ottawa, Canada",f,1,t,Osgoode,45.307474202977104,-75.58961627002653,Private room in townhouse,Private room,2,1.4,2.0,1.0,148.35,2026-06-30,2026-07-01,148.35,148.35,1.0,1125.0,t,24,54,84,174,2026-06-24,10,10,1,2025-09-27,2026-06-21,4.9,4.9,5.0,5.0,4.9,4.7,1.11,1,0
2070,1414515541996883371,2026-06-24,city scrape,2 Bdr Hilltop Suite with Private Acces to Forest,656612179,Rod & Shuni,1,8,1,1,"Ottawa, Canada",t,1,t,Rideau-Rockcliffe,45.44508196467321,-75.66565110714626,Entire rental unit,Entire home/apt,4,1.0,2.0,3.0,80.26,2027-01-01,2027-01-31,2407.92,80.26,30.0,365.0,t,0,0,0,175,2026-06-24,1,1,1,2025-08-23,2025-08-23,5.0,5.0,5.0,5.0,5.0,5.0,0.1,1,1
2071,1415174994516276778,2026-07-02,previous scrape,Modern Family Home in Barrhaven,211031826,Akram,7,10,2,8,Canada,f,2,t,Barrhaven,45.2724140327123,-75.78002129895889,Entire home,Entire home/apt,8,1.4,4.0,2.0,458.55,2026-07-04,2026-07-06,917.1,458.55,2.0,365.0,t,19,19,19,19,2026-07-02,16,16,10,2025-08-17,2026-06-23,4.25,4.44,4.69,4.56,4.56,4.38,1.5,2,2
2072,1415836265721806589,2026-07-02,previous scrape,"2 Bedrooms (Queen) Bath and Pantry, free parking",74872838,Depp,10,1,1,1,"Ottawa, Canada",t,1,t,Bay,45.35648,-75.79355,Private room in bungalow,Private room,4,1.4,2.0,2.0,129.0,2026-07-28,2026-07-29,129.0,129.0,1.0,30.0,t,3,3,3,3,2026-07-02,118,100,118,2025-05-13,2025-12-30,4.95,4.92,4.98,4.99,4.86,4.93,8.51,1,0
2073,1418606062804509441,2026-06-24,city scrape,"Comfy Private Room Free Parking, Wi-Fi & Washer R1",159696138,EasyStayPM,8,7,1,1,"Ottawa, Canada",t,5,t,Innes,45.44241220262505,-75.51747134287208,Private room in home,Private room,2,1.0,2.0,1.0,111.5,2026-07-01,2026-07-03,223.0,111.5,2.0,1125.0,t,17,41,65,340,2026-06-24,8,5,5,2025-05-25,2026-04-24,4.88,5.0,5.0,5.0,4.75,5.0,0.61,5,1
2074,1419243628158876002,2026-06-24,city scrape,Cozy Room 7 min drive from Blair  Station Ottawa,695018418,Peejay,1,1,1,1,"Ottawa, Canada",f,1,t,Beacon Hill-Cyrville,45.45017678820976,-75.59857214621493,Private room in home,Private room,1,1.0,2.0,2.0,36.95,2026-06-24,2026-07-25,1145.36,36.95,31.0,365.0,t,30,60,90,365,2026-06-24,0,0,0,10,10,4.8,4.8,4.9,4.9,4.8,4.7,1.8,1,0
2075,1419271641635463738,2026-06-24,city scrape,Work Ready | Luxe + Location,121926897,David,9,3,5,4,"Mississauga, Canada",f,2,t,River,45.343256750366734,-75.6895075203684,Private room in home,Private room,2,2.0,1.0,1.0,193.0,2026-07-06,2026-07-11,965.0,193.0,5.0,365.0,t,18,48,78,168,2026-06-24,6,3,4,2025-05-19,2026-06-05,4.83,4.67,5.0,4.83,5.0,5.0,0.45,2,0
2076,1419786974637414646,2026-06-24,city scrape,Stylish 2BR + Gym in Little Italy Area,38459934,Corporate Stays,10,11,10,10,"Montreal, Canada",f,152,f,Kitchissippi,45.39835,-75.71239,Entire rental unit,Entire home/apt,4,2.0,2.0,2.0,163.31,2027-01-31,2027-03-02,4899.36,163.31,30.0,365.0,t,0,0,0,144,2026-06-24,0,0,0,10,10,4.8,4.8,4.9,4.9,4.8,4.7,1.8,11,11
2077,1420332076904135905,2026-06-24,city scrape,Modern Luxury 3BDR entire family-friendly Townhome,695302585,Yinka & Bisi,1,1,1,0,"Ottawa, Canada",t,1,t,Rideau-Goulbourn,45.24173631236451,-75.75188751618653,Entire home,Entire home/apt,6,2.5,3.0,3.0,166.7,2026-08-21,2026-09-20,5001.03,166.7,30.0,1125.0,t,5,7,37,312,2026-06-24,16,16,16,2025-07-15,2025-12-26,4.81,4.75,4.94,4.81,4.63,4.56,1.39,1,1
2078,1421105698885295293,2026-06-24,city scrape,Spacious M/Bedroom • Ensiute Bath • Free Parking,159696138,EasyStayPM,8,7,1,1,"Ottawa, Canada",t,5,t,Innes,45.44343174839636,-75.51848436267723,Private room in home,Private room,2,1.0,1.0,1.0,104.53,2026-08-22,2026-08-24,209.06,104.53,2.0,1125.0,t,0,1,25,300,2026-06-24,0,0,0,10,10,4.8,4.8,4.9,4.9,4.8,4.7,1.8,5,1
2079,1421785558009055173,2026-06-24,city scrape,"Cozy Corner Room, Free Parking, Wi-Fi & Washer R3",159696138,EasyStayPM,8,7,1,1,"Ottawa, Canada",t,5,t,Innes,45.44363,-75.51793,Private room in home,Private room,2,1.0,2.0,1.0,95.0,2026-06-29,2026-07-01,190.0,95.0,2.0,1125.0,t,19,43,67,342,2026-06-24,22,21,12,2025-06-23,2026-06-10,4.64,4.68,4.77,4.59,4.36,4.64,1.8,5,1
2080,1422775643074932404,2026-06-24,city scrape,hakuna matata,695941605,Georges,1,1,1,1,"Ottawa, Canada",t,1,t,Alta Vista,45.39444859771705,-75.61805729271336,Entire home,Entire home/apt,2,1.5,2.0,2.0,291.0,2026-06-24,2026-06-25,291.0,291.0,1.0,365.0,t,28,58,88,363,2026-06-24,20,18,15,2025-05-30,2026-06-04,4.7,4.65,4.7,4.75,4.75,4.5,1.53,1,1
2081,1422844340140559179,2026-06-24,city scrape,Bedroom w private bath in Kanata,225081808,My,7,7,3,7,"Ottawa, Canada",t,4,t,Kanata South,45.30544736319517,-75.88623757710535,Private room in home,Private room,2,1.0,2.0,1.0,47.97,2026-12-22,2027-01-21,1439.0,47.97,30.0,365.0,t,0,0,0,184,2026-06-24,4,4,4,2025-07-01,2025-12-21,5.0,5.0,5.0,5.0,5.0,4.75,0.33,4,0
2082,1424625003457871125,2026-06-24,city scrape,"Cosy, charming, cheerful basement apt",156504326,Francis,8,7,5,3,"Ottawa, Canada",f,1,t,Kanata North,45.305904320766615,-75.93875689158345,Entire rental unit,Entire home/apt,2,1.0,1.0,1.0,82.43,2026-10-31,2026-11-30,2473.0,82.43,30.0,365.0,t,0,0,0,236,2026-06-24,3,3,2,2025-08-12,2026-05-17,5.0,5.0,5.0,5.0,5.0,4.67,0.28,1,1
2083,1424720784431085172,2026-06-24,city scrape,Single Room - Centre of Ottawa,494625433,Zhi Qing Xie,3,5,2,10,"Toronto, Canada",t,3,t,Rideau-Rockcliffe,45.43622478447885,-75.6472017826996,Private room in home,Private room,1,1.0,2.0,1.0,42.64,2026-07-08,2026-08-07,1279.08,42.64,30.0,365.0,t,16,46,55,321,2026-06-24,3,3,2,2025-07-02,2026-06-02,5.0,5.0,5.0,5.0,4.67,5.0,0.25,2,0
2084,1425269503227732416,2026-06-24,city scrape,Cozy Tiny Beach House,119513498,Pascale,9,3,5,1,"Ottawa, Canada",f,1,t,West Carleton-March,45.49729,-76.07731,Entire home,Entire home/apt,2,1.0,1.0,1.0,194.0,2026-10-01,2026-10-02,194.0,194.0,1.0,365.0,t,0,0,0,266,2026-06-24,39,37,37,2025-05-25,2026-05-10,4.74,4.77,4.95,4.54,4.87,4.67,2.95,1,1
2085,1425630681987160808,2026-06-24,city scrape,Pet-Friendly 1BR With Office & Fenced Yard,696668853,Jenn,1,1,0,11,"Ottawa, Canada",t,7,t,Bay,45.3474228,-75.8188424,Entire home,Entire home/apt,2,1.0,1.0,1.0,201.71,2026-08-04,2026-09-03,6051.4,201.71,30.0,1125.0,t,0,19,49,139,2026-06-24,1,1,1,2025-11-30,2025-11-30,5.0,5.0,5.0,5.0,5.0,5.0,0.14,5,4
2086,1426871532084462583,2026-06-24,city scrape,Luxury 6BR Home | 8 Beds 3.5Bath,696970533,Iman,1,1,1,0,"Ottawa, Canada",t,1,t,Osgoode,45.32380156249789,-75.58443365020561,Entire home,Entire home/apt,10,3.5,6.0,7.0,728.07,2026-06-24,2026-06-25,728.07,728.07,1.0,365.0,t,9,20,45,319,2026-06-24,50,50,26,2025-06-29,2026-06-21,5.0,5.0,4.98,4.98,4.94,4.9,4.16,1,1
2087,1429225385369662275,2026-06-24,city scrape,"Rm, Big Lot Near River & Airport",697532478,Yisha,1,0,1,0,"Ottawa, Canada",f,1,t,Gloucester-South Nepean,45.29620828409968,-75.69623049036274,Private room in home,Private room,1,1.0,2.0,1.0,173.3,2026-06-25,2026-07-25,2246.7,173.3,30.0,365.0,f,29,59,89,269,2026-06-24,0,0,0,10,10,4.8,4.8,4.9,4.9,4.8,4.7,1.8,1,0
2088,1429693706478747737,2026-06-24,city scrape,Lole’s Place – Feel at Home,697633141,LoLe,1,0,1,0,"Ottawa, Canada",t,1,t,Barrhaven,45.2922646,-75.7400803,Private room in home,Private room,2,1.0,2.0,1.0,102.0,2026-06-24,2026-06-25,102.0,102.0,1.0,365.0,t,9,37,67,342,2026-06-24,117,102,76,2025-05-29,2026-06-17,4.94,4.94,4.97,4.98,4.89,4.95,8.95,1,0
2089,1429740525219680456,2026-06-24,city scrape,Centrally Located 2BDRM Unit,156340320,Joshua,8,7,1,6,"Ottawa, Canada",t,1,t,Rideau-Vanier,45.444715601223365,-75.66887667174932,Entire rental unit,Entire home/apt,4,1.0,2.0,2.0,113.18,2026-10-21,2026-11-20,3395.52,113.18,30.0,1125.0,t,2,18,28,89,2026-06-24,82,77,50,2025-06-11,2026-06-04,4.84,4.88,4.95,4.9,4.79,4.79,6.49,1,1
2090,1430004514813492273,2026-06-24,city scrape,"Basement Ensuite Near Ottawa Airport, Casino, EY.",697737218,Hem Raj,1,0,1,0,"Ottawa, Canada",t,1,t,Gloucester-South Nepean,45.3134123,-75.6184707,Private room in townhouse,Private room,2,1.5,2.0,1.0,103.0,2026-06-29,2026-06-30,103.0,103.0,1.0,28.0,t,19,49,79,79,2026-06-24,110,103,75,2025-06-10,2026-06-10,4.93,4.95,4.96,4.95,4.88,4.9,8.68,1,0
2091,1430432611292742942,2026-06-24,city scrape,5BR Home in Nepean Ottawa,475319012,Jasmine,3,10,3,10,"Ottawa, Canada",t,13,t,College,45.3552119,-75.7487989,Entire home,Entire home/apt,10,2.5,5.0,5.0,382.19,2026-07-01,2026-07-31,11465.75,382.19,30.0,365.0,t,23,53,83,356,2026-06-24,5,4,5,2025-06-05,2025-11-09,5.0,5.0,5.0,5.0,5.0,5.0,0.39,10,10
2092,1430819748310091108,2026-06-24,city scrape,Charming 3 bedrooms Family Home,85297148,Short And Suite BnB,9,11,9,4,"Ottawa, Canada",t,51,t,Somerset,45.411279364871646,-75.70651182944286,Entire home,Entire home/apt,7,2.0,3.0,4.0,368.75,2027-01-01,2027-01-05,1475.0,368.75,2.0,365.0,t,0,0,0,174,2026-06-24,1,1,0,2026-06-23,2026-06-23,5.0,5.0,5.0,5.0,5.0,5.0,1.0,28,28
2093,1432246595128120440,2026-06-24,city scrape,Luxury 2-3BDR apart close to YOW,698315606,Cherlande,1,0,0,10,"Ottawa, Canada",f,1,t,Gloucester-South Nepean,45.3126422,-75.6184226,Private room in home,Private room,4,2.5,3.0,3.0,240.0,2026-07-17,2026-07-18,240.0,240.0,1.0,30.0,t,2,5,5,148,2026-06-24,7,7,5,2025-08-31,2026-05-24,4.29,4.57,4.71,4.29,4.57,4.43,0.7,1,0
2094,1433641386543941120,2026-06-24,city scrape,Chic 1BR Near Dow’s Lake | Fast Wifi + Laundry,90220572,Danene,9,10,0,10,"Ottawa, Canada",f,1,t,Somerset,45.40362830833595,-75.70983711995562,Entire rental unit,Entire home/apt,2,1.0,1.0,1.0,101.45,2026-09-30,2026-10-30,3043.54,101.45,30.0,365.0,t,0,19,19,285,2026-06-24,2,2,2,2025-08-26,2025-10-08,4.5,4.5,4.5,5.0,4.5,4.5,0.2,1,1
2095,1433740105295593450,2026-06-24,city scrape,King bed - (#T)Private Room in Ottawa,129705585,Kruthika,9,1,0,9,"Ottawa, Canada",f,4,t,Stittsville-Kanata West,45.26438,-75.89639,Private room in townhouse,Private room,2,1.0,2.0,1.0,67.0,2026-06-25,2026-06-26,67.0,67.0,1.0,1125.0,t,16,38,62,62,2026-06-24,71,71,38,2025-09-17,2026-06-21,4.66,4.77,4.7,4.79,4.55,4.66,7.58,1,0
2096,1433991167406644567,2026-06-24,city scrape,Beautiful Executive 2 BR condo,41628785,Kim Gilles,10,10,10,9,"Ottawa, Canada",t,1,t,Kitchissippi,45.3902742,-75.7580933,Entire rental unit,Entire home/apt,4,1.0,2.0,2.0,132.39,2026-10-24,2026-11-23,3971.73,132.39,30.0,365.0,t,0,0,0,210,2026-06-24,4,4,3,2025-07-05,2026-05-31,5.0,5.0,5.0,5.0,5.0,5.0,0.34,1,1
2097,1434094929945592448,2026-06-24,city scrape,Modern Family Home in Chilliwack,691488936,Farhad,1,2,0,0,"Ottawa, Canada",f,1,t,Gloucester-Southgate,45.3487151360068,-75.63752423766694,Private room in home,Private room,2,0.5,1.0,1.0,97.0,2026-07-03,2026-07-04,97.0,97.0,1.0,1125.0,t,10,37,67,67,2026-06-24,4,4,0,2026-06-09,2026-06-22,5.0,5.0,5.0,5.0,5.0,5.0,4.0,1,0
2098,1434402300832713230,2026-06-24,city scrape,Sofa Bed In The Shared Living Room,41209181,Abdur,10,10,5,0,"New York, NY",f,6,t,Capital,45.38392756040029,-75.67327252860912,Shared room in townhouse,Shared room,1,1.5,1.0,1.0,71.0,2026-06-24,2026-06-25,71.0,71.0,1.0,5.0,t,24,32,32,32,2026-06-24,40,39,12,2025-06-09,2026-06-15,4.88,4.88,4.88,4.9,4.73,4.78,3.15,2,0
2099,1434800408573276896,2026-06-24,city scrape,The Avenue,99500083,Westhaven,9,8,9,8,"Ottawa, Canada",t,6,t,River,45.3804527,-75.7374514,Entire home,Entire home/apt,6,1.0,3.0,3.0,94.58,2026-12-18,2027-01-17,2837.34,94.58,30.0,365.0,t,5,15,15,203,2026-06-24,4,4,3,2025-07-05,2026-03-01,5.0,5.0,5.0,5.0,5.0,5.0,0.34,6,6
2100,1435557511935517314,2026-06-24,city scrape,"Cozy 2 bedroom townhouse, OTW airport Free Parking",181600359,Mizpah,8,2,2,5,"Ottawa, Canada",t,5,t,Osgoode,45.3267693,-75.58621049999999,Private room in townhouse,Private room,4,2.5,2.0,2.0,148.04,2026-08-04,2026-09-03,4441.28,148.04,30.0,365.0,t,13,32,59,334,2026-06-24,24,24,24,2025-08-03,2025-11-29,4.63,4.79,4.96,5.0,4.83,4.67,2.21,5,0
2101,1435895527743412628,2026-07-02,previous scrape,Rooms in Riverside South,107411837,Mohan,9,6,0,11,"Ottawa, Canada",f,1,t,Gloucester-South Nepean,45.2630533,-75.68719229999999,Private room in home,Private room,2,1.4,2.0,2.0,173.3,2026-07-09,2027-01-05,2246.7,173.3,180.0,365.0,f,23,53,83,358,2026-07-02,0,0,0,10,10,4.8,4.8,4.9,4.9,4.8,4.7,1.8,1,0
2102,1436459152245857300,2026-06-24,city scrape,Cozy Corner,202733426,Chisom,7,11,1,7,"Ottawa, Canada",t,1,t,College,45.33858142806896,-75.79440059468223,Private room in home,Private room,1,1.0,2.0,1.0,100.0,2026-06-24,2026-06-25,100.0,100.0,1.0,7.0,t,26,50,80,80,2026-06-24,29,27,15,2025-06-14,2026-06-21,4.86,4.86,4.9,4.86,4.72,4.72,2.31,1,0
2103,1438487762783666421,2026-06-24,city scrape,Elegant Victorian Studio,231996613,Rhys,7,6,1,0,"Ottawa, Canada",f,2,t,Somerset,45.41335,-75.6983,Entire rental unit,Entire home/apt,2,1.0,1.0,1.0,72.1,2026-08-01,2026-08-31,2163.0,72.1,30.0,180.0,t,0,22,52,52,2026-06-24,1,1,1,2025-08-31,2025-08-31,5.0,5.0,5.0,5.0,5.0,5.0,0.1,2,2
2104,1438625035595723292,2026-06-24,city scrape,Epic & Vibrant Loft Retreat,664975122,Indu,1,6,1,0,"Ottawa, Canada",f,2,t,Bay,45.35634,-75.80696,Private room in home,Private room,2,1.0,2.0,3.0,199.0,2026-06-24,2026-06-25,199.0,199.0,1.0,365.0,t,30,59,89,364,2026-06-24,7,7,4,2025-06-24,2026-06-14,5.0,5.0,5.0,5.0,5.0,4.71,0.57,2,0
2105,1440016008504260837,2026-06-24,city scrape,Orleans Cozy Nest,700334424,Nadine,1,0,0,6,"Ottawa, Canada",f,1,t,Cumberland,45.42892,-75.48799,Entire rental unit,Entire home/apt,2,1.0,1.0,1.0,82.59,2026-08-17,2026-09-16,2477.84,82.59,30.0,90.0,t,0,6,36,216,2026-06-24,2,2,0,2026-05-01,2026-06-16,5.0,5.0,5.0,5.0,4.5,5.0,1.09,1,1
2106,1440318790423225557,2026-07-02,previous scrape,Luxury 3 Bedroom Home in Ottawa,522510567,Ademola,2,11,2,4,"Ottawa, Canada",f,2,t,Stittsville-Kanata West,45.2746601,-75.891172,Entire home,Entire home/apt,6,1.4,3.0,2.0,191.48,2027-01-04,2027-02-04,5936.0,191.48,31.0,730.0,t,0,0,0,179,2026-07-02,0,0,0,10,10,4.8,4.8,4.9,4.9,4.8,4.7,1.8,2,2
2107,1440715973163077319,2026-06-24,city scrape,Single Room | Parking | Downtown | Shared Bath - 6,684773675,Host&Suite,1,3,1,3,"Ottawa, Canada",t,9,t,Rideau-Vanier,45.42841749999999,-75.6750928,Room in hotel,Private room,1,1.5,1.0,1.0,120.0,2026-06-29,2026-06-30,120.0,120.0,1.0,15.0,t,14,32,48,134,2026-06-24,25,25,8,2025-09-01,2026-05-31,4.56,4.64,4.76,4.8,4.72,4.48,2.53,7,0
2108,1441561902434863803,2026-06-24,city scrape,Lovely Glebe 2 Bedroom,85297148,Short And Suite BnB,9,11,9,4,"Ottawa, Canada",t,51,t,Capital,45.4032836158908,-75.68875147478398,Entire home,Entire home/apt,4,1.0,2.0,2.0,664.0,2026-06-24,2026-06-26,1328.0,664.0,2.0,365.0,t,18,39,39,39,2026-06-24,24,23,17,2025-06-23,2026-03-16,4.58,4.75,4.96,4.92,5.0,4.63,1.96,28,28
2109,1441691078040755716,2026-07-02,previous scrape,Cozy apartment with view,700819187,Nader,1,0,1,0,"Ottawa, Canada",f,1,t,Somerset,45.39748,-75.70852,Entire rental unit,Entire home/apt,2,1.4,1.0,2.0,16.34,2027-01-01,2027-06-30,2942.0,16.34,180.0,365.0,t,0,1,1,212,2026-07-02,0,0,0,10,10,4.8,4.8,4.9,4.9,4.8,4.7,1.8,1,1
2110,1443352715254507535,2026-06-24,city scrape,Coach House @ Corkery Gardens,9397655,Pauline,12,8,1,0,"Ottawa, Canada",t,1,t,West Carleton-March,45.26117,-76.07188,Entire guesthouse,Entire home/apt,4,1.0,2.0,2.0,188.5,2026-07-10,2026-07-12,377.0,188.5,2.0,365.0,t,12,20,41,305,2026-06-24,55,55,32,2025-07-11,2026-06-21,4.93,4.95,4.98,5.0,4.98,4.95,4.73,1,1
2111,1444441732045859671,2026-06-24,city scrape,Charmant appartement 2 chambres,491709722,Sadgi,3,6,1,0,"Ottawa, Canada",f,1,t,Orleans,45.47458,-75.45519,Entire serviced apartment,Entire home/apt,4,1.0,2.0,2.0,390.0,2026-07-04,2026-07-05,390.0,390.0,1.0,365.0,t,14,36,45,99,2026-06-24,18,17,11,2025-06-23,2026-06-16,4.72,4.72,4.78,4.78,4.67,4.72,1.47,1,1
2112,1444955787400289877,2026-06-24,city scrape,Mini suite#3 Dow's Lake Downtown Ottawa,65275346,Bella,10,2,10,2,"Gatineau, Canada",f,5,t,Capital,45.40365858699388,-75.69773750895415,Private room in home,Private room,1,1.0,1.0,1.0,59.46,2026-06-25,2026-07-25,1783.71,59.46,30.0,365.0,t,29,59,89,269,2026-06-24,1,1,0,2026-05-31,2026-05-31,5.0,5.0,5.0,5.0,5.0,5.0,1.0,3,0
2113,1445247388173488928,2026-06-24,city scrape,Comfortable and spacious room! Left,349796506,Robson,6,0,2,4,"Ottawa, Canada",f,3,t,Barrhaven,45.28869,-75.73285,Private room in home,Private room,2,1.5,2.0,1.0,44.98,2026-07-31,2026-08-31,1394.23,44.98,31.0,365.0,t,0,23,32,268,2026-06-24,2,2,2,2025-08-30,2025-12-18,5.0,5.0,4.5,5.0,5.0,5.0,0.2,3,0
2114,1445251175105812643,2026-07-02,previous scrape,Comfortable and spacious room! Right,349796506,Robson,6,0,2,4,"Ottawa, Canada",f,3,t,Barrhaven,45.29029059410372,-75.73441728168658,Private room in home,Private room,2,1.4,2.0,2.0,173.3,0000-00-00,"""0000-00-00""",2246.7,173.3,31.0,365.0,t,0,0,0,0,2026-07-02,3,3,2,2025-07-30,2026-05-03,4.67,5.0,5.0,5.0,5.0,4.67,0.27,3,0
2115,1445699458297667374,2026-06-24,city scrape,MTR - Turnkey 2-Bed – All Included!,466089949,Julie,3,11,1,0,"Ottawa, Canada",f,3,t,Rideau-Vanier,45.43783,-75.66825,Entire rental unit,Entire home/apt,5,1.0,2.0,2.0,122.24,2026-08-01,2026-08-31,3667.09,122.24,30.0,365.0,t,28,51,81,90,2026-06-24,0,0,0,10,10,4.8,4.8,4.9,4.9,4.8,4.7,1.8,3,3
2116,1446363334967602595,2026-06-24,city scrape,Room Across Uottawa 5Mins Walk Parliament Hill,510569116,Carlos,3,2,3,2,"Ottawa, Canada",f,47,t,Rideau-Vanier,45.422082802164674,-75.67896886547707,Private room in rental unit,Private room,1,2.0,2.0,1.0,44.69,2026-06-24,2026-07-24,1340.69,44.69,30.0,365.0,t,30,60,90,365,2026-06-24,2,1,2,2025-06-20,2025-07-17,5.0,5.0,5.0,5.0,5.0,5.0,0.16,26,0
2117,1447013816826350412,2026-06-24,city scrape,Cozy boho 2-BR basement w. Pkg,42714196,Amani,10,9,9,10,"Ottawa, Canada",t,7,t,Rideau-Rockcliffe,45.44648,-75.62909,Entire home,Entire home/apt,2,1.0,2.0,2.0,73.86,2026-07-02,2026-08-01,2215.69,73.86,30.0,365.0,t,22,30,48,321,2026-06-24,0,0,0,10,10,4.8,4.8,4.9,4.9,4.8,4.7,1.8,7,1
2118,1447141690355146361,2026-06-24,city scrape,"Lower level bdr #1, 12 mins DT.",42714196,Amani,10,9,9,10,"Ottawa, Canada",t,7,t,Rideau-Rockcliffe,45.44558,-75.6272,Private room in home,Private room,1,1.0,2.0,1.0,41.82,2026-07-03,2026-08-02,1254.59,41.82,30.0,365.0,t,21,51,81,354,2026-06-24,5,5,3,2025-08-14,2026-05-20,4.6,4.6,5.0,5.0,4.6,4.6,0.48,7,1
2119,1447165500719558501,2026-07-02,previous scrape,Stonehouse on the RIdeau,63443666,Mary,10,3,0,11,"Ottawa, Canada",f,1,t,Osgoode,45.1297056144281,-75.63118591147703,Entire home,Entire home/apt,3,1.4,1.0,2.0,196.9,2026-10-01,2026-10-31,5906.99,196.9,30.0,365.0,t,0,0,0,274,2026-07-02,1,1,1,2025-08-31,2025-08-31,5.0,5.0,5.0,5.0,5.0,5.0,0.1,1,1
2120,1448528990529520891,2026-06-24,city scrape,Lovely & Modern Condo in downtown Ottawa,154508569,Sara,8,8,8,4,Canada,t,2,t,Rideau-Vanier,45.4286251,-75.6875201,Entire rental unit,Entire home/apt,2,1.0,1.0,1.0,118.53,2026-08-28,2026-09-27,3556.0,118.53,30.0,365.0,t,5,5,30,252,2026-06-24,1,1,0,2026-05-10,2026-05-10,5.0,5.0,5.0,5.0,5.0,5.0,0.65,1,1
2121,1449323552788496370,2026-06-24,city scrape,Upscale 2-Bedroom Basement Unit,702826435,Emmanuel,1,0,0,5,"Ottawa, Canada",f,3,t,Rideau-Goulbourn,45.18612,-75.8494,Entire home,Entire home/apt,4,1.0,2.0,2.0,314.0,2026-06-30,2026-07-01,314.0,314.0,1.0,1125.0,t,24,54,84,359,2026-06-24,4,4,0,2026-02-15,2026-06-12,4.0,4.25,4.5,4.75,4.25,3.75,0.92,3,1
2122,1449488424322065202,2026-06-24,city scrape,Private 2BR Suite w/Parking Near Ottawa Airport,76564856,Anita,10,0,9,1,"Ottawa, Canada",f,1,t,Gloucester-South Nepean,45.316816,-75.6227746,Private room in rental unit,Private room,4,1.0,2.0,4.0,154.5,2026-07-01,2026-07-03,309.0,154.5,2.0,30.0,t,9,35,55,307,2026-06-24,7,7,3,2025-11-24,2026-05-29,5.0,5.0,4.71,5.0,5.0,5.0,0.99,1,0
2123,1449577991245185541,2026-06-24,city scrape,"Generous Room - Airport, Transit, Park & Amenities",590599045,Thi Kim Lien,1,11,1,10,"Ottawa, Canada",f,5,t,River,45.34837,-75.6661,Private room in home,Private room,1,2.0,2.0,1.0,23.48,2026-07-31,2026-08-30,704.41,23.48,30.0,365.0,t,5,28,58,58,2026-06-24,0,0,0,10,10,4.8,4.8,4.9,4.9,4.8,4.7,1.8,1,0
2124,1450256934259079696,2026-06-24,city scrape,Entire Home with big Backyard and Peaceful Setting,88140146,Ray,9,10,0,2,"Ottawa, Canada",f,4,t,Gloucester-South Nepean,45.286827,-75.6938423,Entire bungalow,Entire home/apt,6,1.0,3.0,3.0,362.53,2026-07-19,2026-08-18,10875.93,362.53,30.0,1125.0,t,5,35,65,340,2026-06-24,0,0,0,10,10,4.8,4.8,4.9,4.9,4.8,4.7,1.8,4,1
2125,1450614555362256270,2026-06-24,city scrape,Ottawa work and study retreat,468038000,Mehrdad,3,11,3,11,"Ottawa, Canada",t,2,t,Rideau-Vanier,45.43170770007716,-75.66153269567998,Entire rental unit,Entire home/apt,2,1.0,1.0,1.0,78.38,2027-02-07,2027-03-09,2351.48,78.38,30.0,1125.0,t,0,0,0,137,2026-06-24,2,2,1,2025-11-24,2026-03-27,5.0,5.0,5.0,5.0,5.0,5.0,0.28,2,2
2126,1451607671570955779,2026-06-24,city scrape,5 mins to Billing’s Bridge Stop.,650179920,Saleh,1,9,1,9,"Ottawa, Canada",f,2,t,Capital,45.38542357333326,-75.67366697225131,Private room in rental unit,Private room,2,1.0,1.0,1.0,66.0,2026-06-24,2026-06-25,66.0,66.0,1.0,365.0,t,17,46,74,347,2026-06-24,0,0,0,10,10,4.8,4.8,4.9,4.9,4.8,4.7,1.8,2,0
2127,1452167953471286464,2026-06-24,city scrape,"Luxury 1 Bedroom, 2 Beds, Free Parking.",496118873,Valerie,3,5,2,5,"Ottawa, Canada",f,1,t,Gloucester-Southgate,45.34253099948589,-75.66384248465576,Entire townhouse,Entire home/apt,4,1.0,1.0,2.0,99.26,2026-10-01,2026-10-31,2977.83,99.26,30.0,365.0,t,0,1,1,267,2026-06-24,0,0,0,10,10,4.8,4.8,4.9,4.9,4.8,4.7,1.8,1,1
2128,1452415078599951098,2026-06-24,city scrape,2BR - Suite for Flexible Stays Near DT/Airport,77803336,Michel,10,0,2,2,"Ottawa, Canada",f,2,t,River,45.36773063689777,-75.67100055181442,Private room in rental unit,Private room,4,1.0,2.0,3.0,101.17,2026-07-01,2026-07-31,3035.0,101.17,30.0,90.0,t,23,53,83,83,2026-06-24,2,2,1,2025-09-29,2026-01-31,5.0,5.0,5.0,5.0,5.0,5.0,0.22,2,1
2129,1452448781976810892,2026-06-24,city scrape,Spacious 6BR Home | Barrhaven,475319012,Jasmine,3,10,3,10,"Ottawa, Canada",t,13,t,Barrhaven,45.24946,-75.75244,Entire home,Entire home/apt,10,3.5,6.0,6.0,280.67,2026-08-31,2026-09-30,8420.22,280.67,30.0,365.0,t,0,0,22,292,2026-06-24,2,2,1,2025-09-02,2026-01-23,5.0,5.0,5.0,5.0,5.0,5.0,0.2,10,10
2130,1454470997123774603,2026-06-24,city scrape,3 BRs - 1 BthR Cozy lower unit.,524192963,Jack,2,11,2,1,"Ottawa, Canada",f,2,t,Orleans,45.4845396,-75.5170279,Entire rental unit,Entire home/apt,4,1.0,3.0,3.0,127.36,2027-03-24,2027-04-24,3948.11,127.36,31.0,180.0,t,22,29,29,226,2026-06-24,2,2,1,2025-11-09,2026-05-05,5.0,5.0,5.0,5.0,5.0,5.0,0.26,2,2
2131,1454565111044616086,2026-06-24,city scrape,Grand 5Bed Barrhaven Estate,442857950,Vu,4,4,0,11,"Ottawa, Canada",f,1,t,Gloucester-South Nepean,45.2557,-75.69296,Entire home,Entire home/apt,10,5.0,5.0,5.0,558.31,2026-08-01,2026-08-31,16749.16,558.31,30.0,1125.0,t,0,22,52,61,2026-06-24,4,4,4,2025-07-09,2025-09-02,5.0,5.0,5.0,5.0,5.0,5.0,0.34,1,1
2132,1454648117838249994,2026-06-24,city scrape,4BR Kanata Home W/ Hottub & Gym,598453145,Michael,1,9,1,1,"Ottawa, Canada",t,1,t,Stittsville-Kanata West,45.28439,-75.9244,Entire home,Entire home/apt,8,3.5,3.0,5.0,551.0,2026-06-24,2026-06-25,551.0,551.0,1.0,365.0,t,13,41,70,160,2026-06-24,31,31,13,2025-07-21,2026-05-30,4.81,4.84,5.0,4.94,4.74,4.65,2.74,1,1
2133,1454660406943139546,2026-06-24,city scrape,4-BD Country Escape | Gourmet Kitchen | Ottawa,253320251,Besha,7,2,7,2,"Ottawa, Canada",t,2,t,West Carleton-March,45.30991,-76.07148,Entire home,Entire home/apt,6,2.5,4.0,4.0,566.5,2026-07-06,2026-07-08,1133.0,566.5,1.0,365.0,t,11,23,53,212,2026-06-24,15,15,9,2025-07-27,2026-05-24,4.8,4.87,5.0,5.0,4.93,4.87,1.35,2,2
2134,1454681925943456727,2026-06-24,city scrape,"Cozy bed room - Airport, Transit",193965676,Tuan,8,0,6,10,"Ottawa, Canada",f,9,t,River,45.34736727652358,-75.66442949547303,Private room in home,Private room,1,2.0,2.0,1.0,27.78,2026-08-01,2026-08-31,833.28,27.78,30.0,1125.0,t,1,23,53,233,2026-06-24,0,0,0,10,10,4.8,4.8,4.9,4.9,4.8,4.7,1.8,4,1
2135,1455217552847172576,2026-06-24,city scrape,Central Golden Triangle Oasis: Stylish 2+1 BD,115246109,Joshua,9,4,0,11,"Ottawa, Canada",t,1,t,Somerset,45.41922,-75.68336,Entire home,Entire home/apt,6,1.0,3.0,3.0,262.06,2026-08-30,2026-09-29,7861.69,262.06,1.0,1125.0,t,1,3,26,116,2026-06-24,55,55,31,2025-07-13,2026-06-05,4.87,4.85,4.93,4.96,4.93,4.75,4.76,1,1
2136,1455291833298817623,2026-06-24,city scrape,Gracefull Oasis,347523928,Amarachi,6,0,1,7,"Ottawa, Canada",f,3,t,Rideau-Goulbourn,45.24029178996003,-75.74348859863257,Private room in home,Private room,2,1.5,2.0,1.0,97.37,2027-03-26,2027-04-25,2921.0,97.37,30.0,365.0,t,0,0,0,90,2026-06-24,1,1,1,2025-07-06,2025-07-06,5.0,5.0,5.0,5.0,5.0,5.0,0.08,3,0
2137,1455732221706147015,2026-06-24,city scrape,Private room 3 Mins walk Uottawa,146743514,Frits,8,10,8,2,"Mexicali, Mexico",f,74,t,Rideau-Vanier,45.42218002174933,-75.67942089949925,Private room in rental unit,Private room,1,2.0,2.0,1.0,41.44,2026-06-24,2026-07-24,1243.25,41.44,30.0,365.0,t,30,60,90,365,2026-06-24,0,0,0,10,10,4.8,4.8,4.9,4.9,4.8,4.7,1.8,28,0
2138,1456051373884826755,2026-06-24,city scrape,Crown Hideaway | 1BR Basement | 1 Queen Bed,704745580,Remi,0,11,0,10,"Ottawa, Canada",f,1,t,Rideau-Goulbourn,45.2470556,-75.7153903,Private room in home,Private room,1,1.0,1.0,1.0,54.31,2026-06-25,2026-07-25,1629.18,54.31,30.0,90.0,t,29,59,89,364,2026-06-24,1,1,1,2025-12-22,2025-12-22,5.0,5.0,5.0,5.0,5.0,4.0,0.16,1,0
2139,1456155036265205711,2026-06-24,city scrape,"Zen Oasis, in the Heart of New Edinburgh!",290148260,Vincent,6,9,6,9,"Ottawa, Canada",t,5,t,Rideau-Rockcliffe,45.44123,-75.6784,Entire rental unit,Entire home/apt,4,1.0,2.0,2.0,112.46,2026-06-30,2026-07-30,3373.84,112.46,30.0,365.0,t,24,54,84,359,2026-06-24,2,2,2,2025-08-11,2025-10-01,5.0,5.0,5.0,5.0,5.0,5.0,0.19,5,5
2140,1456659337282717249,2026-06-24,city scrape,Hip and Central Hideout in Chinatown,170375605,Farah,8,4,0,11,"Terrebonne, Canada",t,1,t,Somerset,45.40767,-75.70757,Entire rental unit,Entire home/apt,2,1.0,1.0,1.0,307.0,2026-06-25,2026-06-26,307.0,307.0,1.0,365.0,t,25,55,85,175,2026-06-24,35,35,19,2025-07-16,2026-06-10,4.8,4.83,4.89,4.89,4.74,4.66,3.05,1,1
2141,1456926068593774508,2026-06-24,city scrape,Custom 3 Bedroom  Basement Suite in Orleans,704990294,Mandy,0,11,0,11,"Ottawa, Canada",t,1,t,Orleans,45.4753,-75.48925,Entire rental unit,Entire home/apt,6,1.0,3.0,3.0,295.5,2026-06-25,2026-06-29,1182.0,295.5,2.0,365.0,t,27,57,87,177,2026-06-24,24,24,16,2025-07-08,2026-06-09,4.92,4.92,4.96,4.83,4.88,4.71,2.05,1,1
2142,1457252400256863511,2026-06-24,city scrape,Chic 5 BED Haven in Barrhaven,80911738,Jacques,9,11,0,11,"Ottawa, Canada",t,1,t,Barrhaven,45.26062,-75.75265,Entire home,Entire home/apt,6,2.5,5.0,6.0,660.25,2026-07-06,2026-07-10,2641.0,660.25,1.0,365.0,t,17,43,73,154,2026-06-24,23,23,14,2025-07-13,2026-05-29,4.91,4.91,4.96,4.96,4.91,4.74,1.99,1,1
2143,1457799642200312133,2026-06-24,city scrape,Townhouse in Ottawa South *Garage Included*,52810809,Natalie,10,5,4,10,"Ottawa, Canada",f,31,t,Gloucester-South Nepean,45.26767,-75.68959,Entire home,Entire home/apt,8,2.5,3.0,4.0,193.57,2026-07-11,2026-08-10,5807.0,193.57,30.0,364.0,t,13,43,73,348,2026-06-24,2,2,1,2025-08-26,2026-05-11,5.0,5.0,4.5,5.0,5.0,4.5,0.2,21,21
2144,1458144800446401872,2026-07-02,previous scrape,Lovely Bachelor in Ottawa,85297148,Short And Suite BnB,9,11,9,4,"Ottawa, Canada",t,51,t,Somerset,45.40869,-75.7154,Entire rental unit,Entire home/apt,2,1.4,2.0,2.0,173.3,0000-00-00,"""0000-00-00""",2246.7,173.3,30.0,365.0,t,0,0,0,0,2026-07-02,1,1,1,2025-11-01,2025-11-01,5.0,5.0,5.0,5.0,5.0,5.0,0.12,28,28
2145,1458160684428987092,2026-06-24,city scrape,Studious 2BR Suite*Close to Science & Tech Museum*,133840064,Chris,9,0,9,0,"Ottawa, Canada",t,1,t,Alta Vista,45.39806,-75.62699,Entire rental unit,Entire home/apt,4,1.0,2.0,2.0,246.0,2026-06-29,2026-07-03,984.0,246.0,1.0,365.0,t,26,52,52,83,2026-06-24,16,16,8,2025-07-11,2026-06-01,4.88,4.94,4.94,4.81,4.94,4.88,1.38,1,1
2146,1458634743362306916,2026-06-24,city scrape,KASHY HOMES-Cozy home 10 minutes to DT and Airport,66264674,Kashy,10,2,10,2,"Ottawa, Canada",t,7,t,Gloucester-Southgate,45.37543,-75.61108,Entire home,Entire home/apt,16,3.5,5.0,6.0,222.93,2026-09-01,2026-10-01,6688.0,222.93,30.0,365.0,t,0,0,21,296,2026-06-24,5,5,4,2025-10-13,2026-05-31,5.0,5.0,5.0,5.0,5.0,5.0,0.59,7,7
2147,1458673753206422598,2026-06-24,city scrape,Wren Cottage on the Ottawa River,313389069,Leif,6,6,0,7,"Ottawa, Canada",f,1,t,West Carleton-March,45.47962592523805,-76.0018103197217,Entire cabin,Entire home/apt,2,1.5,1.0,1.0,376.0,2026-06-24,2026-06-25,376.0,376.0,1.0,180.0,t,4,4,25,288,2026-06-24,15,15,2,2025-11-15,2026-06-22,5.0,4.93,5.0,4.93,4.93,5.0,2.03,1,1
2148,1459570143326744394,2026-06-24,city scrape,"Modern Home w. Steam Room, Beach",16659102,Michael And Olga,12,0,11,1,"Ottawa, Canada",f,1,t,Bay,45.36662,-75.79742,Entire home,Entire home/apt,8,2.5,4.0,4.0,182.73,2026-09-01,2026-10-01,5482.0,182.73,30.0,730.0,t,0,0,21,296,2026-06-24,1,1,0,2026-01-31,2026-01-31,5.0,5.0,5.0,5.0,5.0,5.0,0.21,1,1
2149,1460402238558514437,2026-06-24,city scrape,Cozy private room in downtown,414374988,Rahim,4,11,0,11,"St. John's, Canada",f,1,t,Rideau-Vanier,45.43143,-75.67715,Private room in rental unit,Private room,2,1.0,2.0,1.0,47.79,2026-06-24,2026-07-24,1433.61,47.79,30.0,365.0,t,30,60,90,365,2026-06-24,0,0,0,10,10,4.8,4.8,4.9,4.9,4.8,4.7,1.8,1,0
2150,1461164238355226009,2026-06-24,city scrape,Bisco's Nest Ottawa,370629509,Abi,5,8,0,11,"Ottawa, Canada",f,2,t,Gloucester-Southgate,45.3419852,-75.6244735,Entire home,Entire home/apt,6,2.5,3.0,4.0,193.17,2026-07-13,2026-08-12,5795.0,193.17,30.0,365.0,t,11,41,71,346,2026-06-24,1,1,0,2026-05-22,2026-05-22,3.0,4.0,4.0,4.0,4.0,3.0,0.88,1,1
2151,1461818835897960943,2026-06-24,city scrape,Spacious Home 15 minutes to DT,706069011,Thi Mai Oanh,0,11,0,11,"Ottawa, Canada",f,1,t,Bay,45.35512,-75.79302,Entire home,Entire home/apt,6,2.0,3.0,4.0,425.5,2026-07-13,2026-07-15,851.0,425.5,2.0,365.0,t,11,29,59,147,2026-06-24,28,28,11,2025-07-27,2026-06-05,4.57,4.71,4.93,4.86,4.82,4.68,2.52,1,1
2152,1461931333056212879,2026-06-24,city scrape,Stylish Private Studio Suite,16454772,Christi-Anna,12,0,4,1,"Ottawa, Canada",f,1,t,Gloucester-South Nepean,45.28806,-75.66567,Entire home,Entire home/apt,1,1.0,1.0,1.0,137.0,2026-06-29,2026-06-30,137.0,137.0,1.0,30.0,t,12,42,68,342,2026-06-24,25,25,12,2025-08-30,2026-06-19,4.76,4.64,4.92,4.92,4.76,4.72,2.51,1,1
2153,1462572878169766408,2026-06-24,city scrape,Luxury Upper House 2BR NEAR Downtown FREE Parking,542306499,GuestGems,2,8,2,8,"Ottawa, Canada",f,7,t,Rideau-Vanier,45.4346301,-75.6612646,Entire home,Entire home/apt,4,1.0,2.0,2.0,320.0,2026-07-04,2026-07-05,320.0,320.0,1.0,1125.0,t,5,9,21,255,2026-06-24,17,17,7,2025-07-26,2026-06-09,4.59,4.76,5.0,4.94,4.59,4.59,1.53,1,1
2154,1463059095101223009,2026-06-24,city scrape,"Vintage Home | Fenced Yard, Pvt Patio, Parking",43424548,Sean,10,9,4,6,"Ottawa, Canada",t,22,t,Somerset,45.41349,-75.71153,Entire home,Entire home/apt,6,1.5,3.0,3.0,495.0,2026-06-25,2026-06-26,495.0,495.0,1.0,365.0,t,2,6,14,274,2026-06-24,47,47,14,2025-08-22,2026-06-11,4.96,4.98,4.96,5.0,4.98,4.89,4.59,7,7
2155,1463468778435578051,2026-06-24,city scrape,"Lower level bdr #2, 12 mins DT.",42714196,Amani,10,9,9,10,"Ottawa, Canada",t,7,t,Rideau-Rockcliffe,45.44659,-75.62942,Private room in home,Private room,1,1.0,2.0,1.0,41.76,2026-07-01,2026-07-31,1252.93,41.76,30.0,365.0,t,23,31,48,323,2026-06-24,1,1,1,2025-11-18,2025-11-18,5.0,5.0,5.0,5.0,5.0,5.0,0.14,7,1
2156,1463698296157993082,2026-06-24,city scrape,"Beechwood, 2 Bedroom, cozy private apartment",290148260,Vincent,6,9,6,9,"Ottawa, Canada",t,5,t,Rideau-Rockcliffe,45.44233,-75.67734,Entire rental unit,Entire home/apt,4,1.4,2.0,2.0,149.7,2026-07-01,2026-07-31,4491.08,149.7,30.0,365.0,t,23,53,83,358,2026-06-24,2,2,1,2025-11-19,2026-03-26,5.0,5.0,5.0,5.0,5.0,5.0,0.28,5,5
2157,1463891819847904275,2026-06-24,city scrape,"Luxury Escape, Hot Tub, Fenced Backyard, Fireplace",107057450,Miles,9,6,1,2,"Ottawa, Canada",t,3,t,College,45.359717961143765,-75.74608313456154,Entire home,Entire home/apt,6,1.5,3.0,3.0,508.96,2026-06-28,2026-06-29,508.96,508.96,1.0,1125.0,t,25,44,74,349,2026-06-24,4,4,0,2026-05-28,2026-06-21,5.0,5.0,4.75,5.0,5.0,5.0,4.0,3,3
2158,1464087001375453099,2026-06-24,city scrape,Brandnew 3 Bedroom Byward Market Townhome,85297148,Short And Suite BnB,9,11,9,4,"Ottawa, Canada",t,51,t,Rideau-Vanier,45.42995,-75.69488,Entire rental unit,Entire home/apt,6,2.0,3.0,3.0,154.92,2026-12-31,2027-01-30,4647.71,154.92,30.0,365.0,t,0,22,27,202,2026-06-24,2,2,0,2026-03-18,2026-06-17,5.0,5.0,5.0,5.0,5.0,5.0,0.61,28,28
2159,1464098791904044845,2026-07-02,previous scrape,Spacious private modern townhouse,706961116,Larisa,0,11,0,11,"Ottawa, Canada",t,1,t,Gloucester-South Nepean,45.27934,-75.67356,Entire rental unit,Entire home/apt,4,1.4,2.0,2.0,173.3,0000-00-00,"""0000-00-00""",2246.7,173.3,1.0,26.0,t,0,0,0,0,2026-07-02,9,9,9,2025-07-19,2025-08-31,5.0,5.0,5.0,5.0,4.89,4.89,0.77,1,1
2160,1465549009849147540,2026-07-02,previous scrape,Spacious 3 Bedroom | 3 Parking + EV Charger,18461359,Jonathan,11,11,0,11,"Ottawa, Canada",t,1,t,River,45.3794384,-75.7383703,Entire home,Entire home/apt,6,1.4,3.0,2.0,326.5,2026-07-19,2026-07-21,653.0,326.5,1.0,1125.0,t,6,14,21,172,2026-07-02,66,66,34,2025-08-01,2026-06-29,4.98,4.98,5.0,5.0,4.94,4.97,5.89,1,1
2161,1465567357702951721,2026-06-24,city scrape,Cozy Upscale Retreat Kanata-Family & Professionals,707419620,Sean,0,11,0,7,"Ottawa, Canada",t,1,t,Kanata North,45.31808,-75.92204,Entire home,Entire home/apt,6,1.5,3.0,3.0,148.63,2026-08-03,2026-09-02,4459.0,148.63,30.0,1125.0,t,9,29,59,149,2026-06-24,1,1,1,2025-12-30,2025-12-30,5.0,5.0,5.0,5.0,5.0,5.0,0.17,1,1
2162,1465918374965236352,2026-06-24,city scrape,Elegant 1BR with Stunning Views near ByWard Market,38459934,Corporate Stays,10,11,10,10,"Montreal, Canada",f,152,f,Somerset,45.41889987549501,-75.69793793121887,Entire rental unit,Entire home/apt,2,1.0,1.0,1.0,150.16,2026-07-31,2026-08-30,4504.88,150.16,30.0,365.0,t,29,52,82,183,2026-06-24,3,3,1,2025-10-24,2026-03-01,4.33,4.33,4.0,4.67,4.67,4.33,0.37,11,11
2163,1466081718296214715,2026-06-24,city scrape,Private Basement Room (Females Only),39391964,Hien,10,11,4,10,"Ottawa, Canada",t,1,t,Rideau-Goulbourn,45.1995561,-75.83126159999999,Private room in home,Private room,1,1.0,2.0,1.0,40.21,2026-07-01,2026-07-31,1206.18,40.21,30.0,365.0,t,23,53,83,358,2026-06-24,2,2,1,2025-12-05,2026-04-26,5.0,5.0,5.0,5.0,5.0,5.0,0.3,1,0
2164,1466157206104936187,2026-06-24,city scrape,Cozy Bungalow - 5 mins. to The Ottawa Hospital!,66190971,Luis,10,2,4,8,"Gatineau, Canada",t,64,t,Alta Vista,45.40795021225918,-75.6409049054703,Entire home,Entire home/apt,4,1.0,3.0,4.0,166.67,2026-10-19,2026-11-18,5000.04,166.67,30.0,365.0,t,7,15,20,268,2026-06-24,1,1,1,2025-10-09,2025-10-09,5.0,5.0,5.0,5.0,5.0,5.0,0.12,26,26
2165,1466232316404689819,2026-07-02,previous scrape,Full House with Smart TV in all rooms,572101788,Akpevweoghene Glory,2,2,2,1,"Ottawa, Canada",f,3,t,Rideau-Goulbourn,45.23993793547872,-75.74538928666124,Entire home,Entire home/apt,6,1.4,3.0,2.0,173.3,0000-00-00,"""0000-00-00""",2246.7,173.3,30.0,365.0,t,0,0,0,0,2026-07-02,1,1,1,2025-07-20,2025-07-20,5.0,4.0,5.0,5.0,5.0,4.0,0.09,2,2
2166,1466953856031956874,2026-06-24,city scrape,"Trendy 2BR + sofa bed | Ottawa, Little Italy",97305903,Amanda,9,8,0,11,"Ottawa, Canada",t,1,t,Somerset,45.39762,-75.70898,Entire rental unit,Entire home/apt,6,1.0,2.0,3.0,230.55,2026-06-29,2026-07-29,6916.43,230.55,30.0,1125.0,t,25,55,85,175,2026-06-24,33,33,17,2025-08-08,2026-05-10,4.85,4.94,5.0,4.94,4.88,4.82,3.08,1,1
2167,1467618954776338837,2026-06-24,city scrape,Cozy House on the hill,488675856,Lindsay,3,7,3,7,"Ottawa, Canada",t,4,t,Innes,45.47092,-75.52089,Entire home,Entire home/apt,8,1.0,4.0,4.0,118.69,2026-07-02,2026-08-01,3560.56,118.69,30.0,365.0,t,22,45,45,45,2026-06-24,2,2,0,2026-02-09,2026-03-27,4.5,5.0,5.0,4.5,4.5,4.5,0.44,3,3
2168,1468131091316687727,2026-06-24,city scrape,"Modern, Fresh Alta Vista Guest House",297401347,Sonja,6,9,6,9,"Ottawa, Canada",t,1,t,Alta Vista,45.39848,-75.65465,Entire guesthouse,Entire home/apt,1,1.0,1.0,1.0,121.03,2026-09-30,2026-10-30,3631.0,121.03,30.0,365.0,t,0,12,15,282,2026-06-24,1,1,1,2025-10-15,2025-10-15,5.0,5.0,5.0,5.0,5.0,5.0,0.12,1,1
2169,1468631417166255173,2026-06-24,city scrape,Taste of paradise in Ottawa,199592596,Lans,7,11,0,4,"Ottawa, Canada",f,1,t,Rideau-Rockcliffe,45.4270329,-75.66358579999999,Private room in bungalow,Private room,2,1.0,1.0,1.0,117.0,2026-06-25,2026-06-27,234.0,117.0,2.0,365.0,t,12,24,50,325,2026-06-24,11,11,0,2026-02-16,2026-06-05,5.0,4.91,4.82,5.0,5.0,4.91,2.56,1,0
2170,1469043598455397389,2026-06-24,city scrape,Duplex Penthouse in the heart of Ottawa,708375652,Ascent,0,11,0,11,"Ottawa, Canada",f,1,t,Somerset,45.407207423038855,-75.70498265326023,Entire home,Entire home/apt,4,1.0,1.0,2.0,106.19,2026-09-09,2026-10-09,3185.79,106.19,30.0,120.0,t,0,0,13,288,2026-06-24,3,3,1,2025-11-13,2026-05-31,5.0,5.0,5.0,5.0,4.67,5.0,0.4,1,1
2171,1469179556990959918,2026-06-24,city scrape,Brand New Bright & Modern 2BR & 2Bath near CTC,44275541,Adetoro,10,9,0,10,"Ottawa, Canada",t,1,t,Kanata North,45.30519,-75.92903,Entire condo,Entire home/apt,4,2.0,2.0,2.0,118.91,2026-09-10,2026-10-10,3567.42,118.91,30.0,1125.0,t,0,3,15,89,2026-06-24,5,5,3,2025-10-01,2026-05-30,4.8,4.8,5.0,5.0,4.6,4.8,0.56,1,1
2172,1469255260258108135,2026-06-24,city scrape,Prestige home,325824177,Bader,6,5,3,5,"Ottawa, Canada",t,8,t,Osgoode,45.09371,-75.59577,Entire home,Entire home/apt,8,3.0,4.0,4.0,466.0,2026-06-25,2026-06-26,466.0,466.0,1.0,365.0,t,6,14,26,275,2026-06-24,51,51,29,2025-08-10,2026-06-10,4.88,4.84,4.94,4.94,4.84,4.84,4.8,8,1
2173,1470380996092709357,2026-06-24,city scrape,Stylish Queen Studio Apt with Fast Wi-Fi & Parking,58038466,Eldin,10,4,3,4,"Ottawa, Canada",f,4,t,Kitchissippi,45.40743,-75.73379,Entire rental unit,Entire home/apt,2,1.0,1.0,1.0,90.24,2026-07-28,2026-08-27,2707.09,90.24,30.0,1125.0,t,1,27,57,332,2026-06-24,3,3,0,2026-02-01,2026-05-31,2.33,2.33,2.33,2.33,2.33,2.33,0.63,4,4
2174,1470592257879042458,2026-07-02,previous scrape,"Cozy, Chic, Family-Friendly Stay",168639744,Taissa,8,5,8,1,"Ottawa, Canada",f,1,f,Innes,45.46874,-75.51979,Entire rental unit,Entire home/apt,4,1.4,2.0,2.0,116.93,2027-01-17,2027-02-16,3507.8,116.93,30.0,365.0,t,0,0,0,72,2026-07-02,5,5,4,2025-08-03,2026-01-30,4.4,5.0,5.0,4.6,5.0,4.4,0.45,1,1
2175,1472422093415307199,2026-06-24,city scrape,Cozy Tucked Away Family Home by the River w/bikes!,548337256,Anthony,2,6,0,8,"Ottawa, Canada",f,1,t,Bay,45.35843093557836,-75.80311212944233,Entire home,Entire home/apt,6,1.4,3.0,4.0,141.74,2026-11-11,2026-12-11,4252.14,141.74,30.0,365.0,t,1,19,19,244,2026-06-24,0,0,0,10,10,4.8,4.8,4.9,4.9,4.8,4.7,1.8,1,1
2176,1474076397030896201,2026-07-02,previous scrape,Spacious 1BR Downtown Ottawa,137573904,Rob,9,0,8,10,"Ottawa, Canada",f,1,t,Somerset,45.41869,-75.69572,Entire rental unit,Entire home/apt,4,1.4,1.0,2.0,53.66,2026-07-03,2026-09-01,3219.8,53.66,60.0,120.0,t,29,59,89,179,2026-07-02,0,0,0,10,10,4.8,4.8,4.9,4.9,4.8,4.7,1.8,1,1
2177,1474753245270769159,2026-06-24,city scrape,Modern & Cozy Basement By Stonebridge Golf Club,709977246,OttawaStayCo,0,10,0,9,"Ottawa, Canada",t,1,t,Rideau-Goulbourn,45.24704,-75.71693,Entire home,Entire home/apt,2,1.0,1.0,2.0,186.5,2026-07-17,2026-07-19,373.0,186.5,1.0,90.0,t,10,25,46,317,2026-06-24,46,46,21,2025-09-04,2026-06-21,4.91,4.96,4.96,4.96,4.89,4.85,4.69,1,1
2178,1475404333336573876,2026-06-24,city scrape,Quiet Kanata room for Professionals,422092032,Seraphine,4,9,0,4,"Ottawa, Canada",f,2,t,Kanata North,45.35580823870853,-75.92979217443724,Private room in home,Private room,1,1.5,1.0,1.0,70.5,2026-06-26,2026-07-26,2115.01,70.5,30.0,200.0,t,28,58,88,88,2026-06-24,0,0,0,10,10,4.8,4.8,4.9,4.9,4.8,4.7,1.8,2,0
2179,1476336200564530302,2026-06-24,city scrape,Stylish 2 bed in Central Ottawa,357248440,Eric,5,11,0,10,"Ottawa, Canada",f,1,t,Alta Vista,45.3987795,-75.6361234,Entire home,Entire home/apt,4,1.0,2.0,2.0,106.17,2026-10-19,2026-11-18,3185.24,106.17,30.0,90.0,t,1,7,11,259,2026-06-24,0,0,0,10,10,4.8,4.8,4.9,4.9,4.8,4.7,1.8,1,1
2180,1476404824555802676,2026-07-02,previous scrape,"A Place to Live, Work, & Play",456510105,Anne & Ish,4,2,4,2,"Ottawa, Canada",t,3,t,Kitchissippi,45.40385,-75.72467,Entire home,Entire home/apt,4,1.4,3.0,2.0,173.3,0000-00-00,"""0000-00-00""",2246.7,173.3,30.0,365.0,t,0,0,27,29,2026-07-02,2,2,1,2025-12-01,2026-06-08,5.0,5.0,5.0,5.0,5.0,5.0,0.28,1,1
2181,1477019932206740353,2026-06-24,city scrape,Velora Luxe stylish Home Office & Entertainment,569190290,Morenike,2,2,0,9,"Ottawa, Canada",t,1,t,Barrhaven,45.25766,-75.75683,Entire home,Entire home/apt,10,1.4,5.0,5.0,511.25,2026-06-24,2026-06-25,511.25,511.25,1.0,730.0,t,13,37,67,342,2026-06-24,26,26,9,2025-09-26,2026-06-21,4.73,4.77,4.88,4.81,4.77,4.73,2.87,1,1
2182,1477883152958127746,2026-06-24,city scrape,Glamping by RideauRiverProvPark,279115123,Joshua,6,10,0,10,"Ottawa, Canada",f,1,t,Rideau-Goulbourn,45.06121,-75.6723,Farm stay,Entire home/apt,2,1.0,1.0,1.0,265.5,2026-06-24,2026-06-26,531.0,265.5,2.0,180.0,t,2,24,54,144,2026-06-24,2,2,0,2026-05-17,2026-06-13,5.0,5.0,5.0,5.0,5.0,5.0,1.54,1,1
2183,1477895828260584625,2026-06-24,city scrape,"The Keon Hotel, Rm #1 (2 Queen Beds)",710870974,Ryan,0,10,0,10,"Ottawa, Canada",t,6,t,Rideau-Vanier,45.4286043,-75.6944647,Room in hotel,Private room,4,1.0,1.0,2.0,305.0,2026-06-25,2026-06-26,305.0,305.0,1.0,365.0,t,14,25,54,150,2026-06-24,23,23,12,2025-08-23,2026-05-24,4.87,4.91,5.0,4.96,4.96,4.65,2.25,6,0
2184,1478348314514623946,2026-06-24,city scrape,Chic Room in Designer Home,91222817,Madhur,9,10,0,4,"Ottawa, Canada",f,1,t,Stittsville-Kanata West,45.27030796904846,-75.89721324381371,Private room in home,Private room,1,1.5,1.0,1.0,57.05,2026-06-25,2026-07-25,1711.48,57.05,30.0,365.0,t,29,59,89,89,2026-06-24,0,0,0,10,10,4.8,4.8,4.9,4.9,4.8,4.7,1.8,1,0
2185,1478348346150333212,2026-06-24,city scrape,"Private Suite in Ottawa, near airport",710980022,Karen,0,10,0,7,"Ottawa, Canada",t,1,t,Knoxdale-Merivale,45.32466,-75.70392,Entire rental unit,Entire home/apt,2,1.0,1.0,2.0,172.0,2026-07-13,2026-07-14,172.0,172.0,1.0,30.0,t,5,12,16,135,2026-06-24,42,42,16,2025-10-29,2026-06-18,5.0,5.0,4.95,5.0,4.98,4.98,5.27,1,1
2186,1478401025902887702,2026-06-24,city scrape,Bright Glabar Park Studio,471836043,Natasha,3,10,3,10,"Ottawa, Canada",f,1,t,Bay,45.3662647,-75.76408219999999,Entire home,Entire home/apt,2,1.0,2.0,1.0,60.47,2026-07-02,2026-08-01,1814.13,60.47,30.0,365.0,t,22,52,82,82,2026-06-24,1,1,1,2025-09-26,2025-09-26,5.0,5.0,5.0,5.0,5.0,5.0,0.11,1,1
2187,1478535167554419965,2026-06-24,city scrape,Home away from home,53759948,Faith,10,5,1,11,"Ottawa, Canada",f,2,t,Barrhaven,45.2492077,-75.7605421,Private room in home,Private room,1,1.4,1.0,1.0,94.0,2026-07-01,2026-07-02,94.0,94.0,1.0,365.0,t,23,53,83,358,2026-06-24,7,7,4,2025-08-31,2026-05-28,4.43,4.43,4.57,4.71,4.29,4.43,0.7,2,0
2188,1480030781365114226,2026-07-02,previous scrape,Millie’s Place,197927493,Millie,8,0,0,9,"Ottawa, Canada",f,1,t,River,45.36790517302556,-75.66436059772968,Private room in condo,Private room,2,1.4,1.0,2.0,69.13,2026-08-01,2026-08-31,2074.0,69.13,30.0,365.0,t,0,30,60,335,2026-07-02,0,0,0,10,10,4.8,4.8,4.9,4.9,4.8,4.7,1.8,1,0
2189,1481864963036209678,2026-06-24,city scrape,Exactly where you want to be,472303241,Gailene,3,10,0,10,"Ottawa, Canada",f,2,t,Rideau-Vanier,45.43308927608301,-75.68875957026953,Private room in bed and breakfast,Private room,1,1.0,2.0,1.0,81.33,2026-06-25,2026-07-25,2439.78,81.33,30.0,365.0,t,29,59,89,179,2026-06-24,0,0,0,10,10,4.8,4.8,4.9,4.9,4.8,4.7,1.8,2,0
2190,1482262201877564773,2026-06-24,city scrape,Luxury 4BR Home* Brand New & Great Location!,678164915,Mohand,1,4,1,4,"Ottawa, Canada",t,2,t,Gloucester-South Nepean,45.3278,-75.60056,Entire home,Entire home/apt,10,3.5,4.0,5.0,202.57,2026-08-10,2026-09-09,6077.12,202.57,30.0,1125.0,t,0,13,43,318,2026-06-24,1,1,1,2025-10-10,2025-10-10,5.0,5.0,5.0,5.0,5.0,5.0,0.12,2,2
2191,1483244034154156291,2026-07-02,previous scrape,"Executive Home, 4 Bedrooms, Hot tub/Pickleball/Gym",334008485,Daniel,6,4,1,2,"Ottawa, Canada",t,2,t,River,45.37753270746365,-75.70462185588275,Entire home,Entire home/apt,8,1.4,4.0,2.0,374.0,2026-07-12,2026-07-13,374.0,374.0,1.0,90.0,t,10,10,10,10,2026-07-02,20,20,4,2025-08-16,2026-06-24,4.95,4.95,4.95,5.0,5.0,4.85,1.87,1,1
2192,1485549992887960059,2026-06-24,city scrape,"The Keon Hotel, Rm #2 (King Bed)",710870974,Ryan,0,10,0,10,"Ottawa, Canada",t,6,t,Rideau-Vanier,45.42777,-75.69536,Room in hotel,Private room,2,1.0,1.0,1.0,268.0,2026-06-25,2026-06-26,268.0,268.0,1.0,365.0,t,29,52,82,183,2026-06-24,14,14,2,2025-09-20,2026-06-18,4.86,4.93,5.0,4.93,4.79,4.71,1.51,6,0
2193,1485607305618030639,2026-06-24,city scrape,Modern 3-Storey House w/Garage - near Rockcliffe,495868774,Salim,3,5,0,10,"Ottawa, Canada",t,2,t,Rideau-Rockcliffe,45.45222,-75.62976,Entire home,Entire home/apt,4,3.5,3.0,3.0,370.33,2026-07-13,2026-07-16,1111.0,370.33,1.0,1125.0,t,5,22,40,302,2026-06-24,16,16,7,2025-08-27,2026-06-22,4.94,4.88,5.0,5.0,4.88,4.88,1.59,2,2
2194,1485703690251299609,2026-06-24,city scrape,Private upscale Room near Kanata tech park,712960818,Tom,0,10,0,10,"Ottawa, Canada",f,2,t,Stittsville-Kanata West,45.27167,-75.94055,Private room in home,Private room,1,1.0,2.0,1.0,38.2,2026-08-31,2026-09-30,1146.0,38.2,30.0,365.0,t,0,0,22,297,2026-06-24,0,0,0,10,10,4.8,4.8,4.9,4.9,4.8,4.7,1.8,2,0
2195,1485824777826606149,2026-06-24,city scrape,Private spacious Room near Kanata tech park,712960818,Tom,0,10,0,10,"Ottawa, Canada",f,2,t,Stittsville-Kanata West,45.27356,-75.93868,Private room in home,Private room,1,1.0,2.0,1.0,38.2,2027-01-01,2027-01-31,1146.0,38.2,30.0,365.0,t,0,0,0,174,2026-06-24,0,0,0,10,10,4.8,4.8,4.9,4.9,4.8,4.7,1.8,2,0
2196,1486434364401023790,2026-06-24,city scrape,Glebe/Lansdowne Room,145058591,Madison,8,10,0,5,"Ottawa, Canada",f,1,t,Capital,45.39989,-75.68873,Private room in home,Private room,1,1.0,2.0,1.0,173.3,2026-07-01,2026-07-31,2246.7,173.3,30.0,120.0,f,23,53,83,83,2026-06-24,0,0,0,10,10,4.8,4.8,4.9,4.9,4.8,4.7,1.8,1,0
2197,1486651246932734584,2026-06-24,city scrape,Private Mid Century Style Room in a Family Setting,1755714,Janice And Garry,14,4,14,4,"Ontario, Canada",t,10,t,College,45.34844846588583,-75.78437812306885,Private room in home,Private room,1,2.0,1.0,1.0,36.53,2026-09-16,2026-10-16,1096.0,36.53,30.0,365.0,t,0,0,6,281,2026-06-24,1,1,1,2025-12-02,2025-12-02,5.0,5.0,5.0,5.0,5.0,5.0,0.15,3,0
2198,1488577499763877513,2026-06-24,city scrape,Mini suite #1 for professionals or students,65275346,Bella,10,2,10,2,"Gatineau, Canada",f,5,t,Somerset,45.40128,-75.71024,Private room in home,Private room,2,1.0,1.0,1.0,213.0,2026-06-25,2026-06-30,1065.0,213.0,5.0,365.0,t,29,51,79,329,2026-06-24,0,0,0,10,10,4.8,4.8,4.9,4.9,4.8,4.7,1.8,3,0
2199,1489167187925199794,2026-07-02,previous scrape,Townhouse for monthly rental,48295858,Serhat,10,7,3,4,"Ottawa, Canada",t,1,t,Innes,45.42778601327942,-75.51089331507683,Entire home,Entire home/apt,10,1.4,5.0,2.0,151.37,2026-09-10,2026-10-10,4541.0,151.37,30.0,1125.0,t,0,0,20,200,2026-07-02,1,1,1,2025-12-19,2025-12-19,5.0,5.0,5.0,5.0,5.0,5.0,0.15,1,1
2200,1489375356499856815,2026-07-02,previous scrape,Trendy 1 bedroom in Centretown,85297148,Short And Suite BnB,9,11,9,4,"Ottawa, Canada",t,51,t,Somerset,45.41124,-75.69788,Entire rental unit,Entire home/apt,2,1.4,1.0,2.0,59.89,2026-10-21,2026-12-05,2694.9,59.89,45.0,365.0,t,0,0,2,256,2026-07-02,2,2,1,2025-11-30,2026-05-17,5.0,5.0,5.0,5.0,5.0,5.0,0.28,28,28
2201,1490266949539854649,2026-06-24,city scrape,Private Room in a 4-bedroom Home- Orleans,135081108,Amit,9,0,4,9,"Ottawa, Canada",t,2,t,Innes,45.46433,-75.53183,Private room in home,Private room,1,1.0,2.0,1.0,48.79,2027-01-01,2027-01-15,683.0,48.79,14.0,60.0,t,0,0,0,174,2026-06-24,1,1,1,2025-09-12,2025-09-12,5.0,5.0,5.0,5.0,5.0,5.0,0.1,2,0
2202,1490352315913205947,2026-06-24,city scrape,Cozy Room w/ Ensuite & Balcony,461969923,Nimish,4,0,1,4,"Ottawa, Canada",f,2,t,Barrhaven,45.24224,-75.74315,Private room in home,Private room,2,1.0,2.0,1.0,109.0,2026-09-01,2026-09-02,109.0,109.0,1.0,365.0,t,0,0,21,296,2026-06-24,1,1,0,2026-01-31,2026-01-31,5.0,5.0,5.0,5.0,5.0,5.0,0.21,2,0
2203,1490607514776555706,2026-06-24,city scrape,Parliament Stay | 1BR + Sofa Bed,244964584,Family Suites,7,4,3,10,"Ottawa, Canada",f,1,t,Somerset,45.42308,-75.69722,Entire rental unit,Entire home/apt,3,1.0,1.0,1.0,185.19,2026-06-24,2026-07-24,5555.66,185.19,30.0,365.0,t,30,60,90,365,2026-06-24,0,0,0,10,10,4.8,4.8,4.9,4.9,4.8,4.7,1.8,1,1
2204,1490805078099607053,2026-07-02,previous scrape,Cozy Room,23679383,Salman,11,7,3,8,"Ottawa, Canada",f,9,t,Knoxdale-Merivale,45.34962,-75.71796,Private room in home,Private room,2,1.4,2.0,2.0,173.3,0000-00-00,"""0000-00-00""",2246.7,173.3,1.0,365.0,t,0,0,0,0,2026-07-02,3,3,3,2025-08-24,2025-10-17,3.33,4.0,4.33,4.33,4.0,3.67,0.29,7,0
2205,1490807722694650609,2026-07-02,previous scrape,Cozy Room “Rose”,23679383,Salman,11,7,3,8,"Ottawa, Canada",f,9,t,Knoxdale-Merivale,45.35027155372149,-75.71925890545299,Private room in home,Private room,2,1.4,2.0,2.0,173.3,0000-00-00,"""0000-00-00""",2246.7,173.3,1.0,365.0,t,0,0,0,0,2026-07-02,1,1,1,2025-08-26,2025-08-26,3.0,4.0,5.0,5.0,4.0,3.0,0.1,7,0
2206,1491427267093557028,2026-06-24,city scrape,Studio/Bachelor Condo for Airbnb,208632808,Edward,7,10,2,1,"Ottawa, Canada",f,1,t,Somerset,45.4126,-75.6962,Entire rental unit,Entire home/apt,2,1.0,2.0,1.0,75.0,2026-06-24,2026-07-24,2249.96,75.0,30.0,365.0,t,30,60,90,365,2026-06-24,1,1,1,2025-09-27,2025-09-27,1.0,1.0,1.0,1.0,1.0,1.0,0.11,1,1
2207,1492226375298215610,2026-06-24,city scrape,"Pool, Game Room, Hot Tub, Theatre Room",43424548,Sean,10,9,4,6,"Ottawa, Canada",t,22,t,West Carleton-March,45.26478,-76.01486,Entire home,Entire home/apt,10,2.5,5.0,9.0,825.33,2026-08-23,2026-08-26,2476.0,825.33,2.0,365.0,t,0,1,23,271,2026-06-24,36,36,12,2025-09-01,2026-06-09,5.0,4.97,5.0,5.0,4.97,4.94,3.64,7,7
2208,1492331115461676514,2026-06-24,city scrape,Modern 2-Bed Condo in the Heart of Centretown,92692408,Veena,9,9,3,0,"Toronto, Canada",f,1,t,Somerset,45.41827,-75.69932,Entire rental unit,Entire home/apt,4,2.0,2.0,2.0,153.01,2026-07-30,2026-08-30,4743.29,153.01,31.0,365.0,t,5,29,59,334,2026-06-24,0,0,0,10,10,4.8,4.8,4.9,4.9,4.8,4.7,1.8,1,1
2209,1492850509443477475,2026-06-24,city scrape,Capital Getaway - Cottage in the City,46921844,Nida,10,8,0,10,"Dubai, United Arab Emirates",f,1,t,Kanata North,45.32794,-75.90787,Entire home,Entire home/apt,8,2.5,4.0,7.0,225.84,2026-08-31,2026-09-30,6775.33,225.84,30.0,365.0,t,4,4,26,301,2026-06-24,0,0,0,10,10,4.8,4.8,4.9,4.9,4.8,4.7,1.8,1,1
2210,1493054270686480331,2026-06-24,city scrape,Mansion in Mississippi Mills,462547672,Muhammad,4,0,1,11,"Toronto, Canada",t,5,t,West Carleton-March,45.2420521,-76.1373557,Entire home,Entire home/apt,8,3.0,4.0,3.0,292.4,2026-10-31,2026-11-30,8772.0,292.4,30.0,1125.0,t,0,0,0,236,2026-06-24,0,0,0,10,10,4.8,4.8,4.9,4.9,4.8,4.7,1.8,1,1
2211,1494188022524666876,2026-06-24,city scrape,"Private SPA Oasis- Hot Tub, 2 Saunas & Games Room",407729985,Maslen,5,0,4,6,"Ottawa, Canada",f,1,t,Alta Vista,45.39052428549294,-75.61778524603271,Entire home,Entire home/apt,8,3.0,5.0,6.0,666.68,2026-06-29,2026-06-30,666.68,666.68,1.0,365.0,t,23,46,72,252,2026-06-24,34,34,10,2025-09-21,2026-06-21,4.82,4.71,4.88,4.91,4.85,4.68,3.68,1,1
2212,1495146298894186823,2026-06-24,city scrape,Private Guest Suite in Ottawa,715370960,Hamzah,0,10,0,10,"Ottawa, Canada",t,1,t,Barrhaven,45.24755040717064,-75.75553607672117,Private room in home,Private room,2,1.0,2.0,1.0,91.5,2026-07-11,2026-07-13,183.0,91.5,2.0,365.0,t,11,41,71,346,2026-06-24,23,23,19,2025-08-31,2026-06-04,5.0,5.0,5.0,5.0,4.83,4.91,2.32,1,0
2213,1495970039996610283,2026-06-24,city scrape,"Modern Home in Barrhaven, Ottawa",673487851,Ahyoung,1,5,0,9,"Ottawa, Canada",f,1,t,Barrhaven,45.27432350000001,-75.7811581,Private room in home,Private room,2,1.0,2.0,1.0,173.3,2026-06-27,2026-07-27,2246.7,173.3,30.0,365.0,f,27,57,87,87,2026-06-24,0,0,0,10,10,4.8,4.8,4.9,4.9,4.8,4.7,1.8,1,0
2214,1496497478467559357,2026-06-24,city scrape,Bright & Spacious Barrhaven Stay,475319012,Jasmine,3,10,3,10,"Ottawa, Canada",t,13,t,Gloucester-South Nepean,45.25635697875261,-75.69253323932526,Entire home,Entire home/apt,10,5.0,5.0,5.0,371.17,2026-08-01,2026-08-31,11135.0,371.17,30.0,365.0,t,0,22,52,246,2026-06-24,1,1,1,2025-12-23,2025-12-23,5.0,5.0,5.0,5.0,5.0,5.0,0.16,10,10
2215,1497574680448309102,2026-06-24,city scrape,Cozy Queen Bed + Workspace. Near Downtown-Ottawa.,210023080,Ali,7,10,2,7,"Ottawa, Canada",f,6,t,Rideau-Vanier,45.4306,-75.65587,Private room in home,Private room,2,2.0,2.0,1.0,49.78,2026-07-01,2026-07-31,1493.34,49.78,30.0,365.0,t,23,53,83,358,2026-06-24,3,3,1,2025-10-31,2026-02-07,5.0,4.33,5.0,5.0,5.0,3.0,0.38,6,0
2216,1497807963874912465,2026-06-24,city scrape,Private room with attached washroom in Ottawa,716009076,Arun,0,9,0,8,"Ottawa, Canada",t,1,t,Innes,45.43617,-75.50568,Private room in home,Private room,2,1.0,1.0,1.0,109.0,2026-07-02,2026-07-03,109.0,109.0,1.0,29.0,t,22,52,82,82,2026-06-24,63,63,24,2025-10-10,2026-05-30,4.89,4.97,4.95,4.95,4.9,4.92,7.33,1,0
2217,1498148673387893853,2026-06-24,city scrape,Stunning Coach House in the Heart of Hintonburg,85297148,Short And Suite BnB,9,11,9,4,"Ottawa, Canada",t,51,t,Kitchissippi,45.40277,-75.72108,Entire home,Entire home/apt,2,1.0,1.0,2.0,139.93,2026-08-02,2026-09-01,4197.94,139.93,30.0,365.0,t,0,21,51,326,2026-06-24,1,1,1,2025-11-30,2025-11-30,5.0,5.0,5.0,5.0,5.0,5.0,0.14,28,28
2218,1498573006413624798,2026-06-24,city scrape,Westboro Spacious Basement Studio (28+ days only),487438308,Emma,3,7,0,8,"Ottawa, Canada",f,1,t,Kitchissippi,45.38829924203852,-75.74960039616344,Entire rental unit,Entire home/apt,2,1.0,1.0,1.0,64.71,2026-08-01,2026-08-31,1941.34,64.71,30.0,120.0,t,0,22,52,327,2026-06-24,2,2,0,2026-03-12,2026-05-12,5.0,5.0,5.0,5.0,5.0,5.0,0.57,1,1
2219,1498850590600594881,2026-06-24,city scrape,Cozy 1BED Apartment in Ottawa China Town,475319012,Jasmine,3,10,3,10,"Ottawa, Canada",t,13,t,Somerset,45.4082,-75.70955,Entire rental unit,Entire home/apt,2,1.0,1.0,1.0,100.81,2026-07-31,2026-08-30,3024.29,100.81,30.0,365.0,t,4,27,57,332,2026-06-24,1,1,0,2026-06-07,2026-06-07,5.0,5.0,5.0,5.0,5.0,5.0,1.0,10,10
2220,1498957545325768301,2026-06-24,city scrape,1 Guest in shared Furn'd beautiful 3 bedrooms Apt,34602819,Christine,11,0,11,0,"Ottawa, Canada",t,13,t,Rideau-Vanier,45.42624956681478,-75.67606830876522,Private room in rental unit,Private room,1,1.0,3.0,3.0,47.6,2026-09-30,2026-10-30,1428.07,47.6,30.0,365.0,t,0,1,1,268,2026-06-24,0,0,0,10,10,4.8,4.8,4.9,4.9,4.8,4.7,1.8,13,3
2221,1499367338645543098,2026-06-24,city scrape,Cozy Centretown Private Studio,85297148,Short And Suite BnB,9,11,9,4,"Ottawa, Canada",t,51,t,Somerset,45.41116,-75.69731,Entire rental unit,Entire home/apt,2,1.0,2.0,1.0,51.61,2026-07-10,2026-08-09,1548.43,51.61,30.0,365.0,t,14,44,74,349,2026-06-24,1,1,1,2025-11-03,2025-11-03,4.0,4.0,4.0,4.0,3.0,3.0,0.13,28,28
2222,1499627041443269392,2026-06-24,city scrape,Cozy & Peaceful 1 Room in Kanata Townhouse,714058523,Tazin,0,10,0,9,"Ottawa, Canada",t,1,t,Kanata South,45.27935,-75.85063,Private room in townhouse,Private room,2,1.0,1.0,1.0,60.0,2026-11-19,2026-11-20,60.0,60.0,1.0,180.0,t,0,0,0,32,2026-06-24,67,67,49,2025-09-18,2026-03-22,4.96,4.97,4.96,5.0,4.97,4.99,7.18,1,0
2223,1500738052802180479,2026-07-02,previous scrape,Centertown Ottawa - Mid term rental,1666028,Syed Zeeshan,14,5,12,5,"Ottawa, Canada",f,2,t,Somerset,45.41013520001864,-75.69444205186008,Private room in home,Private room,1,1.4,1.0,2.0,54.34,2026-07-02,2026-08-01,1630.08,54.34,30.0,365.0,t,30,60,90,365,2026-07-02,0,0,0,10,10,4.8,4.8,4.9,4.9,4.8,4.7,1.8,1,0
2224,1500846499506509123,2026-06-24,city scrape,Small & Cozy Room w/ Shared Bathroom & Parking,716699897,Martin,0,9,0,9,"Ottawa, Canada",t,2,t,Rideau-Vanier,45.42631,-75.67356,Private room in home,Private room,2,1.5,1.0,1.0,142.65,2026-06-28,2026-06-29,142.65,142.65,1.0,65.0,t,26,56,86,361,2026-06-24,19,19,4,2025-10-13,2026-06-14,5.0,5.0,4.89,5.0,4.89,4.84,2.24,2,0
2225,1501015580895061930,2026-06-24,city scrape,New home near downtown with yard,707616535,Neil,0,11,0,9,"Ottawa, Canada",f,1,t,Knoxdale-Merivale,45.36143,-75.72152,Entire rental unit,Entire home/apt,7,2.0,3.0,4.0,156.72,2026-06-27,2026-07-27,4701.69,156.72,30.0,365.0,t,27,57,87,177,2026-06-24,0,0,0,10,10,4.8,4.8,4.9,4.9,4.8,4.7,1.8,1,1
2226,1501905961751751341,2026-06-24,city scrape,Cozy Budget Room,714963400,Jems,0,10,0,10,"Ottawa, Canada",f,4,t,Barrhaven,45.25256,-75.75736,Private room in home,Private room,1,1.5,2.0,1.0,78.0,2026-06-30,2026-07-01,78.0,78.0,1.0,365.0,t,24,49,66,341,2026-06-24,29,29,15,2025-09-22,2026-05-25,4.76,4.72,4.83,4.83,4.79,4.76,3.15,4,1
2227,1502917841767036049,2026-06-24,city scrape,Modern Private Suite • Full Kitchen • Free Parking,456695003,Oksana,4,1,0,9,"Ottawa, Canada",t,1,t,College,45.3513,-75.74425,Entire rental unit,Entire home/apt,2,1.0,1.0,2.0,228.0,2026-07-09,2026-07-10,228.0,228.0,1.0,28.0,t,5,19,27,280,2026-06-24,34,34,4,2025-12-16,2026-06-22,4.97,4.97,5.0,5.0,4.97,4.97,5.34,1,1
2228,1503576633249619572,2026-06-24,city scrape,Cozy place long stay at the best price in Ottawa,486026361,Victor,3,7,3,6,"Ottawa, Canada",f,18,t,Innes,45.44517252489114,-75.52126604723253,Private room in home,Private room,2,1.5,1.0,1.0,45.7,2026-08-29,2026-09-28,1371.0,45.7,30.0,365.0,t,0,0,24,299,2026-06-24,2,2,2,2025-10-10,2025-12-09,5.0,5.0,5.0,5.0,5.0,5.0,0.23,18,1
2229,1503649104353750734,2026-06-24,city scrape,great location in Wellington west near shopping,674358249,Omar,1,5,1,3,"Ottawa, Canada",t,3,t,Kitchissippi,45.397022,-75.7368951,Entire home,Entire home/apt,4,1.0,2.0,2.0,152.77,2026-07-03,2026-08-02,4583.0,152.77,30.0,1125.0,t,22,52,82,357,2026-06-24,2,2,1,2025-10-26,2026-04-30,4.5,5.0,4.0,4.5,5.0,4.5,0.25,3,3
2230,1503744544602405585,2026-06-24,city scrape,Urban 3BR Getaway Walk to ByWard Market- UOttawa,493972885,Theo And Madison,3,5,3,2,"Ottawa, Canada",f,1,t,Rideau-Vanier,45.42232,-75.67822,Entire rental unit,Entire home/apt,7,1.4,3.0,4.0,359.0,2026-06-29,2026-06-30,359.0,359.0,1.0,365.0,t,14,38,62,337,2026-06-24,119,119,49,2025-09-08,2026-06-15,4.51,4.29,4.66,4.85,4.71,4.52,12.31,1,1
2231,1504013097060161913,2026-06-24,city scrape,Relaxing Queen Bed+Workspace. Near Downtown Ottawa,210023080,Ali,7,10,2,7,"Ottawa, Canada",f,6,t,Rideau-Rockcliffe,45.42895,-75.65501,Private room in home,Private room,2,2.0,1.0,2.0,48.12,2026-06-24,2026-07-24,1443.56,48.12,30.0,365.0,t,30,60,90,365,2026-06-24,0,0,0,10,10,4.8,4.8,4.9,4.9,4.8,4.7,1.8,6,0
2232,1504570234338253955,2026-07-02,previous scrape,1 Bed 1 Bath Apartment (1 Year Sublet),125413521,Yazeed,9,2,7,3,"Ontario, Canada",f,1,t,Kitchissippi,45.40234,-75.72802,Entire rental unit,Entire home/apt,1,1.4,1.0,2.0,3.68,2026-07-02,2027-07-02,1344.94,3.68,365.0,365.0,t,30,60,90,365,2026-07-02,0,0,0,10,10,4.8,4.8,4.9,4.9,4.8,4.7,1.8,1,1
2233,1505251136905140226,2026-06-24,city scrape,Large Private Space w/ Ensuite Bathroom & Parking,716699897,Martin,0,9,0,9,"Ottawa, Canada",t,2,t,Rideau-Vanier,45.42536,-75.6733,Private room in home,Private room,2,1.4,1.0,1.0,159.76,2026-06-24,2026-06-25,159.76,159.76,1.0,65.0,t,23,47,75,350,2026-06-24,25,25,7,2025-09-22,2026-06-19,5.0,4.96,4.96,5.0,4.76,4.88,2.72,2,0
2234,1505456593005854216,2026-06-24,city scrape,"Modern, bright condo. Minutes from downtown.",47889428,Norma,10,7,10,4,"Ottawa, Canada",f,2,t,Capital,45.38428005450774,-75.6732377037406,Entire rental unit,Entire home/apt,2,1.0,1.0,1.0,80.0,2026-10-14,2026-11-13,2400.0,80.0,30.0,360.0,t,0,13,28,96,2026-06-24,1,1,0,2026-05-31,2026-05-31,5.0,5.0,5.0,5.0,5.0,5.0,1.0,2,2
2235,1505673685417690306,2026-06-24,city scrape,Jayden,459268526,Flourish,4,1,0,8,"Ottawa, Canada",f,1,t,Stittsville-Kanata West,45.25785,-75.90446,Private room in home,Private room,3,1.0,4.0,4.0,62.97,2026-06-24,2026-07-25,1952.04,62.97,31.0,365.0,t,30,60,90,365,2026-06-24,0,0,0,10,10,4.8,4.8,4.9,4.9,4.8,4.7,1.8,1,0
2236,1505904174110237613,2026-06-24,city scrape,Heart of old Ottawa South,50514485,Donna,10,6,0,2,"Ottawa, Canada",f,1,t,Capital,45.39157,-75.68465,Entire guest suite,Entire home/apt,2,1.0,1.0,1.0,235.5,2026-06-25,2026-06-27,471.0,235.5,1.0,90.0,t,20,50,80,80,2026-06-24,8,8,0,2026-05-08,2026-06-22,4.75,5.0,5.0,5.0,5.0,4.63,5.0,1,1
2237,1506566786616525034,2026-06-24,city scrape,A beautiful home in Ottawa,486026361,Victor,3,7,3,6,"Ottawa, Canada",f,18,t,Innes,45.4444957206966,-75.51955971794757,Private room in home,Private room,2,1.5,1.0,1.0,40.17,2026-06-24,2026-07-24,1205.0,40.17,30.0,365.0,t,30,60,90,365,2026-06-24,1,1,0,2026-05-31,2026-05-31,1.0,1.0,4.0,1.0,4.0,1.0,1.0,18,1
2238,1506585242097902213,2026-06-24,city scrape,Perfect home for a good stay,486026361,Victor,3,7,3,6,"Ottawa, Canada",f,18,t,Innes,45.44330252549586,-75.520881396892,Private room in home,Private room,2,1.5,1.0,1.0,43.27,2026-06-24,2026-07-24,1298.0,43.27,30.0,365.0,t,30,60,90,365,2026-06-24,1,1,1,2025-11-01,2025-11-01,3.0,2.0,2.0,2.0,3.0,3.0,0.13,18,1
2239,1506703742706976389,2026-07-02,previous scrape,V3 You'll love this apartment!,417799875,Louise,4,10,1,9,"Ottawa, Canada",f,7,t,Innes,45.4646608730304,-75.52027942402682,Entire rental unit,Entire home/apt,6,1.4,3.0,2.0,51.42,2026-11-01,2027-01-30,4628.0,51.42,90.0,365.0,t,0,0,0,243,2026-07-02,0,0,0,10,10,4.8,4.8,4.9,4.9,4.8,4.7,1.8,7,7
2240,1507208237402759614,2026-06-24,city scrape,New Edinburgh | 4 BD Beautiful Home,28311800,Michael,11,3,0,9,"Ottawa, Canada",t,1,t,Rideau-Rockcliffe,45.44423306860919,-75.67780411288746,Entire home,Entire home/apt,8,3.5,4.0,5.0,583.33,2026-08-30,2026-09-02,1750.0,583.33,2.0,365.0,t,0,3,21,65,2026-06-24,20,20,11,2025-10-03,2026-06-11,5.0,4.95,5.0,5.0,5.0,4.9,2.26,1,1
2241,1507388956096296791,2026-06-24,city scrape,Comfortable Quiet Room - Near Airport,718344520,Adam,0,9,0,7,"Ottawa, Canada",f,5,t,Gloucester-Southgate,45.37265,-75.61634,Private room in home,Private room,2,1.5,1.0,1.0,90.0,2026-06-28,2026-06-29,90.0,90.0,1.0,365.0,t,24,52,82,356,2026-06-24,37,37,11,2025-11-19,2026-06-09,4.73,4.73,4.89,4.78,4.78,4.57,5.09,5,0
2242,1507508064080846913,2026-06-24,city scrape,Spacious Master Bedroom Near Kanata,656036045,Samander,1,8,0,8,"Ottawa, Canada",f,2,t,College,45.31896,-75.83113,Private room in home,Private room,2,1.0,1.0,1.0,38.94,2026-06-24,2026-07-24,1168.12,38.94,30.0,730.0,t,30,60,90,365,2026-06-24,0,0,0,10,10,4.8,4.8,4.9,4.9,4.8,4.7,1.8,2,0
2243,1508177419954683329,2026-06-24,city scrape,Spacious studio,403047905,Sharmilee,5,1,5,1,"Ottawa, Canada",f,8,t,Rideau-Goulbourn,45.2387229,-75.7491373,Entire home,Entire home/apt,2,1.0,1.0,1.0,73.03,2026-06-24,2026-07-24,2191.0,73.03,30.0,365.0,t,30,60,90,365,2026-06-24,0,0,0,10,10,4.8,4.8,4.9,4.9,4.8,4.7,1.8,4,1
2244,1508758191051621942,2026-06-24,city scrape,Perfect Place in Ottawa for Quiet Living - 171,486026361,Victor,3,7,3,6,"Ottawa, Canada",f,18,t,Barrhaven,45.26129159843144,-75.75102479439283,Private room in home,Private room,2,1.5,1.0,1.0,76.67,2026-07-03,2026-08-02,2300.0,76.67,30.0,365.0,t,21,51,81,356,2026-06-24,0,0,0,10,10,4.8,4.8,4.9,4.9,4.8,4.7,1.8,18,1
2245,1510168801676986017,2026-06-24,city scrape,Room Steps Uottawa Train Station & Parliament,510569116,Carlos,3,2,3,2,"Ottawa, Canada",f,47,t,Rideau-Vanier,45.42183612938892,-75.67999657558283,Private room in rental unit,Private room,1,2.0,1.0,1.0,52.49,2026-06-24,2026-07-24,1574.64,52.49,30.0,365.0,t,30,60,90,365,2026-06-24,1,1,1,2025-09-28,2025-09-28,3.0,2.0,3.0,3.0,4.0,2.0,0.11,26,0
2246,1510384707968276305,2026-06-24,city scrape,Studio privé dans un sous-sol avec salle de cinéma,194370575,Carole,8,0,4,6,"Ottawa, Canada",t,1,t,Barrhaven,45.25479,-75.73768,Entire home,Entire home/apt,2,1.0,1.0,1.0,102.71,2026-06-29,2026-07-01,205.41,102.71,2.0,365.0,t,13,34,62,337,2026-06-24,33,33,14,2025-10-03,2026-06-11,4.73,4.52,4.82,4.91,4.82,4.67,3.74,1,1
2247,1510554479549067233,2026-06-24,city scrape,Britannia Beach House,57213938,Shawn & Shana,10,4,0,9,"Ottawa, Canada",f,1,t,Bay,45.3566,-75.80115,Entire home,Entire home/apt,8,1.4,4.0,5.0,184.95,2026-10-02,2026-11-01,5548.58,184.95,30.0,365.0,t,0,0,0,265,2026-06-24,0,0,0,10,10,4.8,4.8,4.9,4.9,4.8,4.7,1.8,1,1
2248,1511236064798464294,2026-06-24,city scrape,Monthly rental only - 1BDR apartment,141421870,Lionel,8,11,1,4,"Ottawa, Canada",f,1,t,Capital,45.40436,-75.70199,Entire rental unit,Entire home/apt,3,1.0,1.0,1.0,69.86,2026-10-26,2026-11-25,2095.65,69.86,30.0,250.0,t,0,21,21,141,2026-06-24,1,1,0,2026-04-07,2026-04-07,5.0,5.0,5.0,5.0,4.0,5.0,0.38,1,1
2249,1511266860859430802,2026-06-24,city scrape,Modern Ensuite room very close to amenities,709482057,Emmanuel,0,10,0,9,"Ottawa, Canada",t,4,t,Stittsville-Kanata West,45.28121,-75.91502,Private room in home,Private room,2,1.5,1.0,1.0,149.0,2026-07-19,2026-07-20,149.0,149.0,1.0,1125.0,t,5,35,65,245,2026-06-24,21,21,8,2025-09-27,2026-06-21,4.76,4.86,4.86,4.86,4.81,4.86,2.32,4,0
2250,1511269336589903074,2026-06-24,city scrape,Modern Spacious Queen Bed. Near Downtown Ottawa.,711664670,Phi,0,10,0,9,"Ottawa, Canada",f,5,t,Rideau-Rockcliffe,45.43324,-75.63722,Private room in home,Private room,2,2.0,1.0,1.0,86.0,2026-06-28,2026-06-29,86.0,86.0,1.0,365.0,t,12,30,56,329,2026-06-24,90,90,38,2025-09-23,2026-06-06,4.57,4.71,4.84,4.72,4.6,4.63,9.82,5,0
2251,1511276075030510065,2026-06-24,city scrape,Modern room close to amenities,709482057,Emmanuel,0,10,0,9,"Ottawa, Canada",t,4,t,Stittsville-Kanata West,45.28003974616141,-75.91383756461481,Private room in home,Private room,2,1.5,1.0,1.0,91.29,2026-06-24,2026-06-25,91.29,91.29,1.0,365.0,t,27,57,86,360,2026-06-24,19,19,10,2025-09-21,2026-06-21,4.84,4.84,4.79,4.84,4.89,4.74,2.06,4,0
2252,1511278262190118046,2026-06-24,city scrape,Huge Master Oasis with private bathroom,191000580,Margaret,8,1,6,6,"Toronto, Canada",f,4,t,Barrhaven,45.26299316899458,-75.75487349257041,Private room in home,Private room,1,1.5,1.0,1.0,46.33,2026-06-27,2026-07-27,1390.02,46.33,30.0,90.0,t,28,58,88,178,2026-06-24,1,1,1,2025-12-03,2025-12-03,4.0,4.0,5.0,4.0,4.0,4.0,0.15,3,0
2253,1511296636823767208,2026-06-24,city scrape,Peaceful Queen Bed+Workspace. Near Downtown-Ottawa,711664670,Phi,0,10,0,9,"Ottawa, Canada",f,5,t,Beacon Hill-Cyrville,45.43180395454407,-75.63668028310158,Private room in home,Private room,2,2.0,1.0,1.0,84.0,2026-06-28,2026-06-29,84.0,84.0,1.0,365.0,t,20,50,74,348,2026-06-24,57,57,16,2025-10-20,2026-05-24,4.68,4.79,4.89,4.72,4.63,4.63,6.9,5,0
2254,1511297105911359740,2026-06-24,city scrape,Modern Queen Bed. Downtowm-Ottawa. Private Room,210023080,Ali,7,10,2,7,"Ottawa, Canada",f,6,t,Rideau-Vanier,45.43041,-75.65473,Private room in home,Private room,2,2.0,1.0,1.0,47.79,2026-07-01,2026-07-31,1433.61,47.79,30.0,365.0,t,23,53,83,358,2026-06-24,1,1,1,2025-12-22,2025-12-22,5.0,5.0,5.0,5.0,5.0,5.0,0.16,6,0
2255,1511476936498164990,2026-06-24,city scrape,Private Twin Bed+Workspace. Near Downtown-Ottawa.,711664670,Phi,0,10,0,9,"Ottawa, Canada",f,5,t,Rideau-Rockcliffe,45.43230737611029,-75.63817830328875,Private room in home,Private room,1,2.0,1.0,1.0,74.0,2026-06-24,2026-06-25,74.0,74.0,1.0,365.0,t,12,35,56,331,2026-06-24,72,72,22,2025-09-23,2026-06-08,4.72,4.78,4.88,4.83,4.72,4.74,7.85,5,0
2256,1511484561508381082,2026-06-24,city scrape,Tranquil Queen Bed+Workspace. Near Downtown-Ottawa,711664670,Phi,0,10,0,9,"Ottawa, Canada",f,5,t,Rideau-Rockcliffe,45.43232623515494,-75.6371674563606,Private room in home,Private room,2,2.0,1.0,1.0,93.0,2026-06-28,2026-06-29,93.0,93.0,1.0,365.0,t,13,35,53,328,2026-06-24,66,66,23,2025-09-24,2026-06-09,4.67,4.76,4.86,4.8,4.73,4.59,7.23,5,0
2257,1511488905061673630,2026-06-24,city scrape,"Ottawa luxury 1br queen suite, wifi, near DT",711664670,Phi,0,10,0,9,"Ottawa, Canada",f,5,t,Beacon Hill-Cyrville,45.431958362103565,-75.63641847182689,Private room in home,Private room,2,2.0,1.0,1.0,93.0,2026-06-24,2026-06-25,93.0,93.0,1.0,365.0,t,26,55,85,360,2026-06-24,60,60,24,2025-09-26,2026-06-10,4.72,4.75,4.82,4.78,4.68,4.63,6.62,5,0
2258,1511513948596661227,2026-06-24,city scrape,cozy room close to everything,709482057,Emmanuel,0,10,0,9,"Ottawa, Canada",t,4,t,Stittsville-Kanata West,45.28110731455245,-75.91342428788079,Private room in home,Private room,2,1.5,1.0,1.0,91.29,2026-06-24,2026-06-25,91.29,91.29,1.0,365.0,t,30,60,90,268,2026-06-24,20,20,9,2025-09-25,2026-05-06,5.0,4.95,5.0,5.0,4.95,4.95,2.2,4,0
2259,1511935176217989515,2026-06-24,city scrape,Modern New-Build Suite in Hintonburg,20069298,Mackenzie,11,10,6,9,"Ottawa, Canada",f,2,t,Kitchissippi,45.4044827,-75.72749139999999,Entire rental unit,Entire home/apt,2,1.0,2.0,1.0,95.5,2026-12-01,2026-12-31,2865.0,95.5,30.0,365.0,t,0,0,0,205,2026-06-24,1,1,0,2026-04-30,2026-04-30,5.0,5.0,5.0,5.0,5.0,5.0,0.54,2,2
2260,1512284894520036172,2026-07-02,previous scrape,Affordable Furnished Apartment,49022691,Carol,10,7,8,11,"Ottawa, Canada",t,7,t,Somerset,45.41470666502296,-75.6930689137363,Entire rental unit,Entire home/apt,2,1.4,1.0,2.0,75.23,2026-12-01,2026-12-31,2257.0,75.23,30.0,1125.0,t,0,0,0,118,2026-07-02,0,0,0,10,10,4.8,4.8,4.9,4.9,4.8,4.7,1.8,5,5
2261,1512319277775668813,2026-06-24,city scrape,Come be our guest in cozy country living style.,109915206,Jennifer,9,5,0,7,"Ottawa, Canada",t,1,t,Rideau-Goulbourn,45.18778,-75.79173,Entire guest suite,Entire home/apt,4,1.5,2.0,2.0,314.0,2026-06-29,2026-06-30,314.0,314.0,1.0,365.0,t,10,12,33,209,2026-06-24,22,22,5,2025-11-08,2026-06-21,4.68,4.59,4.82,4.86,4.64,4.59,2.88,1,1
2262,1512339390397413056,2026-06-24,city scrape,Room DownTown Across Uottawa Steps Parliament,146743514,Frits,8,10,8,2,"Mexicali, Mexico",f,74,t,Rideau-Vanier,45.42397,-75.68017,Private room in home,Private room,1,2.0,1.0,1.0,39.81,2026-06-24,2026-07-24,1194.36,39.81,30.0,365.0,t,30,60,90,365,2026-06-24,4,4,4,2025-10-05,2025-10-29,3.75,3.75,4.25,4.25,4.5,4.0,0.46,28,0
2263,1512475107967626297,2026-06-24,city scrape,Beautifully Furnished 3-Bedroom Home,66190971,Luis,10,2,4,8,"Gatineau, Canada",t,64,t,Gloucester-South Nepean,45.31620986772801,-75.59185006508179,Entire home,Entire home/apt,6,2.5,3.0,3.0,172.48,2026-09-05,2026-10-05,5174.46,172.48,30.0,365.0,t,6,9,26,301,2026-06-24,0,0,0,10,10,4.8,4.8,4.9,4.9,4.8,4.7,1.8,26,26
2264,1513379416042061891,2026-06-24,city scrape,Modern Comfort Central Barrhaven 2 Bedroom Ensuite,719734124,Ross,0,9,0,9,"Ottawa, Canada",f,1,t,Barrhaven,45.2653474,-75.7546069,Entire home,Entire home/apt,5,2.5,2.0,3.0,165.87,2027-04-01,2027-05-01,4976.0,165.87,30.0,365.0,t,5,5,5,89,2026-06-24,3,3,0,2026-01-04,2026-06-05,5.0,5.0,5.0,5.0,5.0,5.0,0.52,1,1
2265,1513400658050643836,2026-06-24,city scrape,Spacious house at Findlay Creek,568282266,Maggie,2,3,2,3,"Ottawa, Canada",t,8,t,Gloucester-South Nepean,45.3255399,-75.60848,Entire home,Entire home/apt,6,2.5,3.0,3.0,158.57,2026-07-30,2026-08-29,4757.0,158.57,30.0,365.0,t,3,27,57,332,2026-06-24,1,1,0,2026-03-06,2026-03-06,5.0,5.0,5.0,5.0,5.0,5.0,0.27,5,5
2266,1513531778451852804,2026-06-24,city scrape,Central & Spacious Queen Bed. Near DT Ottawa.,701372802,Fahad,1,0,0,9,"Ottawa, Canada",f,4,t,Rideau-Vanier,45.43026,-75.65641,Private room in home,Private room,2,2.0,1.0,1.0,44.45,2026-08-31,2026-09-30,1333.39,44.45,30.0,365.0,t,0,0,22,297,2026-06-24,1,1,0,2026-05-01,2026-05-01,1.0,1.0,1.0,2.0,3.0,1.0,0.55,4,0
2267,1513536629830751759,2026-06-24,city scrape,Tranquil Queen Bed+Workspace. Near Downtown Ottawa,701372802,Fahad,1,0,0,9,"Ottawa, Canada",f,4,t,Rideau-Rockcliffe,45.4288306071989,-75.65667384240537,Private room in home,Private room,2,2.0,1.0,1.0,41.81,2026-08-16,2026-09-15,1254.4,41.81,30.0,365.0,t,0,7,37,312,2026-06-24,1,1,0,2026-03-31,2026-03-31,5.0,5.0,5.0,4.0,5.0,5.0,0.35,4,0
2268,1513541950692153233,2026-06-24,city scrape,Peaceful Queen Bed+Workspace. Near Downtown Ottawa,701372802,Fahad,1,0,0,9,"Ottawa, Canada",f,4,t,Rideau-Rockcliffe,45.42860394047775,-75.65585038093013,Private room in home,Private room,2,2.0,1.0,1.0,47.2,2026-07-19,2026-08-18,1415.91,47.2,30.0,365.0,t,5,35,65,340,2026-06-24,0,0,0,10,10,4.8,4.8,4.9,4.9,4.8,4.7,1.8,4,0
2269,1513561873071530227,2026-06-24,city scrape,Aesthetic Queen Bed+Workspace-Near Downtown Ottawa,701372802,Fahad,1,0,0,9,"Ottawa, Canada",f,4,t,Rideau-Rockcliffe,45.429240667675145,-75.65441013175051,Private room in home,Private room,2,2.0,1.0,1.0,45.85,2026-08-09,2026-09-08,1375.42,45.85,30.0,365.0,t,0,14,44,319,2026-06-24,2,2,1,2025-12-01,2026-05-30,3.0,2.5,3.0,3.0,3.0,3.0,0.29,4,0
2270,1513951785842108755,2026-06-24,city scrape,Room - minutes from the Airport and Downtown,719856278,Ky,0,9,0,9,"Ottawa, Canada",f,1,t,Knoxdale-Merivale,45.32517818801541,-75.7780733332325,Private room in townhouse,Private room,1,1.4,1.0,1.0,101.0,2026-06-27,2026-06-28,101.0,101.0,1.0,120.0,t,27,57,87,362,2026-06-24,5,5,3,2025-09-21,2026-05-19,5.0,5.0,5.0,5.0,4.6,5.0,0.54,1,0
2271,1515266729995240904,2026-06-24,city scrape,Cozy & Peaceful Ground-Floor Space Near Hospitals,185050703,Alp,8,2,0,7,"Ottawa, Canada",t,1,t,Alta Vista,45.40170364475163,-75.62686901539564,Private room in townhouse,Private room,2,1.5,1.0,1.0,71.0,2026-07-05,2026-07-07,142.0,71.0,1.0,1125.0,t,4,20,26,301,2026-06-24,18,18,2,2025-12-28,2026-06-20,4.94,5.0,5.0,4.94,4.83,4.78,3.02,1,0
2272,1516010064385111265,2026-06-24,city scrape,Retreat & Recharge | Private Pool + Hot Tub Oasis,53873054,John,10,5,0,7,"Ottawa, Canada",t,3,t,College,45.36445,-75.75204,Entire home,Entire home/apt,6,1.0,3.0,3.0,1347.0,2026-06-29,2026-06-30,1347.0,1347.0,1.0,1125.0,t,21,45,75,350,2026-06-24,36,36,5,2025-12-03,2026-06-15,4.81,4.81,4.86,4.92,4.86,4.69,5.29,3,3
2273,1516062143911383472,2026-06-24,city scrape,Garden City Farm: The Oval Blue Room,431625336,Bethany,4,7,4,7,"Ottawa, Canada",f,2,t,Rideau-Goulbourn,45.18443,-75.85585,Private room in bed and breakfast,Private room,2,1.0,1.0,1.0,135.0,2026-06-25,2026-06-27,270.0,135.0,2.0,7.0,t,29,59,89,361,2026-06-24,8,8,0,2026-02-15,2026-05-31,4.88,4.75,5.0,4.88,4.63,5.0,1.85,2,0
2274,1516075442017546721,2026-06-24,city scrape,Garden City Farm: The Pigeon Room,431625336,Bethany,4,7,4,7,"Ottawa, Canada",f,2,t,Rideau-Goulbourn,45.18492,-75.85581,Private room in bed and breakfast,Private room,2,1.0,1.0,1.0,116.5,2026-06-25,2026-06-27,233.0,116.5,2.0,7.0,t,28,53,83,358,2026-06-24,9,9,0,2026-02-15,2026-06-14,5.0,4.89,5.0,5.0,5.0,5.0,2.08,2,0
2275,1516132854390527191,2026-06-24,city scrape,Cozy unit near airport with free parking in Ottawa,683991369,Julietta,1,3,0,9,"Ottawa, Canada",t,1,t,River,45.34639,-75.67483,Entire guest suite,Entire home/apt,3,1.0,1.0,1.0,149.0,2026-06-24,2026-06-25,149.0,149.0,1.0,365.0,t,11,35,56,326,2026-06-24,91,91,49,2025-09-25,2026-06-22,4.98,4.98,4.97,4.98,4.93,4.97,10.0,1,1
2276,1516993377472227292,2026-06-24,city scrape,Work-Ready 1BR | Desk + Fast Wi-Fi + Parking,720568001,Claude,0,9,0,8,"Ottawa, Canada",f,1,t,Rideau-Rockcliffe,45.4270657,-75.6569232,Entire rental unit,Entire home/apt,2,1.0,1.0,1.0,93.1,2026-08-02,2026-09-01,2793.1,93.1,30.0,365.0,t,0,21,30,275,2026-06-24,0,0,0,10,10,4.8,4.8,4.9,4.9,4.8,4.7,1.8,1,1
2277,1517672135232604815,2026-06-24,city scrape,Spacious private basement suite,403047905,Sharmilee,5,1,5,1,"Ottawa, Canada",f,8,t,Barrhaven,45.25413,-75.74027,Private room in home,Private room,2,1.0,2.0,1.0,76.22,2026-06-24,2026-07-24,2286.69,76.22,30.0,365.0,t,30,60,90,365,2026-06-24,0,0,0,10,10,4.8,4.8,4.9,4.9,4.8,4.7,1.8,4,1
2278,1517988352543136486,2026-06-24,city scrape,"Single house - close to downtown, shops, hospital",67330347,Alain,10,2,0,6,"Ottawa, Canada",f,1,t,Alta Vista,45.39328,-75.65219,Entire home,Entire home/apt,6,2.0,2.0,3.0,148.43,2026-10-21,2026-11-20,4453.0,148.43,30.0,1125.0,t,6,12,14,260,2026-06-24,3,3,0,2026-02-10,2026-06-13,5.0,5.0,5.0,5.0,5.0,5.0,0.67,1,1
2279,1519058531690652705,2026-06-24,city scrape,Modern Renovated 3BR | Long-Term Stay | Workspace,466089949,Julie,3,11,1,0,"Ottawa, Canada",f,3,t,Rideau-Vanier,45.43561,-75.66679,Entire rental unit,Entire home/apt,5,1.0,3.0,3.0,143.85,2026-07-02,2026-08-02,4459.28,143.85,31.0,365.0,t,22,52,82,357,2026-06-24,0,0,0,10,10,4.8,4.8,4.9,4.9,4.8,4.7,1.8,3,3
2280,1519205908514037049,2026-06-24,city scrape,Cozy Stay Near Kanata in Nepean,656036045,Samander,1,8,0,8,"Ottawa, Canada",f,2,t,College,45.31728,-75.82905,Private room in home,Private room,2,1.0,1.0,1.0,44.25,2026-09-01,2026-10-01,1327.41,44.25,30.0,365.0,t,0,0,21,296,2026-06-24,0,0,0,10,10,4.8,4.8,4.9,4.9,4.8,4.7,1.8,2,0
2281,1519541814005174709,2026-06-24,city scrape,Cozy Room # 3,494353067,Maryam,3,5,2,9,"Ottawa, Canada",t,2,t,Knoxdale-Merivale,45.36490728988833,-75.71931841018812,Private room in home,Private room,2,1.0,1.0,1.0,47.93,2026-07-17,2026-08-16,1438.03,47.93,30.0,60.0,t,14,44,74,349,2026-06-24,0,0,0,10,10,4.8,4.8,4.9,4.9,4.8,4.7,1.8,2,0
2282,1519874796526930380,2026-06-24,city scrape,Beautiful Home in Ottawa,486026361,Victor,3,7,3,6,"Ottawa, Canada",f,18,t,Innes,45.44336888685335,-75.5187813651017,Private room in home,Private room,2,1.5,1.0,1.0,43.7,2026-08-18,2026-09-17,1311.0,43.7,30.0,365.0,t,23,28,58,333,2026-06-24,1,1,0,2026-05-11,2026-05-11,5.0,4.0,5.0,5.0,4.0,4.0,0.67,18,1
2283,1519881317508515236,2026-06-24,city scrape,Stylish Home in Ottawa,486026361,Victor,3,7,3,6,"Ottawa, Canada",f,18,t,Innes,45.44401716739671,-75.519595958698,Private room in home,Private room,2,1.5,1.0,1.0,40.17,2026-07-01,2026-07-31,1205.0,40.17,30.0,365.0,t,23,53,83,358,2026-06-24,1,1,1,2025-12-12,2025-12-12,5.0,5.0,5.0,5.0,5.0,5.0,0.15,18,1
2284,1519886221765560485,2026-06-24,city scrape,Elegant Home in Ottawa,486026361,Victor,3,7,3,6,"Ottawa, Canada",f,18,t,Innes,45.443899599403885,-75.52017950266007,Private room in home,Private room,2,1.5,1.0,1.0,40.17,2026-07-31,2026-08-30,1205.0,40.17,30.0,365.0,t,6,29,59,334,2026-06-24,1,1,0,2026-05-20,2026-05-20,5.0,5.0,5.0,5.0,5.0,5.0,0.83,18,1
2285,1519892287547902708,2026-06-24,city scrape,A perfect place for you in Ottawa,486026361,Victor,3,7,3,6,"Ottawa, Canada",f,18,t,Innes,45.44504,-75.52077,Private room in home,Private room,2,1.5,1.0,1.0,40.17,2026-08-31,2026-09-30,1205.0,40.17,30.0,365.0,t,0,0,22,297,2026-06-24,0,0,0,10,10,4.8,4.8,4.9,4.9,4.8,4.7,1.8,18,1
2286,1519916392818399522,2026-06-24,city scrape,Very Clean Home in Ottawa,486026361,Victor,3,7,3,6,"Ottawa, Canada",f,18,t,Barrhaven,45.25078595382719,-75.75982012785082,Private room in home,Private room,2,1.5,1.0,1.0,73.57,2026-06-24,2026-07-24,2207.0,73.57,30.0,365.0,t,30,60,90,365,2026-06-24,0,0,0,10,10,4.8,4.8,4.9,4.9,4.8,4.7,1.8,18,1
2287,1520442231475101313,2026-06-24,city scrape,Private Basement Suite - Free Parking & Fast WiFi,114629907,Ben,9,4,0,5,"Ottawa, Canada",t,1,t,Cumberland,45.47521,-75.46595,Private room in guest suite,Private room,2,1.0,1.0,1.0,86.0,2026-07-11,2026-07-13,172.0,86.0,2.0,365.0,t,12,24,49,319,2026-06-24,44,44,0,2026-01-19,2026-06-19,4.93,4.91,4.89,4.86,4.84,4.91,8.41,1,0
2288,1520561855048059682,2026-06-24,city scrape,"Comfortable, chic fully furnished house.",169755097,Nadia,8,5,0,8,"Toronto, Canada",f,1,t,Orleans,45.4798,-75.46427,Entire home,Entire home/apt,8,2.5,4.0,5.0,173.3,2026-07-01,2026-07-03,2246.7,173.3,2.0,28.0,f,23,50,80,355,2026-06-24,0,0,0,10,10,4.8,4.8,4.9,4.9,4.8,4.7,1.8,1,1
2289,1521231994285627803,2026-06-24,city scrape,Room in a speciousTownhouse,557876987,Raj,2,5,2,3,"Ottawa, Canada",f,1,t,Barrhaven,45.27107,-75.77244,Private room in home,Private room,2,1.0,1.0,1.0,99.4,2026-06-24,2026-07-24,2982.0,99.4,30.0,365.0,t,30,60,90,365,2026-06-24,0,0,0,10,10,4.8,4.8,4.9,4.9,4.8,4.7,1.8,1,0
2290,1521277620868590074,2026-06-24,city scrape,Room near airport and transit,2909147,Fuad,13,11,0,8,"Ottawa, Canada",f,1,t,River,45.34693,-75.66237,Private room in home,Private room,1,1.5,1.0,1.0,37.14,2026-06-24,2026-07-24,1114.14,37.14,30.0,60.0,t,30,60,90,365,2026-06-24,0,0,0,10,10,4.8,4.8,4.9,4.9,4.8,4.7,1.8,1,0
2291,1522006008492674482,2026-06-24,city scrape,1 Bedroom Coach House In Centertown,85297148,Short And Suite BnB,9,11,9,4,"Ottawa, Canada",t,51,t,Somerset,45.41141,-75.696,Entire rental unit,Entire home/apt,2,1.0,1.0,1.0,89.21,2026-06-24,2026-07-24,2676.33,89.21,30.0,365.0,t,30,60,69,69,2026-06-24,1,1,1,2025-11-26,2025-11-26,4.0,4.0,4.0,4.0,5.0,4.0,0.14,28,28
2292,1522809506476096337,2026-06-24,city scrape,Hintonburg Long Term Stay - From September 2026,8870600,Michela,12,9,0,2,"Ottawa, Canada",f,1,t,Kitchissippi,45.40696,-75.72946,Entire rental unit,Entire home/apt,4,1.0,3.0,3.0,173.3,2026-08-30,2026-09-29,2246.7,173.3,30.0,160.0,f,0,0,23,298,2026-06-24,0,0,0,10,10,4.8,4.8,4.9,4.9,4.8,4.7,1.8,1,1
2293,1523576595507648505,2026-06-24,city scrape,Cozy Room # 2,494353067,Maryam,3,5,2,9,"Ottawa, Canada",t,2,t,Knoxdale-Merivale,45.36483534633861,-75.71916318009626,Private room in home,Private room,2,1.0,1.0,1.0,48.84,2026-07-08,2026-08-07,1465.13,48.84,30.0,60.0,t,16,46,76,351,2026-06-24,1,1,1,2025-12-01,2025-12-01,5.0,5.0,5.0,5.0,5.0,5.0,0.15,2,0
2294,1523986446090418078,2026-06-24,city scrape,Comfy & Peaceful Queen Bed. Near Downtown Ottawa.,210023080,Ali,7,10,2,7,"Ottawa, Canada",f,6,t,Rideau-Rockcliffe,45.42907,-75.65477,Private room in home,Private room,2,2.0,1.0,1.0,43.31,2026-08-14,2026-09-13,1299.2,43.31,30.0,365.0,t,14,23,53,328,2026-06-24,0,0,0,10,10,4.8,4.8,4.9,4.9,4.8,4.7,1.8,6,0
2295,1525581406708052710,2026-06-24,city scrape,Spacious Newly Renovated Suite Near Airport,90613568,Nitasha,9,10,0,8,"Ottawa, Canada",t,1,t,River,45.3526955,-75.6602175,Entire rental unit,Entire home/apt,3,1.0,2.0,2.0,85.4,2026-12-31,2027-01-30,2561.91,85.4,30.0,365.0,t,4,4,4,179,2026-06-24,4,4,1,2025-11-24,2026-05-08,5.0,5.0,5.0,5.0,5.0,5.0,0.56,1,1
2296,1525698187035020603,2026-06-24,city scrape,New! Near Civic Hosp + public transport. Parking,687060767,Maya,1,2,0,8,"Ottawa, Canada",f,2,t,Kitchissippi,45.40341668321648,-75.73046263307333,Entire home,Entire home/apt,6,1.5,3.0,4.0,142.03,2026-12-20,2027-01-19,4260.99,142.03,30.0,365.0,t,5,12,12,204,2026-06-24,3,3,1,2025-12-21,2026-06-19,5.0,5.0,5.0,5.0,5.0,5.0,0.48,2,2
2297,1525743818100940584,2026-06-24,city scrape,Spacious 4-Bed Townhouse w/Parking,557985284,Leslie,2,5,2,5,"Ottawa, Canada",f,1,t,Rideau-Rockcliffe,45.4432223,-75.67143970000001,Entire home,Entire home/apt,8,2.5,4.0,4.0,434.0,2026-07-13,2026-07-14,434.0,434.0,1.0,1125.0,t,2,5,21,192,2026-06-24,36,36,9,2025-10-16,2026-06-07,4.42,4.67,4.83,4.36,4.5,4.47,4.29,1,1
2298,1526139119920703549,2026-06-24,city scrape,Private Cozy 3 Bedroom Unit. All inclusive,714963400,Jems,0,10,0,10,"Ottawa, Canada",f,4,t,Barrhaven,45.25117322395413,-75.75890676341379,Entire home,Entire home/apt,6,1.4,3.0,3.0,272.0,2026-06-24,2026-06-25,272.0,272.0,1.0,365.0,t,10,37,67,342,2026-06-24,23,23,17,2025-10-21,2026-05-31,4.26,4.57,4.39,4.52,4.35,4.17,2.79,4,1
2299,1526257927409789379,2026-06-24,city scrape,Urban Community - Wateridge/Rockcliffe,722493822,Geoff,0,8,0,6,"Ottawa, Canada",f,1,t,Rideau-Rockcliffe,45.45255592555426,-75.6303065042103,Entire townhouse,Entire home/apt,4,1.0,2.0,3.0,92.75,2026-09-19,2026-10-19,2782.59,92.75,30.0,90.0,t,0,16,19,120,2026-06-24,1,1,0,2026-05-17,2026-05-17,5.0,5.0,5.0,5.0,5.0,5.0,0.77,1,1
2300,1526871066979532466,2026-06-24,city scrape,Exclusive Estate w. Wraparound Balcony & PoolTable,52810809,Natalie,10,5,4,10,"Ottawa, Canada",f,31,t,College,45.34897,-75.73668,Entire home,Entire home/apt,14,2.5,6.0,7.0,109.53,2026-10-30,2026-11-29,3286.0,109.53,30.0,365.0,t,0,0,0,237,2026-06-24,0,0,0,10,10,4.8,4.8,4.9,4.9,4.8,4.7,1.8,21,21
2301,1527009164886062153,2026-06-24,city scrape,Spacious basement apt. 10 mins to CHEO & Hospital,52546906,Andy,10,5,0,6,"Ottawa, Canada",f,1,t,Alta Vista,45.39652,-75.63786,Entire rental unit,Entire home/apt,2,1.0,1.0,2.0,120.0,2026-09-13,2026-09-15,240.0,120.0,1.0,28.0,t,0,0,11,11,2026-06-24,10,10,2,2025-12-06,2026-06-21,5.0,5.0,4.9,5.0,4.9,5.0,1.49,1,1
2302,1527024348819398310,2026-06-24,city scrape,Cozy Private Room in quiet Home | Good Location,199186604,Malcolm,7,11,5,10,"Ottawa, Canada",f,1,t,Barrhaven,45.24482,-75.73894,Private room in home,Private room,1,1.0,1.0,1.0,50.09,2026-06-27,2026-07-27,1502.63,50.09,30.0,60.0,t,27,57,87,87,2026-06-24,0,0,0,10,10,4.8,4.8,4.9,4.9,4.8,4.7,1.8,1,0
2303,1527655979704986556,2026-06-24,city scrape,Cozy Hintonburg Apartment,287509890,Johanne,6,10,0,8,"Ottawa, Canada",f,2,t,Kitchissippi,45.4015482,-75.7230969,Entire rental unit,Entire home/apt,4,1.0,2.0,2.0,36.66,2026-10-01,2026-12-30,3299.0,36.66,30.0,182.0,t,0,22,52,326,2026-06-24,0,0,0,10,10,4.8,4.8,4.9,4.9,4.8,4.7,1.8,1,1
2304,1531680371437370241,2026-06-24,city scrape,"Ottawa Barrhaven home,3BR 2.5BA | Loft+Balcony",723922324,Lily,0,8,0,0,"Ottawa, Canada",f,1,t,Barrhaven,45.26025,-75.75598,Entire home,Entire home/apt,6,2.5,3.0,3.0,148.97,2026-08-22,2026-09-21,4468.96,148.97,30.0,365.0,t,3,4,34,309,2026-06-24,0,0,0,10,10,4.8,4.8,4.9,4.9,4.8,4.7,1.8,1,1
2305,1531853867394041767,2026-06-24,city scrape,Waterfront Oasis in the Heart of Ottawa,426444503,Colleen,4,8,0,8,"Ottawa, Canada",f,1,t,Bay,45.35793,-75.80556,Private room in home,Private room,2,1.0,1.0,1.0,142.67,2026-06-29,2026-07-02,428.0,142.67,3.0,365.0,t,25,50,80,355,2026-06-24,0,0,0,10,10,4.8,4.8,4.9,4.9,4.8,4.7,1.8,1,0
2306,1531899849392953282,2026-06-24,city scrape,Private 2-acre forest retreat near Ottawa,257869858,Bara,7,1,4,2,"Ottawa, Canada",t,2,t,West Carleton-March,45.30565,-76.07852,Entire home,Entire home/apt,8,2.5,4.0,4.0,582.76,2026-06-28,2026-07-01,1748.28,582.76,2.0,365.0,t,14,26,47,278,2026-06-24,14,14,2,2025-11-28,2026-06-07,4.93,4.93,5.0,5.0,5.0,4.86,2.01,2,2
2307,1531938380765443265,2026-06-24,city scrape,5BD Retreat | Near Bayshore & Trails,475319012,Jasmine,3,10,3,10,"Ottawa, Canada",t,13,t,Bay,45.34753199180318,-75.83629245280308,Entire home,Entire home/apt,8,3.0,5.0,6.0,243.06,2026-08-11,2026-09-10,7291.92,243.06,30.0,365.0,t,12,24,54,329,2026-06-24,1,1,0,2026-02-25,2026-02-25,5.0,5.0,5.0,5.0,5.0,5.0,0.25,10,10
2308,1532041464135605295,2026-06-24,city scrape,Charming 1‑Bedroom Getaway in a Peaceful Townhome,711000861,Eve,0,10,0,2,"Ottawa, Canada",f,1,t,Stittsville-Kanata West,45.27732,-75.89446,Private room in townhouse,Private room,2,1.0,1.0,1.0,64.82,2026-06-24,2026-07-24,1944.59,64.82,30.0,31.0,t,30,60,90,335,2026-06-24,0,0,0,10,10,4.8,4.8,4.9,4.9,4.8,4.7,1.8,1,0
2309,1532537384835935563,2026-06-24,city scrape,Modern Apartment in Ottawa,75569268,George,10,0,8,4,"Gatineau, Canada",f,1,t,Rideau-Vanier,45.43873230481694,-75.65903863130251,Entire rental unit,Entire home/apt,6,2.0,2.0,3.0,242.0,2026-07-20,2026-07-21,242.0,242.0,1.0,1125.0,t,5,17,43,144,2026-06-24,65,65,23,2025-10-29,2026-06-03,4.45,4.55,4.72,4.68,4.68,4.57,8.16,1,1
2310,1532616687793188818,2026-06-24,city scrape,Cozy Retreat in the Heart of Altavista 3,27169033,Emma,11,4,2,9,"Ottawa, Canada",f,2,t,Alta Vista,45.39552,-75.66616,Private room in home,Private room,1,1.0,1.0,1.0,53.1,2026-08-30,2026-09-29,1592.89,53.1,30.0,365.0,t,0,0,23,298,2026-06-24,0,0,0,10,10,4.8,4.8,4.9,4.9,4.8,4.7,1.8,2,0
2311,1532666501579761777,2026-06-24,city scrape,Cozy 1BR Walkout Apartment – Your home in Kanata!,198818298,Beverly,7,11,0,7,"Ottawa, Canada",f,1,t,Kanata South,45.2843,-75.88443,Entire rental unit,Entire home/apt,2,1.0,1.0,2.0,153.0,2026-07-15,2026-07-17,306.0,153.0,2.0,1125.0,t,6,18,45,218,2026-06-24,17,17,4,2025-12-04,2026-06-14,5.0,4.94,4.94,5.0,5.0,4.94,2.51,1,1
2312,1533296773458514591,2026-06-24,city scrape,3 Bedrooms Downtown Apartment,714834159,"Atallah,Khalil Atallah",0,10,0,10,"Ottawa, Canada",f,1,t,Rideau-Vanier,45.4329377,-75.6850789,Entire rental unit,Entire home/apt,8,1.0,3.0,4.0,342.0,2026-06-24,2026-06-25,342.0,342.0,1.0,365.0,t,7,13,13,13,2026-06-24,7,7,2,2025-11-09,2026-06-06,4.29,4.57,4.57,4.43,4.71,4.14,0.92,1,1
2313,1533630725734172677,2026-06-24,city scrape,House w/Garage - near Rockcliffe - For two,495868774,Salim,3,5,0,10,"Ottawa, Canada",t,2,t,Rideau-Rockcliffe,45.45213918244664,-75.63151055975536,Entire home,Entire home/apt,2,1.5,1.0,1.0,232.0,2026-07-13,2026-07-16,696.0,232.0,2.0,1125.0,t,5,22,40,40,2026-06-24,9,9,4,2025-11-07,2026-05-06,5.0,5.0,5.0,5.0,4.89,5.0,1.17,2,2
2314,1534299739275998331,2026-06-24,city scrape,Uottawa Room Steps parliament hill & Rideau center,146743514,Frits,8,10,8,2,"Mexicali, Mexico",f,74,t,Rideau-Vanier,45.4217995950724,-75.68045976234156,Private room in rental unit,Private room,1,2.0,1.0,1.0,100.53,2026-06-24,2026-07-24,3015.88,100.53,30.0,365.0,t,30,60,90,365,2026-06-24,0,0,0,10,10,4.8,4.8,4.9,4.9,4.8,4.7,1.8,28,0
2315,1535021624544608733,2026-06-24,city scrape,"Luxury 2BR, Private Entry, Parking, Near Airport.",175897509,Olu,8,3,0,2,"Ottawa, Canada",f,1,t,Osgoode,45.3209,-75.58509,Entire guest suite,Entire home/apt,4,1.0,2.0,2.0,231.0,2026-06-24,2026-06-25,231.0,231.0,1.0,365.0,t,18,40,68,343,2026-06-24,4,4,0,2026-05-14,2026-05-28,5.0,5.0,5.0,5.0,5.0,5.0,2.86,1,1
2316,1536364193556660724,2026-06-24,city scrape,Cozy 2-bedroom in Ottawa with free parking,724999389,Triumph Services,0,8,0,8,"Ottawa, Canada",f,1,t,West Carleton-March,45.31732,-76.03815,Entire home,Entire home/apt,4,1.0,2.0,2.0,116.58,2026-06-24,2026-07-24,3497.29,116.58,30.0,365.0,t,30,60,90,365,2026-06-24,0,0,0,10,10,4.8,4.8,4.9,4.9,4.8,4.7,1.8,1,1
2317,1536436598620357261,2026-06-24,city scrape,Casa Veríssimo,724063007,Verissimo,0,8,0,6,"Ottawa, Canada",f,1,t,Gloucester-South Nepean,45.3165296588361,-75.5985165518223,Entire home,Entire home/apt,6,2.5,3.0,3.0,225.96,2026-07-20,2026-07-22,451.91,225.96,2.0,365.0,t,6,13,32,185,2026-06-24,7,7,0,2026-05-18,2026-06-21,4.71,4.86,4.86,4.86,4.71,4.86,5.53,1,1
2318,1536471553172706989,2026-06-24,city scrape,Cassie’s House,725030394,Filipe,0,8,0,7,"Ottawa, Canada",f,1,t,Innes,45.43704,-75.51266,Entire home,Entire home/apt,6,2.5,3.0,3.0,240.0,2026-08-31,2026-09-02,480.0,240.0,2.0,365.0,t,1,3,14,262,2026-06-24,27,27,1,2025-12-20,2026-06-21,4.89,4.93,4.81,4.85,4.78,4.85,4.33,1,1
2319,1536509060034573997,2026-06-24,city scrape,Beachwood Village Retreat,725038986,Jeff,0,8,0,8,"Ottawa, Canada",f,1,t,Rideau-Vanier,45.43961,-75.66517,Entire home,Entire home/apt,6,1.0,3.0,3.0,98.47,2026-10-19,2026-11-18,2954.0,98.47,30.0,365.0,t,3,4,9,257,2026-06-24,3,3,0,2026-02-28,2026-06-15,5.0,5.0,5.0,5.0,5.0,4.67,0.77,1,1
2320,1536549405716209680,2026-06-24,city scrape,Bright & Cozy-Chic Home in Findlay Creek Ottawa,283820416,Dr. Ben,6,10,0,8,"Ottawa, Canada",f,1,t,Osgoode,45.30364,-75.59705,Entire rental unit,Entire home/apt,2,1.0,1.0,3.0,73.08,2026-07-01,2026-07-31,2192.44,73.08,30.0,90.0,t,23,35,50,140,2026-06-24,1,1,0,2026-02-28,2026-02-28,5.0,5.0,5.0,5.0,5.0,5.0,0.26,1,1
2321,1537267818579562578,2026-06-24,city scrape,King bed - (#e)Private Room in Ottawa,406099841,Shiva,5,0,0,9,"Ottawa, Canada",f,4,t,Stittsville-Kanata West,45.26388,-75.89636,Private room in townhouse,Private room,2,1.0,2.0,1.0,67.0,2026-06-25,2026-06-26,67.0,67.0,1.0,1125.0,t,24,51,72,72,2026-06-24,40,40,11,2025-11-07,2026-06-19,4.68,4.88,4.8,4.8,4.68,4.8,5.22,2,0
2322,1537662115997930802,2026-06-24,city scrape,Spacieux et élégant appartement privé au sous-sol,526174822,Kiki,2,11,0,8,"Ottawa, Canada",f,1,t,Barrhaven,45.23965,-75.72932,Entire home,Entire home/apt,3,1.0,1.0,2.0,77.11,2026-09-01,2026-10-01,2313.24,77.11,30.0,365.0,t,0,0,21,296,2026-06-24,0,0,0,10,10,4.8,4.8,4.9,4.9,4.8,4.7,1.8,1,1
2323,1538002264466440147,2026-06-24,city scrape,Stylish 2BR Suite · Own Entrance · Findlay Creek,724292051,Simon,0,8,0,8,"Ottawa, Canada",f,2,t,Gloucester-South Nepean,45.304,-75.60033,Entire guest suite,Entire home/apt,4,1.0,2.0,2.0,108.21,2026-11-01,2026-12-01,3246.15,108.21,30.0,1125.0,t,0,0,0,235,2026-06-24,1,1,0,2026-05-05,2026-05-05,5.0,5.0,5.0,5.0,5.0,5.0,0.59,2,1
2324,1538445737246374605,2026-07-02,previous scrape,Spacious Single Nest in Centertown,678126070,Bed & Coffee,1,4,0,7,"Ottawa, Canada",f,2,t,Rideau-Vanier,45.43129,-75.66632,Private room in home,Private room,1,1.4,1.0,2.0,32.23,2026-07-02,2026-08-01,967.02,32.23,30.0,365.0,t,30,60,60,303,2026-07-02,1,1,0,2026-05-31,2026-05-31,3.0,2.0,4.0,5.0,3.0,4.0,0.91,1,0
2325,1539192031284965988,2026-06-24,city scrape,Private single or double steps Uottawa &Parliament,510569116,Carlos,3,2,3,2,"Ottawa, Canada",f,47,t,Rideau-Vanier,45.42242,-75.6787,Private room in rental unit,Private room,1,2.0,1.0,1.0,38.65,2026-06-24,2026-07-24,1159.5,38.65,30.0,365.0,t,30,60,90,365,2026-06-24,0,0,0,10,10,4.8,4.8,4.9,4.9,4.8,4.7,1.8,26,0
2326,1542288970769153835,2026-06-24,city scrape,Executive Suite 3BR - Close to Downtown Ottawa,530679155,Oliver,2,10,2,7,"Ottawa, Canada",f,5,t,Rideau-Rockcliffe,45.4403775,-75.6790098,Entire rental unit,Entire home/apt,6,1.0,3.0,3.0,137.09,2026-07-18,2026-08-17,4112.66,137.09,30.0,365.0,t,6,36,66,340,2026-06-24,1,1,0,2026-03-02,2026-03-02,5.0,5.0,5.0,5.0,5.0,5.0,0.26,2,2
2327,1542348055697931810,2026-06-24,city scrape,2 King Beds - 2 Private Rooms in Ottawa,406099841,Shiva,5,0,0,9,"Ottawa, Canada",f,4,t,Stittsville-Kanata West,45.26445,-75.89514,Private room in townhouse,Private room,4,1.0,2.0,2.0,149.0,2026-06-25,2026-06-26,149.0,149.0,1.0,1125.0,t,16,36,57,57,2026-06-24,26,26,4,2025-11-30,2026-06-13,4.69,4.77,4.96,4.69,4.73,4.77,3.77,2,0
2328,1542372208762585318,2026-06-24,city scrape,Modern 2BR Townhome w/ Garage – Orleans/Ottawa,153770045,Odette,8,8,0,7,"Ottawa, Canada",f,1,t,Cumberland,45.498235,-75.466359,Entire home,Entire home/apt,4,2.5,2.0,2.0,143.48,2026-08-10,2026-09-09,4304.36,143.48,30.0,360.0,t,0,13,43,318,2026-06-24,0,0,0,10,10,4.8,4.8,4.9,4.9,4.8,4.7,1.8,1,1
2329,1542725781246366266,2026-06-24,city scrape,Basement Studio Point Vidame.,466743267,Oludare,3,11,0,7,"Ottawa, Canada",f,1,t,Osgoode,45.24394,-75.62847,Entire rental unit,Entire home/apt,2,1.0,1.0,1.0,106.4,2026-06-25,2026-07-25,3191.98,106.4,30.0,365.0,t,29,59,89,89,2026-06-24,0,0,0,10,10,4.8,4.8,4.9,4.9,4.8,4.7,1.8,1,1
2330,1542876220881244774,2026-07-02,previous scrape,Modern luxe escape in Ottawa | mins to Tanger&CTC,726516335,Abby,0,8,0,3,"Ottawa, Canada",f,1,t,West Carleton-March,45.31209731599421,-76.04061130854507,Entire home,Entire home/apt,4,1.4,2.0,2.0,338.0,2026-08-04,2026-08-06,676.0,338.0,1.0,28.0,t,1,25,28,28,2026-07-02,9,9,0,2026-04-19,2026-06-26,5.0,4.89,5.0,5.0,4.89,5.0,3.6,1,1
2331,1543083190924916663,2026-06-24,city scrape,Modern Comfort Meets Luxury – Executive Glasshouse,450234698,Modern,4,3,4,3,"Ottawa, Canada",f,7,t,Orleans,45.48507,-75.48052,Entire home,Entire home/apt,8,3.5,4.0,4.0,889.0,2026-07-19,2026-07-20,889.0,889.0,1.0,365.0,t,5,22,52,224,2026-06-24,13,13,4,2025-11-29,2026-06-06,4.92,4.92,5.0,4.92,5.0,4.85,1.88,7,7
2332,1543595804527408747,2026-07-02,previous scrape,Executive Style Apartment,417799875,Louise,4,10,1,9,"Ottawa, Canada",f,7,t,Stittsville-Kanata West,45.27826096965618,-75.91412594822799,Entire rental unit,Entire home/apt,6,1.4,3.0,2.0,51.53,2026-08-21,2026-11-19,4638.0,51.53,90.0,365.0,t,0,10,40,315,2026-07-02,0,0,0,10,10,4.8,4.8,4.9,4.9,4.8,4.7,1.8,7,7
2333,1543621127922875723,2026-06-24,city scrape,Modern Central 2 Bedroom condo with Free Parking,16029536,Korosh,12,0,5,11,"Ottawa, Canada",f,11,t,Rideau-Vanier,45.44285625319522,-75.65684932752993,Entire rental unit,Entire home/apt,4,1.0,2.0,2.0,77.32,2026-07-11,2026-08-10,2319.65,77.32,30.0,365.0,t,13,35,35,35,2026-06-24,1,1,0,2026-02-01,2026-02-01,5.0,5.0,5.0,5.0,5.0,5.0,0.21,7,6
2334,1544554399961030524,2026-07-02,previous scrape,Cozy & Modern 3-Bed Home Near Downtown & Hospital,426736720,Natalie,4,8,1,9,"Ottawa, Canada",f,1,t,Orleans,45.46913,-75.54784,Entire home,Entire home/apt,4,1.4,2.0,2.0,173.3,0000-00-00,"""0000-00-00""",2246.7,173.3,1.0,90.0,t,0,0,0,0,2026-07-02,8,8,3,2025-12-15,2026-02-22,4.63,4.5,4.5,5.0,5.0,4.75,1.2,1,1
2335,1544832779443262565,2026-06-24,city scrape,Private Single Or Double Room Across Uottawa,510569116,Carlos,3,2,3,2,"Ottawa, Canada",f,47,t,Rideau-Vanier,45.42205924029383,-75.67915201159623,Private room in rental unit,Private room,1,2.0,1.0,1.0,42.84,2026-06-24,2026-07-24,1285.18,42.84,30.0,365.0,t,30,60,90,365,2026-06-24,1,1,1,2025-11-26,2025-11-26,5.0,5.0,5.0,5.0,5.0,5.0,0.14,26,0
2336,1545071082103463789,2026-06-24,city scrape,Modern Private Retreat - Entire Unit AC,53873054,John,10,5,0,7,"Ottawa, Canada",t,3,t,College,45.36357,-75.75183,Entire rental unit,Entire home/apt,2,1.0,1.0,1.0,206.01,2026-06-27,2026-07-15,3708.25,206.01,1.0,1125.0,t,21,40,56,331,2026-06-24,13,13,0,2026-01-24,2026-06-20,4.92,5.0,5.0,5.0,5.0,4.85,2.57,3,3
2337,1545295205997043625,2026-06-24,city scrape,New! Near Civic Hosp + public transport.,687060767,Maya,1,2,0,8,"Ottawa, Canada",f,2,t,Kitchissippi,45.40425,-75.73161,Entire rental unit,Entire home/apt,2,1.0,1.0,1.0,72.12,2026-12-21,2027-01-20,2163.68,72.12,30.0,365.0,t,0,0,0,185,2026-06-24,1,1,0,2026-02-19,2026-02-19,5.0,5.0,5.0,5.0,5.0,5.0,0.24,2,2
2338,1545678599696926062,2026-06-24,city scrape,Modern Downtown Studio Retreat,37253652,Ameer,10,11,8,11,"Ottawa, Canada",f,10,t,Kitchissippi,45.40833420588681,-75.73323960730845,Entire home,Entire home/apt,2,1.0,1.0,1.0,127.62,2026-06-30,2026-07-30,3828.48,127.62,30.0,365.0,t,24,54,84,359,2026-06-24,0,0,0,10,10,4.8,4.8,4.9,4.9,4.8,4.7,1.8,9,9
2339,1545854284448837839,2026-06-24,city scrape,Cozy Kanata Haven,253508337,Michelle,7,2,0,7,"Toronto, Canada",f,1,t,Kanata South,45.30699,-75.90239,Entire townhouse,Entire home/apt,6,2.5,3.0,3.0,110.62,2026-06-26,2026-07-26,3318.53,110.62,30.0,90.0,t,28,58,88,170,2026-06-24,0,0,0,10,10,4.8,4.8,4.9,4.9,4.8,4.7,1.8,1,1
2340,1550305924742931769,2026-06-24,city scrape,Modern & Bright 3BR in Westboro | Near Downtown,185264176,Marc,8,2,0,6,"Ottawa, Canada",f,1,t,Kitchissippi,45.3849216,-75.746706,Entire home,Entire home/apt,6,2.5,3.0,3.0,194.13,2026-09-08,2026-10-08,5824.0,194.13,30.0,365.0,t,0,0,14,104,2026-06-24,2,2,0,2026-02-04,2026-04-29,5.0,5.0,5.0,5.0,5.0,5.0,0.43,1,1
2341,1552136956895835731,2026-06-24,city scrape,"201 Cathcart St, Private Studio | Walk to uOttawa",114567457,Daniel,9,4,9,2,"Gatineau, Canada",t,13,t,Rideau-Vanier,45.43414720821431,-75.69389674812555,Entire rental unit,Entire home/apt,2,1.4,1.0,1.0,67.4,2026-07-16,2026-08-15,2022.09,67.4,30.0,365.0,t,8,38,39,235,2026-06-24,3,3,0,2026-01-09,2026-03-15,5.0,5.0,5.0,5.0,5.0,5.0,0.54,2,2
2342,1552395353345563414,2026-06-24,city scrape,"Cute, Clean & Cozy 2-Bedroom in Heart of Downtown",728743123,Willow,0,7,0,7,"Ottawa, Canada",f,1,t,Capital,45.41249,-75.68256,Entire rental unit,Entire home/apt,4,1.0,2.0,2.0,128.12,2026-06-24,2026-07-25,3971.66,128.12,31.0,365.0,t,30,60,90,365,2026-06-24,0,0,0,10,10,4.8,4.8,4.9,4.9,4.8,4.7,1.8,1,1
2343,1552509993399034844,2026-06-24,city scrape,Cozy room space,486026361,Victor,3,7,3,6,"Ottawa, Canada",f,18,t,Innes,45.44494,-75.52109,Private room in home,Private room,2,1.5,1.0,1.0,40.17,2026-06-24,2026-07-24,1205.0,40.17,30.0,365.0,t,30,60,90,365,2026-06-24,0,0,0,10,10,4.8,4.8,4.9,4.9,4.8,4.7,1.8,18,1
2344,1553171456036852591,2026-06-24,city scrape,Chic Hotel-Style Studio by Lansdowne& Rideau Canal,236634083,Domenico,7,5,0,6,"Ottawa, Canada",f,1,t,Capital,45.39677,-75.68594,Entire rental unit,Entire home/apt,2,1.0,1.0,1.0,70.06,2026-12-01,2026-12-31,2101.74,70.06,30.0,365.0,t,0,0,0,96,2026-06-24,1,1,0,2026-04-26,2026-04-26,5.0,5.0,5.0,5.0,5.0,5.0,0.5,1,1
2345,1553685505526348201,2026-06-24,city scrape,Luxury Stay-Minutes from Kanata Tech Hub,253320251,Besha,7,2,7,2,"Ottawa, Canada",t,2,t,West Carleton-March,45.31039,-76.07269,Entire home,Entire home/apt,4,2.5,1.0,2.0,181.32,2026-06-24,2026-07-24,5439.74,181.32,30.0,365.0,t,30,60,90,270,2026-06-24,0,0,0,10,10,4.8,4.8,4.9,4.9,4.8,4.7,1.8,2,2
2346,1553749616538420637,2026-07-02,previous scrape,4Bdrm Stittsville/Kanata Townhouse/Dbl Car Garage,62841595,Pete,10,3,7,10,"Ottawa, Canada",t,2,t,Stittsville-Kanata West,45.2908986,-75.91675359999999,Entire home,Entire home/apt,8,1.4,4.0,2.0,471.0,2026-07-19,2026-07-23,1884.0,471.0,4.0,730.0,t,8,14,31,123,2026-07-02,23,23,4,2025-11-16,2026-06-29,5.0,4.91,4.96,5.0,4.96,4.87,3.01,2,2
2347,1553951970306632772,2026-07-02,previous scrape,Century home in quiet downtown neighborhood,40134741,Tricia,10,11,0,6,"Beachburg, Canada",f,1,t,Rideau-Vanier,45.42972327820951,-75.678105509039,Entire home,Entire home/apt,6,1.4,3.0,2.0,263.67,2026-09-20,2026-09-23,791.0,263.67,3.0,365.0,t,1,1,11,11,2026-07-02,13,13,2,2025-12-27,2026-06-29,4.62,4.92,4.85,4.92,4.69,4.62,2.07,1,1
2348,1554075032028130065,2026-06-24,city scrape,"Sleek & Cozy Basement Suite in Barrhaven, Ottawa",397942212,Toba,5,2,2,1,"Ottawa, Canada",f,2,t,Barrhaven,45.27159,-75.7689,Entire guest suite,Entire home/apt,5,1.0,2.0,2.0,284.0,2026-06-28,2026-06-29,284.0,284.0,1.0,1125.0,t,20,25,55,235,2026-06-24,6,6,1,2025-11-23,2026-06-14,4.83,5.0,5.0,5.0,5.0,4.83,0.84,2,1
2349,1554085374325674070,2026-06-24,city scrape,Comfy Oasis Queen Room in Barrhaven,397942212,Toba,5,2,2,1,"Ottawa, Canada",f,2,t,Barrhaven,45.2722,-75.76967,Private room in guest suite,Private room,2,1.0,1.0,1.0,157.0,2026-06-28,2026-06-29,157.0,157.0,1.0,1125.0,t,20,25,55,235,2026-06-24,3,3,0,2026-02-03,2026-06-08,5.0,5.0,5.0,5.0,5.0,5.0,0.63,2,1
2350,1556134779242146099,2026-06-24,city scrape,3 bedroom (or 2 + office) East-Central Ottawa,1959431,Paul,14,3,11,9,"Ottawa, Canada",f,13,t,Rideau-Vanier,45.44326,-75.66009,Entire home,Entire home/apt,3,1.0,3.0,3.0,82.97,2026-06-24,2026-07-24,2489.0,82.97,30.0,365.0,t,30,60,90,365,2026-06-24,0,0,0,10,10,4.8,4.8,4.9,4.9,4.8,4.7,1.8,13,7
2351,1557471116444081646,2026-06-24,city scrape,"Downtown,2-Room Studio, Private Bath",290148260,Vincent,6,9,6,9,"Ottawa, Canada",t,5,t,Rideau-Rockcliffe,45.44281,-75.67763,Entire home,Entire home/apt,2,1.0,1.0,1.0,35.98,2026-11-30,2026-12-31,1115.49,35.98,31.0,365.0,t,0,0,0,206,2026-06-24,0,0,0,10,10,4.8,4.8,4.9,4.9,4.8,4.7,1.8,5,5
2352,1557669138455865835,2026-06-24,city scrape,Entire 1 bedroom unit-large room East-Central Ott,1959431,Paul,14,3,11,9,"Ottawa, Canada",f,13,t,Rideau-Vanier,45.44285,-75.66105,Entire home,Entire home/apt,2,1.0,1.0,1.0,54.23,2026-06-24,2026-07-24,1627.0,54.23,30.0,365.0,t,30,60,90,365,2026-06-24,0,0,0,10,10,4.8,4.8,4.9,4.9,4.8,4.7,1.8,13,7
2353,1558031019832494306,2026-07-02,previous scrape,The Hintonburg House,147439063,Matthew,8,10,6,9,"Ottawa, Canada",f,1,t,Kitchissippi,45.40546,-75.72777,Entire townhouse,Entire home/apt,4,1.4,2.0,2.0,173.3,0000-00-00,"""0000-00-00""",2246.7,173.3,2.0,29.0,t,23,23,23,23,2026-07-02,20,20,0,2026-02-14,2026-05-31,5.0,5.0,5.0,4.95,5.0,4.95,4.32,2,2
2354,1558409646075390545,2026-06-24,city scrape,Spacious Priv Female only Master Bedroom w/Ensuite,696559946,Bouchra,1,1,0,4,"Ottawa, Canada",f,2,t,Gloucester-Southgate,45.33946,-75.6708,Private room in home,Private room,2,1.0,1.0,1.0,133.0,2026-06-29,2026-07-01,266.0,133.0,2.0,365.0,t,26,56,86,361,2026-06-24,2,2,0,2026-05-17,2026-05-24,5.0,5.0,5.0,5.0,5.0,5.0,1.54,2,0
2355,1559119496112754210,2026-06-24,city scrape,Modern Suite - Walk in Closet - Private Bathroom,718344520,Adam,0,9,0,7,"Ottawa, Canada",f,5,t,Gloucester-Southgate,45.37331534920667,-75.61694663983927,Private room in home,Private room,2,1.5,1.0,1.0,109.0,2026-06-29,2026-06-30,109.0,109.0,1.0,365.0,t,16,43,73,348,2026-06-24,28,28,6,2025-11-27,2026-06-04,4.5,4.64,4.82,4.82,4.79,4.64,4.0,5,0
2356,1560183980441306159,2026-06-24,city scrape,Private Room Across The University Of Ottawa,510569116,Carlos,3,2,3,2,"Ottawa, Canada",f,47,t,Rideau-Vanier,45.42199,-75.67849,Private room in rental unit,Private room,1,2.0,1.0,1.0,68.5,2026-06-24,2026-07-24,2054.89,68.5,30.0,365.0,t,30,60,90,365,2026-06-24,0,0,0,10,10,4.8,4.8,4.9,4.9,4.8,4.7,1.8,26,0
2357,1560660477274903238,2026-06-24,city scrape,Relaxing Room with Warm Modern Vibes-near airport,718344520,Adam,0,9,0,7,"Ottawa, Canada",f,5,t,Gloucester-Southgate,45.374811602680026,-75.61511078637032,Private room in home,Private room,2,1.5,1.0,1.0,92.0,2026-06-24,2026-06-25,92.0,92.0,1.0,365.0,t,26,55,85,359,2026-06-24,17,17,6,2025-11-25,2026-06-10,4.65,4.59,4.94,4.82,4.88,4.65,2.41,5,0
2358,1561142971780860057,2026-07-02,previous scrape,Student rental in Byward Market!,716526505,Ariane,0,10,0,7,"Ottawa, Canada",f,1,t,Rideau-Vanier,45.43201,-75.6936,Private room in home,Private room,1,1.4,1.0,2.0,13.32,2026-07-02,2026-10-30,1598.31,13.32,120.0,120.0,t,30,60,90,365,2026-07-02,0,0,0,10,10,4.8,4.8,4.9,4.9,4.8,4.7,1.8,1,0
2359,1561165968040724840,2026-06-24,city scrape,Kat House 2,3866792,Kathryn,13,8,13,8,"Ottawa, Canada",t,2,t,Rideau-Rockcliffe,45.45131839890592,-75.65938317012532,Private room in home,Private room,2,1.5,1.0,1.0,44.27,2026-08-03,2026-09-02,1328.0,44.27,30.0,365.0,t,0,20,50,265,2026-06-24,1,1,0,2026-03-31,2026-03-31,5.0,5.0,5.0,5.0,5.0,5.0,0.35,2,0
2360,1561764888510383210,2026-06-24,city scrape,"The Keon Hotel, Rm #3 (2 Queen Beds)",710870974,Ryan,0,10,0,10,"Ottawa, Canada",t,6,t,Rideau-Vanier,45.42772,-75.69342,Room in hotel,Private room,2,1.0,1.0,1.0,242.0,2026-06-28,2026-06-29,242.0,242.0,1.0,365.0,t,22,44,74,175,2026-06-24,12,12,0,2026-01-29,2026-06-10,4.92,4.83,4.92,4.92,4.83,4.92,2.45,6,0
2361,1561775525745590180,2026-06-24,city scrape,"Modern Studio| Gloucester, Ottawa",667743087,Guillaume,1,6,1,6,"Ottawa, Canada",f,10,t,Beacon Hill-Cyrville,45.42511,-75.63082,Entire rental unit,Entire home/apt,2,1.0,2.0,1.0,89.35,2026-11-17,2026-12-18,2770.0,89.35,31.0,365.0,t,0,0,0,219,2026-06-24,1,1,0,2026-03-20,2026-03-20,5.0,5.0,5.0,5.0,4.0,5.0,0.31,10,10
2362,1561959495243141088,2026-06-24,city scrape,4BD Home in Orleans w/ Heated Pool,66190971,Luis,10,2,4,8,"Gatineau, Canada",t,64,t,Orleans,45.47342884550521,-75.52812088266914,Entire home,Entire home/apt,8,3.5,4.0,5.0,348.5,2026-06-24,2026-06-26,697.0,348.5,2.0,365.0,t,5,5,5,52,2026-06-24,24,24,0,2026-01-11,2026-06-20,4.92,4.88,5.0,4.92,4.92,4.79,4.36,26,26
2363,1562270970655898433,2026-07-02,previous scrape,"Modern Condo: Steps to Downtown, Airport, Shops",409551845,Marco,4,11,2,9,"Ottawa, Canada",t,2,t,Knoxdale-Merivale,45.33444912304408,-75.74286866628412,Entire rental unit,Entire home/apt,4,1.4,2.0,2.0,173.3,0000-00-00,"""0000-00-00""",2246.7,173.3,5.0,90.0,t,5,8,12,16,2026-07-02,10,10,1,2025-12-12,2026-06-22,4.9,4.8,5.0,5.0,4.8,4.8,1.48,2,2
2364,1562304473958723555,2026-06-24,city scrape,"The Keon Hotel, Rm #4 (King Bed)",710870974,Ryan,0,10,0,10,"Ottawa, Canada",t,6,t,Rideau-Vanier,45.4286043,-75.6944647,Room in hotel,Private room,2,1.0,1.0,1.0,274.0,2026-06-28,2026-06-29,274.0,274.0,1.0,365.0,t,4,23,52,153,2026-06-24,7,7,0,2026-01-28,2026-05-24,5.0,5.0,5.0,5.0,5.0,4.57,1.42,6,0
2365,1562304941876687206,2026-06-24,city scrape,2BR/1.5BA Home For Monthly Stays With Fenced Yard,696668853,Jenn,1,1,0,11,"Ottawa, Canada",t,7,t,Bay,45.3474228,-75.8188424,Entire home,Entire home/apt,4,2.0,2.0,2.0,215.02,2026-08-16,2026-09-15,6450.63,215.02,30.0,1125.0,t,5,12,42,132,2026-06-24,1,1,0,2026-03-31,2026-03-31,5.0,5.0,5.0,5.0,5.0,5.0,0.35,5,4
2366,1562311066062571744,2026-06-24,city scrape,"The Keon Hotel, Rm #5 (King Bed)",710870974,Ryan,0,10,0,10,"Ottawa, Canada",t,6,t,Rideau-Vanier,45.4286043,-75.6944647,Room in hotel,Private room,2,1.0,1.0,1.0,274.0,2026-06-25,2026-06-26,274.0,274.0,1.0,365.0,t,29,55,85,186,2026-06-24,7,7,0,2026-01-25,2026-05-25,5.0,5.0,5.0,5.0,5.0,5.0,1.39,6,0
2367,1562321905597771153,2026-06-24,city scrape,"The Keon Hotel, Rm #6 (King Bed)",710870974,Ryan,0,10,0,10,"Ottawa, Canada",t,6,t,Rideau-Vanier,45.4286043,-75.6944647,Room in hotel,Private room,2,1.0,1.0,1.0,302.0,2026-06-27,2026-06-28,302.0,302.0,1.0,365.0,t,27,53,83,184,2026-06-24,11,11,0,2026-02-01,2026-05-24,4.91,5.0,5.0,5.0,4.91,4.64,2.29,6,0
2368,1562392366582947849,2026-06-24,city scrape,All-Included Studio | Ottawa East,667743087,Guillaume,1,6,1,6,"Ottawa, Canada",f,10,t,Beacon Hill-Cyrville,45.4236,-75.63201,Entire rental unit,Entire home/apt,2,1.0,2.0,1.0,97.17,2026-10-22,2026-11-21,2915.0,97.17,30.0,365.0,t,0,21,27,272,2026-06-24,0,0,0,10,10,4.8,4.8,4.9,4.9,4.8,4.7,1.8,10,10
2369,1562403252239009533,2026-06-24,city scrape,Smart Studio | Ottawa East,667743087,Guillaume,1,6,1,6,"Ottawa, Canada",f,10,t,Beacon Hill-Cyrville,45.42453,-75.63147,Entire rental unit,Entire home/apt,2,1.0,2.0,1.0,73.6,2026-10-21,2026-11-20,2207.93,73.6,30.0,365.0,t,1,1,6,252,2026-06-24,0,0,0,10,10,4.8,4.8,4.9,4.9,4.8,4.7,1.8,10,10
2370,1562431865732503468,2026-06-24,city scrape,All-included studio | Full Kitchen in Ottawa,667743087,Guillaume,1,6,1,6,"Ottawa, Canada",f,10,t,Beacon Hill-Cyrville,45.42544112344484,-75.63000579756734,Entire rental unit,Entire home/apt,2,1.0,2.0,1.0,97.17,2026-10-22,2026-11-21,2915.0,97.17,30.0,365.0,t,1,22,29,274,2026-06-24,1,1,0,2026-05-03,2026-05-03,5.0,5.0,5.0,5.0,5.0,5.0,0.57,10,10
2371,1562484756006073409,2026-06-24,city scrape,Entire 1 bedroom unit: Ottawa East-Central,1959431,Paul,14,3,11,9,"Ottawa, Canada",f,13,t,Rideau-Vanier,45.4421976331536,-75.66161242661776,Entire home,Entire home/apt,2,1.0,1.0,1.0,43.03,2026-06-25,2026-07-25,1291.0,43.03,30.0,365.0,t,29,59,89,364,2026-06-24,0,0,0,10,10,4.8,4.8,4.9,4.9,4.8,4.7,1.8,13,7
2372,1562698506353669551,2026-06-24,city scrape,4Bds/4Baths/Rockview BKYD home near Kanata Centrum,198748428,Stephanie,7,11,7,10,"Ottawa, Canada",t,1,t,Kanata North,45.31437351289239,-75.93866730514449,Entire home,Entire home/apt,8,3.5,4.0,4.0,282.63,2026-08-01,2026-08-31,8479.0,282.63,30.0,365.0,t,8,30,60,335,2026-06-24,1,1,0,2026-05-03,2026-05-03,5.0,4.0,5.0,5.0,5.0,4.0,0.57,1,1
2373,1563084805748558347,2026-06-24,city scrape,Studio with river view / Riverflow,731042475,Meri,0,6,0,6,"Ottawa, Canada",f,7,t,Rideau-Vanier,45.42986,-75.6723,Private room in rental unit,Private room,2,1.0,1.0,1.0,59.87,2026-06-25,2026-07-26,1856.0,59.87,31.0,365.0,t,29,59,61,331,2026-06-24,0,0,0,10,10,4.8,4.8,4.9,4.9,4.8,4.7,1.8,7,4
2374,1563180807438377298,2026-06-24,city scrape,4BR w/double Garages nearby Kanata Centrum,483953215,Nathan,3,8,3,7,"Ottawa, Canada",f,1,t,Kanata North,45.3047727524622,-75.92927649622735,Entire home,Entire home/apt,8,2.5,4.0,4.0,214.23,2026-08-02,2026-09-01,6427.0,214.23,30.0,365.0,t,0,21,51,326,2026-06-24,0,0,0,10,10,4.8,4.8,4.9,4.9,4.8,4.7,1.8,1,1
2375,1563298203569048125,2026-06-24,city scrape,"Cozy Room near DT/St-Laurent - Wifi, parking",395364713,Yann,5,2,0,6,"Ottawa, Canada",t,2,t,Alta Vista,45.41939,-75.64189,Private room in home,Private room,2,1.0,1.0,1.0,118.0,2026-07-06,2026-07-07,118.0,118.0,1.0,365.0,t,7,27,54,136,2026-06-24,16,16,1,2025-12-13,2026-06-21,4.88,5.0,4.88,4.94,4.88,4.81,2.47,2,1
2376,1563474560875438587,2026-06-24,city scrape,Nuevo Premium Monthly Rental - Kanata-Stittsville,6357495,Mokhtar,10,0,0,6,"Ottawa, Canada",f,1,t,Stittsville-Kanata West,45.28171684330145,-75.89459517301634,Entire guest suite,Entire home/apt,2,1.0,1.0,1.0,95.48,2026-09-01,2026-10-01,2864.36,95.48,30.0,186.0,t,0,0,21,273,2026-06-24,1,1,0,2026-03-16,2026-03-16,5.0,5.0,5.0,5.0,5.0,5.0,0.3,1,1
2377,1564091005452455929,2026-06-24,city scrape,Modern&Cozy Room in Quiet Home Near airport,718344520,Adam,0,9,0,7,"Ottawa, Canada",f,5,t,Gloucester-Southgate,45.372472395060086,-75.615296010859,Private room in home,Private room,2,1.5,1.0,1.0,90.0,2026-06-24,2026-06-25,90.0,90.0,1.0,365.0,t,26,55,85,360,2026-06-24,33,33,10,2025-12-06,2026-05-29,4.73,4.73,4.94,4.88,4.7,4.64,4.93,5,0
2378,1564681902108363609,2026-06-24,city scrape,Turnkey 2BR Apt Near QCH With Yard And Carport,696668853,Jenn,1,1,0,11,"Ottawa, Canada",t,7,t,Knoxdale-Merivale,45.3267868,-75.76689329999999,Entire rental unit,Entire home/apt,4,1.0,2.0,2.0,159.01,2026-08-01,2026-08-31,4770.39,159.01,30.0,1125.0,t,0,22,52,142,2026-06-24,1,1,0,2026-05-20,2026-05-20,5.0,5.0,5.0,5.0,5.0,5.0,0.83,5,4
2379,1565245678381896389,2026-06-24,city scrape,Modern and Cosy Room,492541855,Tayo,3,6,0,6,"Ottawa, Canada",f,5,t,Innes,45.44547370402266,-75.52070885302294,Private room in home,Private room,2,1.5,1.0,1.0,46.05,2026-07-31,2026-08-30,1381.62,46.05,30.0,1125.0,t,3,26,56,236,2026-06-24,0,0,0,10,10,4.8,4.8,4.9,4.9,4.8,4.7,1.8,4,0
2380,1565398081261505339,2026-06-24,city scrape,Private & Spacious 2 Bed Apt w/ Separate Entrance,731626848,Ana,0,6,0,5,"Ottawa, Canada",f,1,t,College,45.35179,-75.74623,Entire rental unit,Entire home/apt,4,1.0,2.0,4.0,205.0,2026-07-27,2026-07-28,205.0,205.0,1.0,65.0,t,0,17,37,294,2026-06-24,14,14,0,2026-02-01,2026-06-22,5.0,5.0,5.0,5.0,5.0,4.93,2.92,1,1
2381,1565481811128841027,2026-06-24,city scrape,The Bay Crib,472682072,Gaby,3,10,0,6,"Ottawa, Canada",f,1,t,West Carleton-March,45.49107,-76.07646,Entire guest suite,Entire home/apt,2,1.0,1.0,1.0,176.0,2026-06-29,2026-07-01,352.0,176.0,2.0,365.0,t,8,8,21,269,2026-06-24,5,5,1,2025-12-30,2026-06-18,5.0,5.0,5.0,5.0,5.0,5.0,0.85,1,1
2382,1566050206820320982,2026-06-24,city scrape,Comfortable studio room in modern home,82928249,Roland,9,11,0,2,"Ottawa, Canada",f,1,t,Barrhaven,45.2616,-75.74545,Private room in home,Private room,2,1.0,1.0,1.0,90.0,2026-07-07,2026-07-08,90.0,90.0,1.0,20.0,t,15,34,64,244,2026-06-24,15,15,0,2026-03-15,2026-06-21,4.93,4.93,5.0,4.93,5.0,5.0,4.41,1,0
2383,1566910020300906712,2026-06-24,city scrape,Private Spacious Room with En-suite Bath,492541855,Tayo,3,6,0,6,"Ottawa, Canada",f,5,t,Innes,45.44457405806322,-75.51896823892791,Private room in home,Private room,2,1.0,1.0,1.0,53.13,2026-06-24,2026-07-24,1594.0,53.13,30.0,1125.0,t,30,60,90,270,2026-06-24,0,0,0,10,10,4.8,4.8,4.9,4.9,4.8,4.7,1.8,4,0
2384,1566963262158976726,2026-06-24,city scrape,"Central Downtown Room Queen Bed, Desk & Fast WiFi",651530087,Eissa,1,9,1,9,"Ottawa, Canada",f,5,t,Alta Vista,45.40741528215372,-75.64691093723313,Private room in home,Private room,2,2.0,1.0,1.0,84.0,2026-06-29,2026-06-30,84.0,84.0,1.0,1125.0,t,18,46,75,350,2026-06-24,41,41,8,2025-12-09,2026-05-30,4.46,4.61,4.85,4.78,4.63,4.61,6.21,5,0
2385,1567147956099566913,2026-06-24,city scrape,A charming 4-beds home in a prosperous community,159827437,Zhe,8,7,3,5,"Ottawa, Canada",f,2,t,Gloucester-South Nepean,45.25619,-75.69024,Entire home,Entire home/apt,8,3.5,4.0,4.0,191.74,2026-07-31,2026-08-30,5752.12,191.74,30.0,120.0,t,0,23,53,143,2026-06-24,2,2,0,2026-03-07,2026-06-13,5.0,5.0,5.0,5.0,5.0,5.0,0.55,1,1
2386,1567456745616083094,2026-06-24,city scrape,Excellent Room with a cozy private bath,486026361,Victor,3,7,3,6,"Ottawa, Canada",f,18,t,Barrhaven,45.25116,-75.7604,Private room in home,Private room,2,1.0,1.0,1.0,82.57,2026-07-06,2026-08-05,2477.0,82.57,30.0,365.0,t,18,48,78,353,2026-06-24,0,0,0,10,10,4.8,4.8,4.9,4.9,4.8,4.7,1.8,18,1
2387,1567519725839743885,2026-06-24,city scrape,Private Room,714963400,Jems,0,10,0,10,"Ottawa, Canada",f,4,t,Barrhaven,45.250958275960166,-75.75745637369874,Private room in home,Private room,2,1.4,1.0,1.0,131.0,2026-07-10,2026-07-11,131.0,131.0,1.0,365.0,t,14,44,74,349,2026-06-24,2,2,1,2025-12-17,2026-04-26,5.0,5.0,5.0,5.0,5.0,5.0,0.32,4,1
2388,1567617691311425339,2026-06-24,city scrape,Elegant Stay at a Cozy Home near Downtown Ottawa,372212342,Farzaneh,5,8,0,1,"Ottawa, Canada",f,1,t,Rideau-Rockcliffe,45.43529293081749,-75.63165679633063,Entire home,Entire home/apt,2,1.0,2.0,2.0,183.0,2026-06-29,2026-06-30,183.0,183.0,1.0,10.0,t,25,33,38,38,2026-06-24,16,16,0,2026-04-28,2026-06-21,5.0,5.0,5.0,5.0,5.0,5.0,8.28,1,1
2389,1568420805547357825,2026-07-02,previous scrape,Cozy Room · Monitor + Adjustable Desk,674578738,Mehnaz,1,5,1,5,"Ottawa, Canada",f,3,t,Gloucester-Southgate,45.3714305,-75.6215063,Private room in home,Private room,1,1.4,1.0,2.0,24.77,2026-07-16,2026-08-15,743.0,24.77,30.0,90.0,t,16,46,76,76,2026-07-02,1,1,0,2026-01-31,2026-01-31,1.0,1.0,5.0,1.0,3.0,1.0,0.2,2,0
2390,1569758881041212253,2026-06-24,city scrape,Luxury Home in Riverside South - Monthly Rental.,305048917,Mohammad,6,7,4,4,"Ottawa, Canada",t,10,t,Gloucester-South Nepean,45.26276,-75.69679,Entire home,Entire home/apt,5,2.5,3.0,3.0,178.35,2026-11-01,2026-12-02,5529.0,178.35,31.0,365.0,t,0,0,0,235,2026-06-24,0,0,0,10,10,4.8,4.8,4.9,4.9,4.8,4.7,1.8,8,8
2391,1571235433889413007,2026-06-24,city scrape,Room Rental in the Glebe Ottawa Centre,732936337,Yuqing,0,6,0,6,"Ottawa, Canada",f,1,t,Capital,45.40185,-75.69602,Private room in home,Private room,2,1.4,2.0,2.0,53.1,2026-08-28,2026-09-27,1592.89,53.1,30.0,365.0,t,0,0,25,300,2026-06-24,0,0,0,10,10,4.8,4.8,4.9,4.9,4.8,4.7,1.8,1,0
2392,1571298776451700894,2026-06-24,city scrape,Strathmere Country Retreat - The Stables,732965828,Strathmere Country Retreat,0,6,0,5,"Ottawa, Canada",f,11,t,Rideau-Goulbourn,45.1565944,-75.7054527,Entire cabin,Entire home/apt,4,1.0,2.0,2.0,235.0,2026-06-29,2026-07-01,470.0,235.0,2.0,365.0,t,21,49,76,216,2026-06-24,2,2,0,2026-05-03,2026-05-15,4.5,4.5,5.0,4.0,4.5,4.0,1.13,11,11
2393,1571353126529701546,2026-06-24,city scrape,"Bright, beautiful house",290415304,Maha,6,9,3,3,"Ottawa, Canada",f,5,t,College,45.35881,-75.74857,Entire home,Entire home/apt,6,1.0,3.0,3.0,146.47,2026-07-11,2026-08-10,4394.0,146.47,30.0,90.0,t,13,43,73,348,2026-06-24,0,0,0,10,10,4.8,4.8,4.9,4.9,4.8,4.7,1.8,5,1
2394,1571355348071026933,2026-06-24,city scrape,Strathmere Country Retreat - McGill House,732965828,Strathmere Country Retreat,0,6,0,5,"Ottawa, Canada",f,11,t,Rideau-Goulbourn,45.1565944,-75.7054527,Entire home,Entire home/apt,15,1.4,6.0,8.0,859.2,2026-06-24,2026-06-26,1718.4,859.2,2.0,999.0,t,16,37,60,272,2026-06-24,0,0,0,10,10,4.8,4.8,4.9,4.9,4.8,4.7,1.8,11,11
2395,1571371389202280198,2026-06-24,city scrape,Strathmere Country Retreat - The Schoolhouse,732965828,Strathmere Country Retreat,0,6,0,5,"Ottawa, Canada",f,11,t,Rideau-Goulbourn,45.1565944,-75.7054527,Entire cabin,Entire home/apt,12,3.0,6.0,8.0,779.2,2026-06-24,2026-06-26,1558.4,779.2,2.0,999.0,t,18,37,60,272,2026-06-24,0,0,0,10,10,4.8,4.8,4.9,4.9,4.8,4.7,1.8,11,11
2396,1571376150032103705,2026-06-24,city scrape,Strathmere Country Retreat - The Annex,732965828,Strathmere Country Retreat,0,6,0,5,"Ottawa, Canada",f,11,t,Rideau-Goulbourn,45.1565944,-75.7054527,Entire home,Entire home/apt,10,4.0,4.0,5.0,688.7,2026-06-24,2026-06-26,1377.4,688.7,2.0,999.0,t,15,31,47,230,2026-06-24,0,0,0,10,10,4.8,4.8,4.9,4.9,4.8,4.7,1.8,11,11
2397,1571381346705502913,2026-06-24,city scrape,Strathmere Country Retreat - The Centre,732965828,Strathmere Country Retreat,0,6,0,5,"Ottawa, Canada",f,11,t,Rideau-Goulbourn,45.1565944,-75.7054527,Entire home,Entire home/apt,12,4.0,4.0,6.0,688.7,2026-06-24,2026-06-26,1377.4,688.7,2.0,999.0,t,16,32,48,233,2026-06-24,0,0,0,10,10,4.8,4.8,4.9,4.9,4.8,4.7,1.8,11,11
2398,1571383419380184179,2026-06-24,city scrape,Strathmere Country Retreat - The Corner,732965828,Strathmere Country Retreat,0,6,0,5,"Ottawa, Canada",f,11,t,Rideau-Goulbourn,45.1565944,-75.7054527,Entire home,Entire home/apt,6,2.0,2.0,3.0,329.5,2026-06-24,2026-06-26,659.0,329.5,2.0,999.0,t,18,37,60,270,2026-06-24,0,0,0,10,10,4.8,4.8,4.9,4.9,4.8,4.7,1.8,11,11
2399,1572586735268835010,2026-06-24,city scrape,Luxe Apt | KING SIZE BED | @ CHEO & TOH,449301025,Eduji,4,3,1,4,"Ottawa, Canada",t,2,t,Alta Vista,45.40316933668074,-75.64423386247205,Entire home,Entire home/apt,4,2.0,2.0,2.0,224.93,2026-10-19,2026-11-18,6748.0,224.93,22.0,365.0,t,11,19,25,273,2026-06-24,1,1,0,2026-02-06,2026-02-06,5.0,5.0,5.0,5.0,5.0,5.0,0.22,2,2
2400,1573126570984924122,2026-06-24,city scrape,Private double or single room across UOttawa,146743514,Frits,8,10,8,2,"Mexicali, Mexico",f,74,t,Rideau-Vanier,45.4240842422589,-75.67896418001607,Private room in rental unit,Private room,1,2.0,1.0,1.0,85.66,2026-06-24,2026-07-24,2569.87,85.66,30.0,365.0,t,30,60,90,365,2026-06-24,0,0,0,10,10,4.8,4.8,4.9,4.9,4.8,4.7,1.8,28,0
2401,1574028684945029783,2026-06-24,city scrape,New Modern 1BR Basement Near Downtown FREE Parking,229585469,Wasan,7,6,0,4,"Ottawa, Canada",f,1,t,Rideau-Rockcliffe,45.43287,-75.64684,Entire rental unit,Entire home/apt,4,1.0,1.0,1.0,79.2,2026-08-02,2026-09-01,2375.99,79.2,30.0,365.0,t,2,23,33,183,2026-06-24,1,1,0,2026-05-31,2026-05-31,5.0,5.0,5.0,5.0,5.0,5.0,1.0,1,1
2402,1574824286815766085,2026-06-24,city scrape,Spacious 4BR Retreat Fully equipped,733764459,Halaleh,0,6,0,6,"Ottawa, Canada",f,1,t,Barrhaven,45.27584,-75.75197,Entire home,Entire home/apt,10,2.5,4.0,5.0,165.48,2026-11-20,2026-12-20,4964.52,165.48,30.0,365.0,t,0,0,0,216,2026-06-24,0,0,0,10,10,4.8,4.8,4.9,4.9,4.8,4.7,1.8,1,1
2403,1575489491619899788,2026-06-24,city scrape,Warm home in Orleans,16411158,Raidan,12,0,0,6,"Ottawa, Canada",f,1,t,Orleans,45.47589,-75.4793,Entire home,Entire home/apt,6,1.5,3.0,3.0,108.88,2026-08-16,2026-09-15,3266.31,108.88,30.0,365.0,t,0,7,37,301,2026-06-24,1,1,0,2026-06-04,2026-06-04,5.0,5.0,5.0,5.0,5.0,5.0,1.0,1,1
2404,1575507469207867646,2026-06-24,city scrape,Curated Designer Pied-à-Terre in Centretown,264466660,Benjamin,7,0,7,0,"Ottawa, Canada",f,2,t,Somerset,45.4161131,-75.68641099999999,Entire home,Entire home/apt,2,1.0,1.0,1.0,145.92,2026-08-01,2026-08-31,4377.7,145.92,30.0,180.0,t,0,22,52,327,2026-06-24,1,1,0,2026-04-01,2026-04-01,5.0,5.0,5.0,5.0,5.0,5.0,0.35,1,1
2405,1576143556002354239,2026-06-24,city scrape,Ready Work & Home Space: Easy Monthly Stay,18292018,Lily,11,2,11,2,"Ottawa, Canada",t,6,t,Cumberland,45.50436448380221,-75.45517903976561,Entire home,Entire home/apt,8,2.0,4.0,5.0,188.11,2026-10-21,2026-11-20,5643.27,188.11,30.0,365.0,t,13,28,46,316,2026-06-24,0,0,0,10,10,4.8,4.8,4.9,4.9,4.8,4.7,1.8,3,3
2406,1576362974950070525,2026-06-24,city scrape,"Large 2000sq ft. home, backyard oasis with Jacuzzi",384996672,Gaston,5,5,0,8,"Ottawa, Canada",f,1,t,Kitchissippi,45.38749,-75.74133,Entire home,Entire home/apt,6,2.0,3.0,4.0,428.0,2026-07-12,2026-07-14,856.0,428.0,1.0,365.0,t,7,30,58,58,2026-06-24,19,19,0,2026-01-02,2026-06-07,4.42,4.42,4.58,4.58,4.42,4.32,3.28,1,1
2407,1576971830697634975,2026-06-24,city scrape,Private Furnished Basement w/ Separate Entrance,148151221,Mohamed,8,9,0,5,"Ottawa, Canada",f,1,t,Gloucester-Southgate,45.34059,-75.62568,Entire home,Entire home/apt,4,1.0,1.0,2.0,71.63,2026-07-31,2026-08-30,2149.04,71.63,30.0,365.0,t,0,23,53,328,2026-06-24,1,1,0,2026-03-28,2026-03-28,5.0,5.0,5.0,5.0,5.0,5.0,0.34,1,1
2408,1577040832617274655,2026-06-24,city scrape,All-Inclusive 3BR | Family-Friendly Richmond,486268240,Gauravdeep,3,7,0,5,"Ottawa, Canada",f,1,t,Rideau-Goulbourn,45.18801,-75.83482,Entire home,Entire home/apt,5,1.0,3.0,3.0,120.39,2026-08-01,2026-09-01,3732.24,120.39,31.0,365.0,t,0,22,52,327,2026-06-24,1,1,0,2026-04-01,2026-04-01,5.0,5.0,5.0,5.0,5.0,5.0,0.35,1,1
2409,1578988331256589269,2026-06-24,city scrape,Studio apartment unit in the heart of Westboro,126241543,Paul,9,2,3,8,"Ottawa, Canada",t,3,t,Kitchissippi,45.39237038443863,-75.75270317287475,Entire rental unit,Entire home/apt,2,1.0,2.0,1.0,240.0,2026-06-24,2026-06-25,240.0,240.0,1.0,1125.0,t,5,15,39,297,2026-06-24,25,25,2,2025-12-20,2026-06-15,4.92,4.92,4.92,4.92,4.88,4.88,4.01,2,2
2410,1579018542366598738,2026-06-24,city scrape,1 bedroom unit studio style in heart of Westboro,126241543,Paul,9,2,3,8,"Ottawa, Canada",t,3,t,Kitchissippi,45.39320570550524,-75.75308036059141,Entire rental unit,Entire home/apt,2,1.0,1.0,1.0,269.0,2026-06-29,2026-06-30,269.0,269.0,1.0,365.0,t,12,41,45,320,2026-06-24,11,11,0,2026-01-02,2026-06-13,5.0,5.0,4.91,5.0,5.0,5.0,1.9,2,2
2411,1579125074287598920,2026-06-24,city scrape,550 Willbrod Residence - Studio,731042475,Meri,0,6,0,6,"Ottawa, Canada",f,7,t,Rideau-Vanier,45.4306403,-75.6727879,Private room in rental unit,Private room,2,1.0,1.0,1.0,59.87,2026-06-24,2026-07-25,1856.0,59.87,31.0,365.0,t,30,60,61,271,2026-06-24,0,0,0,10,10,4.8,4.8,4.9,4.9,4.8,4.7,1.8,7,4
2412,1579538735953586550,2026-06-24,city scrape,Best Place to Relax and Work,714963400,Jems,0,10,0,10,"Ottawa, Canada",f,4,t,Barrhaven,45.25165,-75.75922,Private room in home,Private room,2,1.5,1.0,1.0,102.0,2026-07-06,2026-07-07,102.0,102.0,1.0,365.0,t,18,39,69,344,2026-06-24,3,3,0,2026-04-24,2026-05-24,4.67,4.33,4.67,4.67,4.33,4.33,1.45,4,1
2413,1579541150147038606,2026-06-24,city scrape,Private Room At UOttawa steps to Rideau Center,510569116,Carlos,3,2,3,2,"Ottawa, Canada",f,47,t,Rideau-Vanier,45.42435,-75.67924,Private room in rental unit,Private room,1,2.0,1.0,1.0,69.96,2026-06-24,2026-07-24,2098.78,69.96,30.0,365.0,t,30,60,90,365,2026-06-24,0,0,0,10,10,4.8,4.8,4.9,4.9,4.8,4.7,1.8,26,0
2414,1581374908961306059,2026-06-24,city scrape,Spacious Clean,307053949,Brandon,6,7,0,6,"Ottawa, Canada",f,1,t,Rideau-Goulbourn,45.23856,-75.74803,Private room in rental unit,Private room,2,1.0,1.0,1.0,41.0,2026-06-24,2026-07-24,1230.07,41.0,30.0,31.0,t,30,60,90,365,2026-06-24,0,0,0,10,10,4.8,4.8,4.9,4.9,4.8,4.7,1.8,1,0
2415,1582253613108019181,2026-06-24,city scrape,Glebe Century Home,394729265,Mila,5,2,4,6,"Ottawa, Canada",t,1,t,Capital,45.4098274,-75.68592029999999,Entire rental unit,Entire home/apt,6,2.0,3.0,4.0,423.0,2026-07-28,2026-07-29,423.0,423.0,1.0,365.0,t,0,4,12,72,2026-06-24,37,37,1,2025-12-31,2026-06-22,5.0,4.89,4.95,5.0,4.95,4.84,6.31,1,1
2416,1582699747480559745,2026-06-24,city scrape,"Enjoy your stay in this beautiful, clean home",551614558,Bertin,2,6,2,6,"Ottawa, Canada",f,2,t,Alta Vista,45.37656,-75.66463,Entire home,Entire home/apt,8,2.0,3.0,4.0,458.69,2026-06-29,2026-07-29,13760.84,458.69,30.0,90.0,t,27,57,87,362,2026-06-24,7,7,2,2025-12-27,2026-06-14,4.86,4.86,5.0,4.86,4.86,4.71,1.17,1,1
2417,1583270729032113390,2026-06-24,city scrape,Room Steps To Parliament Hill And UOttawa Train,510569116,Carlos,3,2,3,2,"Ottawa, Canada",f,47,t,Rideau-Vanier,45.42393211125143,-75.68077223239577,Private room in rental unit,Private room,1,2.0,1.0,1.0,84.82,2026-06-24,2026-07-24,2544.5,84.82,30.0,365.0,t,30,60,90,365,2026-06-24,0,0,0,10,10,4.8,4.8,4.9,4.9,4.8,4.7,1.8,26,0
2418,1584586169647561270,2026-06-24,city scrape,Penthouse Level Guest Room | Cinematic City Views,169943215,Ife,8,4,7,0,"Ottawa, Canada",t,2,t,Capital,45.41457970383084,-75.6697969019834,Private room in condo,Private room,2,1.0,1.0,1.0,39.26,2026-08-01,2026-08-31,1177.75,39.26,30.0,365.0,t,0,22,52,327,2026-06-24,0,0,0,10,10,4.8,4.8,4.9,4.9,4.8,4.7,1.8,2,0
2419,1584838464556399071,2026-06-24,city scrape,Wheelchair Accessible Mobile Home in Navan | Quiet,52810809,Natalie,10,5,4,10,"Ottawa, Canada",f,31,t,Cumberland,45.40898,-75.39398,Entire guesthouse,Entire home/apt,3,1.0,1.0,1.0,99.9,2026-07-01,2026-07-31,2997.0,99.9,30.0,365.0,t,23,53,83,358,2026-06-24,1,1,0,2026-02-27,2026-02-27,5.0,4.0,5.0,5.0,4.0,4.0,0.25,21,21
2420,1584860061877823802,2026-06-24,city scrape,Room 250 meters from Uottawa and Train Station,510569116,Carlos,3,2,3,2,"Ottawa, Canada",f,47,t,Rideau-Vanier,45.42421,-75.68071,Private room in rental unit,Private room,1,4.0,1.0,1.0,38.8,2026-06-24,2026-07-24,1163.96,38.8,30.0,365.0,t,30,60,90,365,2026-06-24,1,1,0,2026-04-05,2026-04-05,1.0,1.0,1.0,1.0,1.0,1.0,0.37,26,0
2421,1584971026182715806,2026-06-24,city scrape,riverflow,731042475,Meri,0,6,0,6,"Ottawa, Canada",f,7,t,Rideau-Vanier,45.4306403,-75.6727879,Private room in rental unit,Private room,2,1.0,1.0,1.0,86.95,2026-06-24,2026-07-25,2695.59,86.95,31.0,365.0,t,30,60,90,365,2026-06-24,0,0,0,10,10,4.8,4.8,4.9,4.9,4.8,4.7,1.8,7,4
2422,1585583722097237469,2026-06-24,city scrape,Strathmere Country Retreat - McGill King Studio,732965828,Strathmere Country Retreat,0,6,0,5,"Ottawa, Canada",f,11,t,Rideau-Goulbourn,45.1565944,-75.7054527,Entire cabin,Entire home/apt,4,1.0,1.0,2.0,155.0,2026-06-24,2026-06-26,310.0,155.0,2.0,999.0,t,16,37,59,273,2026-06-24,2,2,0,2026-05-03,2026-05-16,5.0,5.0,4.5,5.0,5.0,4.5,1.13,11,11
2423,1585592115841603113,2026-06-24,city scrape,Strathmere Country Retreat - McGilll King Room,732965828,Strathmere Country Retreat,0,6,0,5,"Ottawa, Canada",f,11,t,Rideau-Goulbourn,45.1565944,-75.7054527,Entire cabin,Entire home/apt,2,1.0,1.0,1.0,120.0,2026-06-24,2026-06-26,240.0,120.0,2.0,999.0,t,18,39,62,276,2026-06-24,0,0,0,10,10,4.8,4.8,4.9,4.9,4.8,4.7,1.8,11,11
2424,1586299224075240633,2026-06-24,city scrape,Private Room Across Uottawa and Train Station,510569116,Carlos,3,2,3,2,"Ottawa, Canada",f,47,t,Rideau-Vanier,45.42313888262595,-75.67953083664179,Private room in rental unit,Private room,1,3.0,1.0,1.0,92.31,2026-06-24,2026-07-24,2769.42,92.31,30.0,365.0,t,30,60,90,365,2026-06-24,0,0,0,10,10,4.8,4.8,4.9,4.9,4.8,4.7,1.8,26,0
2425,1586408178412480002,2026-06-24,city scrape,Bright & Peaceful 2 Bedroom Semi-detached home,85297148,Short And Suite BnB,9,11,9,4,"Ottawa, Canada",t,51,t,Bay,45.360760267893205,-75.78729282548694,Entire home,Entire home/apt,4,4.0,2.0,2.0,470.55,2026-07-05,2026-07-08,1411.64,470.55,2.0,365.0,t,19,41,61,64,2026-06-24,2,2,0,2026-05-31,2026-06-10,5.0,5.0,5.0,5.0,5.0,5.0,2.0,28,28
2426,1586433878552194433,2026-06-24,city scrape,Private Room single or Double Across UOttawa,146743514,Frits,8,10,8,2,"Mexicali, Mexico",f,74,t,Rideau-Vanier,45.42164764492211,-75.68050766424537,Private room in rental unit,Private room,1,2.0,1.0,1.0,71.27,2026-06-24,2026-07-24,2138.02,71.27,30.0,365.0,t,30,60,90,365,2026-06-24,0,0,0,10,10,4.8,4.8,4.9,4.9,4.8,4.7,1.8,28,0
2427,1586583416600392819,2026-06-24,city scrape,"Flora House - Centretown 3Bds, 2Bthrms, Parking",131902723,Marie-Danielle,9,0,0,5,"Ottawa, Canada",t,1,t,Somerset,45.40828,-75.70086,Entire rental unit,Entire home/apt,6,2.0,3.0,3.0,350.0,2026-10-05,2026-10-08,1050.0,350.0,2.0,60.0,t,0,0,0,61,2026-06-24,35,35,0,2026-01-04,2026-06-18,5.0,5.0,5.0,5.0,4.94,4.94,6.1,1,1
2428,1587750124020729407,2026-06-24,city scrape,Studio charmant au cœur de Westboro,17072391,Simon,12,0,9,1,"Ottawa, Canada",f,1,t,Kitchissippi,45.39714,-75.75772,Private room in home,Private room,2,1.0,1.0,1.0,211.5,2026-07-10,2026-07-12,423.0,211.5,2.0,5.0,t,9,21,34,40,2026-06-24,1,1,0,2026-03-08,2026-03-08,5.0,5.0,5.0,5.0,5.0,5.0,0.28,1,0
2429,1587988730140472065,2026-06-24,city scrape,"Double bed, shared kitchen, living room, bathroom",337818011,Babette,6,4,1,2,"Ottawa, Canada",f,4,t,Beacon Hill-Cyrville,45.44004,-75.60981,Private room in home,Private room,2,1.0,1.0,1.0,109.0,2026-08-01,2026-08-02,109.0,109.0,1.0,365.0,t,0,22,52,327,2026-06-24,6,6,0,2026-04-08,2026-05-14,4.67,4.83,4.83,5.0,4.67,4.67,2.31,4,1
2430,1588036910717949181,2026-06-24,city scrape,"Twin Bed, shared kitchen, bathroom, living room",337818011,Babette,6,4,1,2,"Ottawa, Canada",f,4,t,Beacon Hill-Cyrville,45.439791732584204,-75.60994368015199,Private room in home,Private room,1,1.0,1.0,1.0,80.0,2026-08-01,2026-08-02,80.0,80.0,1.0,365.0,t,0,22,52,327,2026-06-24,4,4,0,2026-01-22,2026-06-02,5.0,5.0,5.0,5.0,5.0,4.75,0.78,4,1
2431,1588043586066892839,2026-06-24,city scrape,"Private room, shared kitchen, bathroom, living rm",337818011,Babette,6,4,1,2,"Ottawa, Canada",f,4,t,Beacon Hill-Cyrville,45.43785583033573,-75.60999968323037,Private room in home,Private room,1,1.0,1.0,1.0,80.0,2026-08-01,2026-08-02,80.0,80.0,1.0,365.0,t,0,22,52,327,2026-06-24,3,3,0,2026-05-05,2026-06-05,4.33,4.67,5.0,5.0,4.67,4.33,1.76,4,1
2432,1588058175448331652,2026-06-24,city scrape,Room 1 in a Cozy single home in Westboro Ottawa,438921313,Ziad,4,5,0,5,"Ottawa, Canada",f,4,t,Kitchissippi,45.3866044,-75.75008389999999,Private room in home,Private room,2,2.5,1.0,1.0,94.0,2026-07-03,2026-07-06,282.0,94.0,3.0,365.0,t,21,51,81,345,2026-06-24,3,3,0,2026-01-20,2026-04-28,5.0,5.0,5.0,5.0,5.0,5.0,0.58,4,0
2433,1588692459834177002,2026-06-24,city scrape,"Room 2 in a cozy single home in Westboro, Ottawa",438921313,Ziad,4,5,0,5,"Ottawa, Canada",f,4,t,Kitchissippi,45.38772,-75.74924,Private room in home,Private room,1,2.5,1.0,1.0,112.33,2026-07-01,2026-07-04,337.0,112.33,3.0,365.0,t,23,53,83,184,2026-06-24,0,0,0,10,10,4.8,4.8,4.9,4.9,4.8,4.7,1.8,4,0
2434,1588714115378683421,2026-06-24,city scrape,Room 3 in a cozy single home in Westboro Ottawa,438921313,Ziad,4,5,0,5,"Ottawa, Canada",f,4,t,Kitchissippi,45.3866044,-75.75008389999999,Private room in home,Private room,2,2.5,1.0,1.0,95.33,2026-06-30,2026-07-03,286.0,95.33,3.0,365.0,t,24,54,84,359,2026-06-24,1,1,0,2026-01-19,2026-01-19,3.0,4.0,5.0,5.0,5.0,5.0,0.19,4,0
2435,1588741752209186236,2026-07-02,previous scrape,Hintonburg/Westboro Spacious High-end Condo,82739256,Rami,9,11,3,7,"Ottawa, Canada",f,28,t,Kitchissippi,45.40028,-75.73173,Entire rental unit,Entire home/apt,4,1.4,2.0,2.0,173.3,0000-00-00,"""0000-00-00""",2246.7,173.3,30.0,365.0,t,0,0,0,0,2026-07-02,0,0,0,10,10,4.8,4.8,4.9,4.9,4.8,4.7,1.8,1,1
2436,1589225265543527391,2026-06-24,city scrape,"Cozy Private Room in a Warm, Welcoming Home",702826435,Emmanuel,1,0,0,5,"Ottawa, Canada",f,3,t,Rideau-Goulbourn,45.18592,-75.84895,Private room in home,Private room,1,1.0,1.0,1.0,156.57,2026-06-27,2026-06-28,156.57,156.57,1.0,365.0,t,27,57,87,362,2026-06-24,0,0,0,10,10,4.8,4.8,4.9,4.9,4.8,4.7,1.8,3,1
2437,1589230574734047437,2026-06-24,city scrape,Private Room in Quiet Home – Comfy & Convenient,702826435,Emmanuel,1,0,0,5,"Ottawa, Canada",f,3,t,Rideau-Goulbourn,45.18463,-75.84973,Shared room in home,Shared room,1,1.0,2.0,1.0,156.57,2026-06-27,2026-06-28,156.57,156.57,1.0,365.0,t,27,57,87,362,2026-06-24,0,0,0,10,10,4.8,4.8,4.9,4.9,4.8,4.7,1.8,3,1
2438,1589635736078792222,2026-06-24,city scrape,Small Room 200 Meters from University of Ottawa,146743514,Frits,8,10,8,2,"Mexicali, Mexico",f,74,t,Rideau-Vanier,45.42174214578538,-75.67933771396662,Private room in rental unit,Private room,1,3.0,1.0,1.0,83.89,2026-06-24,2026-07-24,2516.77,83.89,30.0,365.0,t,30,60,90,365,2026-06-24,0,0,0,10,10,4.8,4.8,4.9,4.9,4.8,4.7,1.8,28,0
2439,1590091976996095578,2026-06-24,city scrape,Gorgeous new home!,15487179,Fulvia,12,1,3,3,"Ottawa, Canada",f,2,t,Kanata South,45.2730419,-75.86096409999999,Entire home,Entire home/apt,5,2.5,2.0,4.0,125.0,2026-12-21,2027-01-20,3749.94,125.0,30.0,365.0,t,0,0,0,185,2026-06-24,0,0,0,10,10,4.8,4.8,4.9,4.9,4.8,4.7,1.8,1,1
2440,1590096347724559741,2026-06-24,city scrape,Wateridge Executive Condo,6969076,Darren,13,0,11,10,"Toronto, Canada",f,1,t,Rideau-Rockcliffe,45.45089,-75.6382,Entire townhouse,Entire home/apt,2,1.5,1.0,2.0,236.45,2026-12-02,2026-12-03,236.45,236.45,1.0,30.0,t,0,0,0,204,2026-06-24,0,0,0,10,10,4.8,4.8,4.9,4.9,4.8,4.7,1.8,1,1
2441,1590665592429560025,2026-06-24,city scrape,Lovely Ensuite Room + parking in Barrhaven Ottawa,203567613,Daniel,7,11,6,11,"Ottawa, Canada",f,13,t,Barrhaven,45.256473589439565,-75.74474799113847,Private room in home,Private room,2,1.0,1.0,1.0,149.0,2026-06-24,2026-06-25,149.0,149.0,1.0,365.0,t,19,37,56,190,2026-06-24,2,2,0,2026-02-15,2026-05-28,5.0,5.0,5.0,5.0,5.0,4.5,0.46,5,1
2442,1591000122956183906,2026-06-24,city scrape,Downtown Apartments | No Shared Spaces,737846974,Oby,0,5,0,4,"Ottawa, Canada",f,1,t,Rideau-Rockcliffe,45.42717,-75.66026,Entire home,Entire home/apt,10,3.0,7.0,7.0,556.8,2026-06-25,2026-07-25,16704.0,556.8,30.0,365.0,t,29,59,89,364,2026-06-24,0,0,0,10,10,4.8,4.8,4.9,4.9,4.8,4.7,1.8,1,1
2443,1591398820115569912,2026-07-02,previous scrape,Central Victorian 2 BDRM Suite,231996613,Rhys,7,6,1,0,"Ottawa, Canada",f,2,t,Somerset,45.41355,-75.69889,Entire rental unit,Entire home/apt,3,1.4,2.0,2.0,43.3,2026-10-01,2026-11-30,2598.0,43.3,60.0,365.0,t,30,30,30,209,2026-07-02,0,0,0,10,10,4.8,4.8,4.9,4.9,4.8,4.7,1.8,2,2
2444,1591629706954237609,2026-06-24,city scrape,Stylish Room + Parking| Prime Location!,458355909,Cedric,4,1,0,2,"Ottawa, Canada",f,4,t,Osgoode,45.30594784627381,-75.59415527986468,Private room in home,Private room,3,1.5,1.0,2.0,87.61,2026-08-01,2026-08-31,2628.28,87.61,30.0,365.0,t,3,25,55,330,2026-06-24,0,0,0,10,10,4.8,4.8,4.9,4.9,4.8,4.7,1.8,4,1
2445,1591692128595018856,2026-06-24,city scrape,Private Ensuite Room - 30+ Day Stay in Barhaven,738077855,Lydia,0,5,0,5,"Ottawa, Canada",f,1,t,Rideau-Goulbourn,45.23994400000001,-75.7426754,Private room in home,Private room,1,1.0,1.0,2.0,51.03,2026-07-01,2026-07-31,1530.95,51.03,30.0,90.0,t,23,53,83,173,2026-06-24,0,0,0,10,10,4.8,4.8,4.9,4.9,4.8,4.7,1.8,1,0
2446,1592160555919952313,2026-07-02,previous scrape,Little Italy Home | 4BD | Parking,66190971,Luis,10,2,4,8,"Gatineau, Canada",t,64,t,Somerset,45.39865,-75.7099,Entire home,Entire home/apt,8,1.4,4.0,2.0,173.3,0000-00-00,"""0000-00-00""",2246.7,173.3,2.0,365.0,t,0,0,0,0,2026-07-02,19,19,0,2026-01-25,2026-06-07,4.84,4.53,4.95,4.68,4.84,4.53,3.58,26,26
2447,1593495937239060133,2026-06-24,city scrape,The Orléans Condo,96021448,Shady,9,9,0,5,"Ottawa, Canada",f,1,t,Orleans,45.49032598445173,-75.49464722725604,Entire rental unit,Entire home/apt,5,1.0,2.0,3.0,155.27,2026-08-21,2026-09-20,4658.0,155.27,30.0,365.0,t,26,28,58,333,2026-06-24,2,2,0,2026-03-20,2026-06-17,5.0,5.0,5.0,5.0,5.0,5.0,0.62,1,1
2448,1593496155443744104,2026-06-24,city scrape,Super classy place to stay in Ottawa,420516028,Mak,4,9,4,9,"Ottawa, Canada",f,4,t,Innes,45.44493,-75.52105,Private room in home,Private room,2,1.5,1.0,1.0,45.12,2026-06-24,2026-07-24,1353.69,45.12,30.0,365.0,t,30,60,90,365,2026-06-24,0,0,0,10,10,4.8,4.8,4.9,4.9,4.8,4.7,1.8,4,0
2449,1593513259724761676,2026-06-24,city scrape,Great Place to stay in Ottawa,420516028,Mak,4,9,4,9,"Ottawa, Canada",f,4,t,Innes,45.44502598387536,-75.51974086127667,Private room in home,Private room,2,1.5,1.0,1.0,46.48,2026-10-04,2026-11-03,1394.39,46.48,30.0,365.0,t,0,0,0,263,2026-06-24,0,0,0,10,10,4.8,4.8,4.9,4.9,4.8,4.7,1.8,4,0
2450,1593518195450795000,2026-06-24,city scrape,Ver beautiful place to stay in Ottawa,420516028,Mak,4,9,4,9,"Ottawa, Canada",f,4,t,Innes,45.44519121658085,-75.51909375101629,Private room in home,Private room,2,1.5,1.0,1.0,46.48,2026-06-24,2026-07-24,1394.39,46.48,30.0,365.0,t,30,60,90,365,2026-06-24,0,0,0,10,10,4.8,4.8,4.9,4.9,4.8,4.7,1.8,4,0
2451,1593527142683567153,2026-06-24,city scrape,Excellent Private Room with a Bath,420516028,Mak,4,9,4,9,"Ottawa, Canada",f,4,t,Innes,45.445035537420985,-75.51981013164259,Private room in home,Private room,2,1.0,1.0,1.0,49.65,2026-10-01,2026-10-31,1489.35,49.65,30.0,365.0,t,0,0,0,266,2026-06-24,0,0,0,10,10,4.8,4.8,4.9,4.9,4.8,4.7,1.8,4,0
2452,1593812620533591039,2026-06-24,city scrape,Room 4 in a Cozy single home in Westboro Ottawa,438921313,Ziad,4,5,0,5,"Ottawa, Canada",f,4,t,Kitchissippi,45.387546693205,-75.75089289811872,Private room in home,Private room,2,1.5,1.0,1.0,99.0,2026-07-01,2026-07-04,297.0,99.0,3.0,365.0,t,23,53,83,358,2026-06-24,4,4,0,2026-01-17,2026-03-28,5.0,5.0,5.0,5.0,5.0,5.0,0.75,4,0
2453,1594526525953991838,2026-06-24,city scrape,Brand New Luxury Home with Hot Tub • Near Airport,738960622,Hassan,0,5,0,5,"Ottawa, Canada",f,1,t,Gloucester-South Nepean,45.30621,-75.59807,Entire home,Entire home/apt,6,2.5,3.0,3.0,454.19,2026-06-29,2026-06-30,454.19,454.19,1.0,365.0,t,11,20,45,320,2026-06-24,18,18,0,2026-04-06,2026-06-15,5.0,4.94,5.0,4.89,4.94,4.78,6.75,1,1
2454,1595254137778895125,2026-06-24,city scrape,Cozy Private Apartment in Orléans,392675630,Steve,5,3,0,5,"Ottawa, Canada",f,1,t,Cumberland,45.46201,-75.46724990000001,Entire rental unit,Entire home/apt,2,1.0,1.0,1.0,76.7,2026-06-26,2026-07-26,2300.85,76.7,30.0,365.0,t,28,58,88,88,2026-06-24,0,0,0,10,10,4.8,4.8,4.9,4.9,4.8,4.7,1.8,1,1
2455,1595643471973296845,2026-06-24,city scrape,Private Room Not Entire Apt Across Uottawa,510569116,Carlos,3,2,3,2,"Ottawa, Canada",f,47,t,Rideau-Vanier,45.42362,-75.67852,Private room in rental unit,Private room,1,3.0,1.0,1.0,63.21,2026-06-24,2026-07-24,1896.31,63.21,30.0,365.0,t,30,60,90,365,2026-06-24,2,2,0,2026-02-08,2026-03-07,4.5,4.0,4.5,5.0,5.0,4.5,0.44,26,0
2456,1596293621381468383,2026-06-24,city scrape,Private single /double room Across Uottawa Train,510569116,Carlos,3,2,3,2,"Ottawa, Canada",f,47,t,Rideau-Vanier,45.42215,-75.6786,Private room in rental unit,Private room,1,2.0,1.0,1.0,58.57,2026-06-24,2026-07-24,1757.19,58.57,30.0,365.0,t,30,60,90,365,2026-06-24,2,2,0,2026-02-18,2026-05-05,4.0,3.5,4.0,5.0,4.5,4.0,0.47,26,0
2457,1596808362580097531,2026-06-24,city scrape,Modern & Cozy 2-Bedroom unit | 30+ Day Stay.,739639093,Lucinda,0,5,0,5,"Ottawa, Canada",f,1,t,Capital,45.37726250000001,-75.6757173,Entire guest suite,Entire home/apt,4,1.0,2.0,2.0,90.26,2026-06-26,2026-07-26,2707.92,90.26,30.0,180.0,t,28,58,88,88,2026-06-24,0,0,0,10,10,4.8,4.8,4.9,4.9,4.8,4.7,1.8,1,1
2458,1597309844366014390,2026-06-24,city scrape,Modern & Fully Furnished | 2 Bedroom | Urban local,501352533,Ryan,3,4,3,3,"Ottawa, Canada",f,2,t,Bay,45.3627434520095,-75.7932363945819,Entire serviced apartment,Entire home/apt,4,1.0,2.0,3.0,135.64,2026-09-07,2026-10-07,4069.22,135.64,30.0,1125.0,t,1,1,16,196,2026-06-24,0,0,0,10,10,4.8,4.8,4.9,4.9,4.8,4.7,1.8,2,2
2459,1597424350919659614,2026-06-24,city scrape,"""A peaceful bungalow""",325965874,Arian,6,5,6,5,"Ottawa, Canada",t,7,t,Knoxdale-Merivale,45.3638115,-75.71913909999999,Entire home,Entire home/apt,6,1.0,2.0,3.0,422.5,2026-06-29,2026-07-01,845.0,422.5,2.0,30.0,t,17,40,64,326,2026-06-24,4,4,0,2026-04-06,2026-05-24,4.75,4.75,4.75,4.75,5.0,4.75,1.5,7,1
2460,1597874749906387028,2026-06-24,city scrape,Luxurious Townhome near Ottawa Airport YOW,16029536,Korosh,12,0,5,11,"Ottawa, Canada",f,11,t,Osgoode,45.3082406,-75.5903584,Entire townhouse,Entire home/apt,4,2.0,2.0,2.0,161.13,2026-07-16,2026-08-15,4833.77,161.13,30.0,1125.0,t,8,38,68,68,2026-06-24,1,1,0,2026-03-21,2026-03-21,5.0,5.0,5.0,5.0,4.0,5.0,0.31,7,6
2461,1599655429581443083,2026-06-24,city scrape,Woodroffe Nest Room #1 ~5mins to Algonquin College,738974413,Aikay,0,5,0,5,"Ottawa, Canada",f,2,t,College,45.35703,-75.76524,Private room in home,Private room,2,1.0,1.0,1.0,55.33,2026-06-27,2026-07-27,1660.0,55.33,30.0,365.0,t,27,57,87,362,2026-06-24,0,0,0,10,10,4.8,4.8,4.9,4.9,4.8,4.7,1.8,2,0
2462,1599668018360008452,2026-06-24,city scrape,Woodroffe Nest Room #2 ~5mins to Algonquin College,738974413,Aikay,0,5,0,5,"Ottawa, Canada",f,2,t,College,45.35632534822718,-75.76728443265525,Private room in home,Private room,2,1.0,1.0,1.0,55.33,2026-08-31,2026-09-30,1660.0,55.33,30.0,365.0,t,0,0,22,297,2026-06-24,0,0,0,10,10,4.8,4.8,4.9,4.9,4.8,4.7,1.8,2,0
2463,1600723145429640219,2026-06-24,city scrape,Cozy Room with private bath in Ottawa,576163970,Ololade,2,1,0,5,"Ottawa, Canada",f,1,t,Rideau-Goulbourn,45.24162,-75.74885,Private room in home,Private room,2,1.0,1.0,1.0,111.84,2026-06-25,2026-06-26,111.84,111.84,1.0,30.0,t,29,59,89,364,2026-06-24,0,0,0,10,10,4.8,4.8,4.9,4.9,4.8,4.7,1.8,1,0
2464,1600779643664117741,2026-06-24,city scrape,Lovely 4bd home in great neighbourhood,16029536,Korosh,12,0,5,11,"Ottawa, Canada",f,11,t,Kanata North,45.35878,-75.92579,Entire home,Entire home/apt,8,2.5,4.0,4.0,455.33,2026-06-29,2026-07-02,1366.0,455.33,3.0,365.0,t,14,30,60,60,2026-06-24,3,3,0,2026-05-23,2026-06-19,5.0,5.0,5.0,5.0,5.0,5.0,2.73,7,6
2465,1601454679682335798,2026-06-24,city scrape,4 Bed in Barrhaven | *Includes Garage & Ping Pong*,52810809,Natalie,10,5,4,10,"Ottawa, Canada",f,31,t,Barrhaven,45.25087,-75.75943,Entire home,Entire home/apt,8,3.5,4.0,4.0,204.07,2026-08-16,2026-09-15,6122.0,204.07,30.0,365.0,t,0,7,37,312,2026-06-24,0,0,0,10,10,4.8,4.8,4.9,4.9,4.8,4.7,1.8,21,21
2466,1603224434210615957,2026-06-24,city scrape,"Open Studio in a Vibrant, Walkable Neighborhood",513935813,Roslind,3,1,0,4,"Ottawa, Canada",f,3,t,Somerset,45.40664,-75.69864,Entire rental unit,Entire home/apt,2,1.0,2.0,1.0,62.66,2026-08-05,2026-09-04,1879.86,62.66,30.0,365.0,t,0,18,48,323,2026-06-24,0,0,0,10,10,4.8,4.8,4.9,4.9,4.8,4.7,1.8,3,3
2467,1603694902040729873,2026-07-02,previous scrape,Quiet home near all amenities,147277746,Michal,8,10,0,6,"Ottawa, Canada",f,1,t,College,45.31712161369277,-75.818368596605,Entire home,Entire home/apt,6,1.4,4.0,2.0,173.3,0000-00-00,"""0000-00-00""",2246.7,173.3,30.0,180.0,t,0,0,0,0,2026-07-02,1,1,0,2026-05-01,2026-05-01,5.0,5.0,5.0,5.0,5.0,5.0,0.48,1,1
2468,1604103899939969073,2026-06-24,city scrape,Alterra - McLeod Cozy Studio,143745275,Christopher,8,10,8,6,"Ottawa, Canada",f,5,t,Somerset,45.41124283461146,-75.6915153244582,Entire rental unit,Entire home/apt,2,1.0,2.0,2.0,173.3,0000-00-00,"""0000-00-00""",2246.7,173.3,30.0,365.0,t,0,0,0,24,2026-06-24,1,1,0,2026-04-04,2026-04-04,5.0,5.0,5.0,5.0,5.0,5.0,0.37,3,3
2469,1604333364489361168,2026-06-24,city scrape,The Pyrite Suite,741817804,Nenman,0,5,0,5,"Ottawa, Canada",t,1,t,Innes,45.4352,-75.51869,Private room in home,Private room,2,1.0,1.0,1.0,111.0,2026-07-03,2026-07-04,111.0,111.0,1.0,365.0,t,12,32,62,62,2026-06-24,58,58,0,2026-02-02,2026-06-16,4.97,4.97,4.98,4.95,4.97,4.97,12.17,1,0
2470,1604442513244007746,2026-06-24,city scrape,Strathmere Country Retreat-Guest House King Studio,732965828,Strathmere Country Retreat,0,6,0,5,"Ottawa, Canada",f,11,t,Rideau-Goulbourn,45.15768,-75.70611,Entire cabin,Entire home/apt,4,1.0,1.0,2.0,155.0,2026-06-24,2026-06-26,310.0,155.0,2.0,999.0,t,16,32,48,234,2026-06-24,3,3,0,2026-05-02,2026-05-16,4.33,4.33,5.0,5.0,4.33,4.33,1.67,11,11
2471,1604586569777806614,2026-06-24,city scrape,Strathmere Country Retreat-Guest House Double Room,732965828,Strathmere Country Retreat,0,6,0,5,"Ottawa, Canada",f,11,t,Rideau-Goulbourn,45.15766553727484,-75.70479520055716,Entire cabin,Entire home/apt,4,1.0,1.0,2.0,140.0,2026-06-24,2026-06-26,280.0,140.0,2.0,999.0,t,18,39,61,260,2026-06-24,0,0,0,10,10,4.8,4.8,4.9,4.9,4.8,4.7,1.8,11,11
2472,1604612964030781990,2026-06-24,city scrape,Strathmere Country Retreat - Guest House King Room,732965828,Strathmere Country Retreat,0,6,0,5,"Ottawa, Canada",f,11,t,Rideau-Goulbourn,45.15740564429368,-75.7057064237949,Entire cabin,Entire home/apt,2,1.0,1.0,1.0,120.0,2026-06-24,2026-06-26,240.0,120.0,2.0,999.0,t,18,38,63,261,2026-06-24,1,1,0,2026-05-22,2026-05-22,5.0,5.0,5.0,5.0,5.0,5.0,0.88,11,11
2473,1605156049635182025,2026-06-24,city scrape,3 Bedroom Apartment for Family or Couple,486026361,Victor,3,7,3,6,"Ottawa, Canada",f,18,t,Innes,45.44327,-75.51993,Private room in home,Private room,6,1.0,1.0,1.0,115.07,2026-08-01,2026-08-31,3452.0,115.07,30.0,365.0,t,0,22,52,327,2026-06-24,1,1,0,2026-02-26,2026-02-26,5.0,5.0,5.0,5.0,5.0,5.0,0.25,18,1
2474,1605395487070168823,2026-06-24,city scrape,New Mattresses. Spacious 4-bedroom New Build House,402635282,Saif,5,1,3,11,"Ottawa, Canada",f,1,t,Rideau-Goulbourn,45.23931169999999,-75.73937699999999,Entire home,Entire home/apt,8,2.5,4.0,4.0,489.0,2026-06-29,2026-06-30,489.0,489.0,1.0,1125.0,t,15,26,47,224,2026-06-24,21,21,0,2026-02-03,2026-06-11,4.71,4.81,4.95,5.0,4.76,4.81,4.44,1,1
2475,1606693495915152860,2026-06-24,city scrape,Cozy 1BR Nest • Quiet & Comfortable,513935813,Roslind,3,1,0,4,"Ottawa, Canada",f,3,t,Somerset,45.40644,-75.69943,Entire rental unit,Entire home/apt,2,1.0,1.0,1.0,62.69,2026-08-31,2026-09-30,1880.64,62.69,30.0,365.0,t,7,7,29,304,2026-06-24,1,1,0,2026-06-17,2026-06-17,4.0,4.0,5.0,4.0,5.0,5.0,1.0,3,3
2476,1606785867352305689,2026-06-24,city scrape,Kanata Room for Professionals - near Tech Park,422092032,Seraphine,4,9,0,4,"Ottawa, Canada",f,2,t,Kanata North,45.35518,-75.92846,Private room in home,Private room,1,0.5,1.0,1.0,62.71,2026-08-31,2026-09-30,1881.39,62.71,30.0,365.0,t,0,0,22,112,2026-06-24,0,0,0,10,10,4.8,4.8,4.9,4.9,4.8,4.7,1.8,2,0
2477,1607646500956230326,2026-06-24,city scrape,Private 2 BR unit in a greenspace house,3417336,Sarah,13,9,8,11,"Ottawa, Canada",f,1,t,Alta Vista,45.4073162,-75.65421719999999,Entire guest suite,Entire home/apt,2,1.0,2.0,2.0,90.26,2027-04-01,2027-05-01,2707.92,90.26,30.0,365.0,t,0,0,0,84,2026-06-24,0,0,0,10,10,4.8,4.8,4.9,4.9,4.8,4.7,1.8,1,1
2478,1608202508516601413,2026-06-24,city scrape,Charming Main-Floor Unit,531800474,Rabih,2,10,2,4,"Ottawa, Canada",f,2,t,Osgoode,45.2641863401786,-75.56063163307728,Entire home,Entire home/apt,2,1.0,1.0,1.0,87.03,2027-01-17,2027-02-16,2610.85,87.03,30.0,365.0,t,0,0,0,158,2026-06-24,1,1,0,2026-04-01,2026-04-01,5.0,5.0,5.0,5.0,4.0,5.0,0.35,2,2
2479,1608275524699759817,2026-06-24,city scrape,Central and Cozy 2 BED in the Byward Market,475319012,Jasmine,3,10,3,10,"Ottawa, Canada",t,13,t,Rideau-Vanier,45.43026,-75.69661,Entire rental unit,Entire home/apt,5,1.0,2.0,2.0,156.93,2026-07-13,2026-08-12,4707.89,156.93,30.0,365.0,t,11,41,71,346,2026-06-24,0,0,0,10,10,4.8,4.8,4.9,4.9,4.8,4.7,1.8,10,10
2480,1608455812779487007,2026-06-24,city scrape,Quiet Family Home: Tech Hub-Canadian Tire Centre,664274665,Baydaa,1,6,1,6,"Ottawa, Canada",f,1,t,Kanata North,45.35388,-75.92542,Entire home,Entire home/apt,6,2.5,3.0,5.0,178.06,2026-07-06,2026-08-06,5519.82,178.06,31.0,365.0,t,18,48,78,353,2026-06-24,0,0,0,10,10,4.8,4.8,4.9,4.9,4.8,4.7,1.8,1,1
2481,1609130317970898192,2026-06-24,city scrape,Stylish Retreat Near Lansdowne & Rideau Canal,139940814,Ikram,8,11,0,6,"Ottawa, Canada",f,1,t,Capital,45.40625,-75.67891,Private room in home,Private room,2,1.0,1.0,1.0,115.0,2026-06-25,2026-06-26,115.0,115.0,1.0,365.0,t,18,35,62,337,2026-06-24,6,6,0,2026-05-17,2026-06-14,4.67,5.0,4.83,4.83,5.0,4.83,4.62,1,0
2482,1613175657953534321,2026-06-24,city scrape,Charming 2BR Apartment near Chinatown+Free Parking,85138120,Henry,9,11,0,4,"Ottawa, Canada",f,1,t,Somerset,45.41366,-75.70185,Entire rental unit,Entire home/apt,4,1.0,2.0,2.0,486.0,2026-06-29,2026-06-30,486.0,486.0,1.0,365.0,t,22,39,66,337,2026-06-24,16,16,0,2026-02-12,2026-06-04,4.88,4.94,4.81,4.88,4.88,4.69,3.61,1,1
2483,1613813666909132290,2026-06-24,city scrape,Miley’s Home,698591614,Paula,1,0,0,4,"Ottawa, Canada",f,1,t,Rideau-Goulbourn,45.17733,-75.83561,Private room in home,Private room,1,1.5,1.0,1.0,51.62,2026-08-28,2026-09-27,1548.65,51.62,30.0,365.0,t,23,29,54,329,2026-06-24,0,0,0,10,10,4.8,4.8,4.9,4.9,4.8,4.7,1.8,1,0
2484,1614190867723852478,2026-06-24,city scrape,Female-Only Home Near Ottawa Airport,696559946,Bouchra,1,1,0,4,"Ottawa, Canada",f,2,t,Gloucester-Southgate,45.33977,-75.6708,Private room in home,Private room,1,2.0,1.0,1.0,97.0,2027-01-10,2027-01-12,194.0,97.0,2.0,365.0,t,0,0,0,165,2026-06-24,1,1,0,2026-05-29,2026-05-29,5.0,5.0,5.0,5.0,5.0,5.0,1.0,2,0
2485,1614828982880624779,2026-06-24,city scrape,The Westboro Weekender,228754702,Laurie,7,6,1,0,"Ottawa, Canada",f,2,t,Kitchissippi,45.39893,-75.75711,Entire home,Entire home/apt,6,2.0,3.0,3.0,371.0,2026-07-06,2026-07-08,742.0,371.0,2.0,180.0,t,3,5,23,289,2026-06-24,4,4,0,2026-05-18,2026-06-11,5.0,5.0,5.0,4.75,5.0,5.0,3.16,1,1
2486,1615357383849881025,2026-06-24,city scrape,Bright & Cozy Double Bedroom,400665088,Ritu,5,1,4,5,"Ottawa, Canada",t,4,t,Alta Vista,45.39415,-75.61278,Private room in home,Private room,1,1.5,4.0,1.0,30.97,2026-09-01,2026-10-01,929.19,30.97,30.0,30.0,t,0,0,21,296,2026-06-24,2,2,0,2026-03-31,2026-05-05,3.0,3.0,5.0,3.0,5.0,3.0,0.7,4,0
2487,1616108247982553846,2026-06-24,city scrape,Newhaven,48581412,Julie,10,7,0,4,"Ottawa, Canada",f,1,t,Knoxdale-Merivale,45.3283,-75.76383,Private room in home,Private room,2,1.0,1.0,1.0,173.3,2026-09-01,2026-10-01,2246.7,173.3,30.0,31.0,f,0,0,21,265,2026-06-24,0,0,0,10,10,4.8,4.8,4.9,4.9,4.8,4.7,1.8,1,0
2488,1616244262809988911,2026-06-24,city scrape,Cozy Downtown Apartment,731069034,Mehdi,0,6,0,4,"Ottawa, Canada",f,1,t,Rideau-Vanier,45.4299231,-75.6934121,Entire rental unit,Entire home/apt,2,1.0,1.0,1.0,173.3,2026-06-25,2026-07-25,2246.7,173.3,30.0,90.0,f,29,59,89,364,2026-06-24,0,0,0,10,10,4.8,4.8,4.9,4.9,4.8,4.7,1.8,1,1
2489,1617009841400465254,2026-06-24,city scrape,Chao’s Full House,104013797,Chao,9,7,9,6,"Ottawa, Canada",f,2,t,Gloucester-South Nepean,45.27564479999999,-75.7317044,Private room in home,Private room,2,2.0,1.0,1.0,45.04,2026-11-01,2026-12-01,1351.31,45.04,30.0,365.0,t,0,0,0,235,2026-06-24,0,0,0,10,10,4.8,4.8,4.9,4.9,4.8,4.7,1.8,2,0
2490,1617048051064512382,2026-06-24,city scrape,"Modern Room | queen, Parking, Near uOttawa, DTown",651530087,Eissa,1,9,1,9,"Ottawa, Canada",f,5,t,Alta Vista,45.40818,-75.64656,Private room in home,Private room,2,2.0,1.0,1.0,84.0,2026-06-29,2026-06-30,84.0,84.0,1.0,365.0,t,16,44,71,346,2026-06-24,28,28,0,2026-02-14,2026-06-08,4.29,4.71,4.71,4.68,4.61,4.54,6.41,5,0
2491,1617713669058813904,2026-06-24,city scrape,"Cozy Modern Suite in Southvale off Walkley, Ottawa",492844694,Moyinoluwa,3,5,3,2,"Ottawa, Canada",f,2,t,Alta Vista,45.39905,-75.61921,Entire rental unit,Entire home/apt,4,1.0,1.0,1.0,85.07,2026-07-01,2026-07-31,2552.17,85.07,30.0,180.0,t,23,53,83,263,2026-06-24,0,0,0,10,10,4.8,4.8,4.9,4.9,4.8,4.7,1.8,2,2
2492,1617808010006825847,2026-06-24,city scrape,Great House with mini-kitchen and Pvt Bath,486026361,Victor,3,7,3,6,"Ottawa, Canada",f,18,t,Barrhaven,45.26233,-75.7507,Private room in home,Private room,2,1.0,1.0,1.0,62.67,2026-06-24,2026-07-24,1880.0,62.67,30.0,365.0,t,30,60,90,365,2026-06-24,0,0,0,10,10,4.8,4.8,4.9,4.9,4.8,4.7,1.8,18,1
2493,1618099539782834358,2026-06-24,city scrape,林栖小院,508353123,Sunny,3,2,0,3,"Ottawa, Canada",f,1,t,Kanata South,45.3100494,-75.88816820000001,Entire home,Entire home/apt,3,1.0,2.0,2.0,152.0,2026-06-29,2026-07-01,304.0,152.0,2.0,365.0,t,25,55,85,360,2026-06-24,7,7,0,2026-03-05,2026-06-14,4.14,4.14,4.57,5.0,4.86,3.86,1.88,1,1
2494,1618143801972583124,2026-06-24,city scrape,"Cozy haven! 1BR King size, private entrance",506569095,Micbet,3,3,3,1,"Ottawa, Canada",t,5,t,Barrhaven,45.24734,-75.7536,Entire home,Entire home/apt,2,1.0,1.0,2.0,100.6,2026-08-31,2026-09-30,3017.85,100.6,30.0,730.0,t,0,0,22,186,2026-06-24,1,1,0,2026-03-31,2026-03-31,5.0,5.0,5.0,5.0,5.0,5.0,0.35,3,3
2495,1618450905903336767,2026-06-24,city scrape,Comfy Room in Modern Home; Airport-Train-Casino-EY,241648098,Kris,7,4,0,4,"Ottawa, Canada",t,3,t,Gloucester-South Nepean,45.30645,-75.59798,Private room in home,Private room,2,1.4,1.0,1.0,105.0,2026-07-06,2026-07-07,105.0,105.0,1.0,29.0,t,11,21,21,21,2026-06-24,33,33,0,2026-02-25,2026-06-21,4.91,4.91,4.91,4.91,4.73,4.82,8.25,3,0
2496,1618911587491293092,2026-06-24,city scrape,"3 Bedroom (4 beds), 2 Bathroom, Main level",745649602,Amanda,0,4,0,2,"Ottawa, Canada",f,3,t,West Carleton-March,45.38896,-75.97748,Entire rental unit,Entire home/apt,6,2.0,3.0,5.0,121.7,2026-08-19,2026-09-18,3651.0,121.7,30.0,365.0,t,26,30,60,335,2026-06-24,0,0,0,10,10,4.8,4.8,4.9,4.9,4.8,4.7,1.8,1,1
2497,1619038085495498563,2026-06-24,city scrape,All-Inclusive Studio | Gym & Riverfront Luxury,731042475,Meri,0,6,0,6,"Ottawa, Canada",f,7,t,Rideau-Vanier,45.4306403,-75.6727879,Entire rental unit,Entire home/apt,4,1.0,2.0,1.0,90.26,2026-06-24,2026-07-25,2798.0,90.26,31.0,365.0,t,30,60,90,365,2026-06-24,0,0,0,10,10,4.8,4.8,4.9,4.9,4.8,4.7,1.8,7,4
2498,1619043918281065193,2026-06-24,city scrape,Luxury Studio at Riverflow | Private & Furnished,731042475,Meri,0,6,0,6,"Ottawa, Canada",f,7,t,Rideau-Vanier,45.4306403,-75.6727879,Entire rental unit,Entire home/apt,3,1.0,2.0,1.0,95.06,2026-06-24,2026-07-25,2947.0,95.06,31.0,365.0,t,30,60,90,365,2026-06-24,0,0,0,10,10,4.8,4.8,4.9,4.9,4.8,4.7,1.8,7,4
2499,1619048367282183509,2026-06-24,city scrape,All-Inclusive Studio | Gym & Riverfront Luxury,731042475,Meri,0,6,0,6,"Ottawa, Canada",f,7,t,Rideau-Vanier,45.4306403,-75.6727879,Entire rental unit,Entire home/apt,3,1.0,2.0,1.0,83.23,2026-06-24,2026-07-25,2580.0,83.23,31.0,365.0,t,30,60,64,332,2026-06-24,0,0,0,10,10,4.8,4.8,4.9,4.9,4.8,4.7,1.8,7,4
2500,1619053281315521415,2026-06-24,city scrape,Modern Studio @ Riverflow | Gym & Arcade Access,731042475,Meri,0,6,0,6,"Ottawa, Canada",f,7,t,Rideau-Vanier,45.4306403,-75.6727879,Entire rental unit,Entire home/apt,2,1.0,2.0,1.0,92.52,2026-06-24,2026-07-25,2868.0,92.52,31.0,365.0,t,30,60,90,365,2026-06-24,0,0,0,10,10,4.8,4.8,4.9,4.9,4.8,4.7,1.8,7,4
2501,1619281480516395337,2026-06-24,city scrape,Cozy modern room,709482057,Emmanuel,0,10,0,9,"Ottawa, Canada",t,4,t,Stittsville-Kanata West,45.2803052,-75.9141637,Private room in home,Private room,2,1.5,1.0,1.0,91.29,2026-06-28,2026-06-29,91.29,91.29,1.0,1125.0,t,26,56,86,126,2026-06-24,7,7,0,2026-02-15,2026-06-21,4.86,4.86,4.86,4.86,5.0,5.0,1.62,4,0
2502,1619965574152060436,2026-06-24,city scrape,Quiet & Clean Stay Near Airport.,718344520,Adam,0,9,0,7,"Ottawa, Canada",f,5,t,Gloucester-Southgate,45.37287819299956,-75.61459221876396,Private room in home,Private room,2,1.5,1.0,1.0,92.0,2026-06-28,2026-06-29,92.0,92.0,1.0,365.0,t,22,49,78,353,2026-06-24,14,14,0,2026-03-21,2026-06-07,4.57,4.64,4.93,4.79,4.79,4.64,4.38,5,0
2503,1621039071965241748,2026-06-24,city scrape,Cozy room in a park-like setting,746172482,Ancuta,0,4,0,4,"Ottawa, Canada",f,1,t,Bay,45.3536674,-75.83574020000002,Private room in home,Private room,1,1.0,1.0,1.0,67.99,2026-06-24,2026-07-24,2039.79,67.99,30.0,365.0,t,30,60,90,365,2026-06-24,0,0,0,10,10,4.8,4.8,4.9,4.9,4.8,4.7,1.8,1,0
2504,1621146185213297540,2026-06-24,city scrape,Newly Renovated Studio Near ByWard Market,681233899,Roan,1,3,1,3,"Ottawa, Canada",t,1,t,Rideau-Vanier,45.43257,-75.69206,Entire rental unit,Entire home/apt,2,1.0,2.0,1.0,169.0,2026-06-25,2026-06-26,169.0,169.0,1.0,180.0,t,18,45,75,350,2026-06-24,30,30,0,2026-02-28,2026-06-17,4.63,4.47,4.77,4.97,4.5,4.4,7.69,1,1
2505,1621386815861993035,2026-06-24,city scrape,Comfy Studio in Centretown,85297148,Short And Suite BnB,9,11,9,4,"Ottawa, Canada",t,51,t,Somerset,45.40978,-75.69601,Entire rental unit,Entire home/apt,1,1.0,2.0,1.0,57.38,2026-12-31,2027-01-30,1721.26,57.38,30.0,365.0,t,6,6,6,181,2026-06-24,0,0,0,10,10,4.8,4.8,4.9,4.9,4.8,4.7,1.8,28,28
2506,1621803458331573935,2026-06-24,city scrape,Comfortable Family‑Ready 2BR in Ottawa’s Core,513935813,Roslind,3,1,0,4,"Ottawa, Canada",f,3,t,Somerset,45.40573628907213,-75.69950296898129,Entire rental unit,Entire home/apt,4,1.0,2.0,2.0,120.32,2026-08-01,2026-08-31,3609.52,120.32,30.0,365.0,t,0,22,52,327,2026-06-24,1,1,0,2026-05-16,2026-05-16,5.0,5.0,5.0,5.0,5.0,5.0,0.75,3,3
2507,1622474105544641795,2026-06-24,city scrape,Executive townhome for short term rent,463875183,Evergiste,4,0,0,3,"Ottawa, Canada",f,1,t,Cumberland,45.46253,-75.45333,Entire home,Entire home/apt,6,2.5,3.0,4.0,183.11,2026-06-25,2026-07-25,5493.27,183.11,30.0,365.0,t,29,59,68,68,2026-06-24,0,0,0,10,10,4.8,4.8,4.9,4.9,4.8,4.7,1.8,1,1
2508,1622579948608023527,2026-06-24,city scrape,"Cozy, Friendly Comfort in Centretown",230664361,Deirdre,7,6,7,6,"Ottawa, Canada",t,2,t,Somerset,45.4149257,-75.6916485,Private room in rental unit,Private room,2,1.0,1.0,1.0,155.0,2026-07-07,2026-07-08,155.0,155.0,1.0,365.0,t,7,27,44,304,2026-06-24,8,8,0,2026-05-17,2026-06-19,4.13,4.13,4.38,4.63,4.63,3.88,6.15,1,0
2509,1622855494945765732,2026-06-24,city scrape,Capital Comfort Stay,227602824,Binita,7,6,0,2,"Ottawa, Canada",f,1,t,Gloucester-Southgate,45.36746717979627,-75.63956189246984,Entire guest suite,Entire home/apt,2,1.0,1.0,1.0,147.0,2026-06-24,2026-06-25,147.0,147.0,1.0,1125.0,t,13,37,65,241,2026-06-24,24,24,0,2026-04-26,2026-06-23,4.92,4.92,4.96,4.96,4.88,4.92,12.0,1,1
2510,1623124309646592186,2026-06-24,city scrape,Quiet Manotick Retreat Near Ottawa•Women Only Room,36305831,Manuela,11,0,9,0,"Ottawa, Canada",f,2,t,Rideau-Goulbourn,45.21381,-75.68353,Private room in home,Private room,1,1.0,1.0,1.0,59.0,2026-06-27,2026-06-28,59.0,59.0,1.0,365.0,t,1,30,36,284,2026-06-24,3,3,0,2026-05-17,2026-06-06,5.0,5.0,5.0,5.0,4.67,5.0,2.31,2,0
2511,1624134404146866692,2026-06-24,city scrape,Cozy suite with kitchen,746967614,Kiyara,0,4,0,4,"Ottawa, Canada",f,1,t,Rideau-Goulbourn,45.23762,-75.74827,Private room in home,Private room,2,1.0,1.0,1.0,62.42,2026-06-24,2026-07-24,1872.54,62.42,30.0,365.0,t,30,60,90,365,2026-06-24,0,0,0,10,10,4.8,4.8,4.9,4.9,4.8,4.7,1.8,1,0
2512,1625493819559648653,2026-06-24,city scrape,“Lavender Suite”- a cozy place near Ottawa Airport,747312677,Shrijana,0,4,0,2,"Ottawa, Canada",f,1,t,Gloucester-South Nepean,45.2822072117832,-75.68634223458429,Private room in home,Private room,2,1.0,1.0,1.0,115.0,2026-06-26,2026-06-27,115.0,115.0,1.0,1125.0,t,22,49,79,354,2026-06-24,27,27,0,2026-04-25,2026-06-23,4.93,4.93,5.0,4.96,4.85,4.93,13.28,1,0
2513,1626954420752516284,2026-06-24,city scrape,Bright Room in Modern Home;Airport-Train-Casino-EY,241648098,Kris,7,4,0,4,"Ottawa, Canada",t,3,t,Osgoode,45.30476,-75.59812,Private room in home,Private room,2,1.4,1.0,1.0,88.0,2026-06-29,2026-06-30,88.0,88.0,1.0,29.0,t,17,20,20,20,2026-06-24,17,17,0,2026-03-12,2026-06-22,4.71,4.88,4.82,4.94,4.82,4.82,4.86,3,0
2514,1627558101244615249,2026-06-24,city scrape,Quiet Apartment in Lovely Neighborhood-4people,163835614,Kelmany,8,6,8,5,"Ontario, Canada",t,3,t,Bay,45.35936444306671,-75.78630371488839,Entire rental unit,Entire home/apt,4,1.0,2.0,2.0,223.0,2026-07-12,2026-07-13,223.0,223.0,1.0,365.0,t,8,29,58,328,2026-06-24,22,22,0,2026-02-26,2026-06-10,4.64,4.77,4.77,4.77,4.82,4.59,5.55,3,1
2515,1627587812620809081,2026-06-24,city scrape,Private Room with Dedicated Bathroom in Kanata,52114315,Djiby,10,6,10,2,"Ottawa, Canada",f,1,t,Stittsville-Kanata West,45.28271,-75.88358,Private room in home,Private room,2,1.0,1.0,1.0,83.0,2026-07-07,2026-07-08,83.0,83.0,1.0,10.0,t,6,26,56,56,2026-06-24,15,15,0,2026-03-11,2026-06-24,4.93,4.87,4.87,5.0,4.93,4.93,4.25,1,0
2516,1628641931425424795,2026-06-24,city scrape,Room Available In Ottawa (all-inclusive),328821967,Vishal,6,5,4,8,"Ottawa, Canada",f,1,t,Cumberland,45.44986,-75.46234,Private room in home,Private room,1,1.0,1.0,1.0,40.93,2026-11-22,2026-12-22,1228.0,40.93,30.0,365.0,t,6,6,6,220,2026-06-24,0,0,0,10,10,4.8,4.8,4.9,4.9,4.8,4.7,1.8,1,0
2517,1629744291010139737,2026-06-24,city scrape,Downtown Ottawa Gem | ByWard Market 1BR,182086632,Jean Pierre Eric,8,2,6,5,"Ottawa, Canada",f,2,t,Rideau-Vanier,45.43236,-75.6896,Entire home,Entire home/apt,2,1.0,1.0,2.0,86.03,2027-02-28,2027-03-30,2581.0,86.03,30.0,365.0,t,0,0,0,116,2026-06-24,1,1,0,2026-04-16,2026-04-16,5.0,5.0,5.0,5.0,5.0,5.0,0.43,2,2
2518,1630954789650026874,2026-06-24,city scrape,Modern Luxury Studio • Walk to Everything,101501830,PARLOUR Hotel,9,7,9,6,"Ottawa, Canada",t,6,t,Rideau-Vanier,45.4305665,-75.6932799,Entire rental unit,Entire home/apt,2,1.0,2.0,1.0,512.0,2026-06-26,2026-06-27,512.0,512.0,1.0,365.0,t,28,58,88,363,2026-06-24,1,1,0,2026-06-12,2026-06-12,5.0,4.0,5.0,4.0,4.0,4.0,1.0,6,6
2519,1631458279324355911,2026-06-24,city scrape,Tranquil Private Guest Suite | Kitchen & Bath,521889221,Sam,2,11,0,3,"Ottawa, Canada",t,1,t,Gloucester-South Nepean,45.26569,-75.70841,Entire home,Entire home/apt,2,1.0,1.0,1.0,137.0,2026-06-29,2026-06-30,137.0,137.0,1.0,1125.0,t,14,39,66,315,2026-06-24,36,36,0,2026-03-04,2026-06-08,5.0,4.97,5.0,5.0,4.94,4.97,9.56,1,1
2520,1631478481219647685,2026-06-24,city scrape,Large Luxury Loft | 2nd Floor | ByWard Market,101501830,PARLOUR Hotel,9,7,9,6,"Ottawa, Canada",t,6,t,Rideau-Vanier,45.4305665,-75.6932799,Entire rental unit,Entire home/apt,2,1.0,2.0,2.0,398.0,2026-06-24,2026-06-25,398.0,398.0,1.0,365.0,t,25,55,85,360,2026-06-24,1,1,0,2026-05-12,2026-05-12,5.0,5.0,5.0,5.0,5.0,5.0,0.68,6,6
2521,1631493280931096815,2026-06-24,city scrape,Luxury 1BR Suite • High Ceilings • ByWard Market,101501830,PARLOUR Hotel,9,7,9,6,"Ottawa, Canada",t,6,t,Rideau-Vanier,45.4305665,-75.6932799,Entire rental unit,Entire home/apt,2,1.0,1.0,2.0,284.0,2026-06-25,2026-06-26,284.0,284.0,1.0,365.0,t,22,52,82,357,2026-06-24,1,1,0,2026-06-14,2026-06-14,5.0,5.0,5.0,5.0,5.0,5.0,1.0,6,6
2522,1631515918858074194,2026-06-24,city scrape,Modern Luxury 1BR | Main Floor | Byward Market,101501830,PARLOUR Hotel,9,7,9,6,"Ottawa, Canada",t,6,t,Rideau-Vanier,45.4305665,-75.6932799,Entire rental unit,Entire home/apt,2,1.0,1.0,1.0,398.0,2026-06-28,2026-06-29,398.0,398.0,1.0,365.0,t,26,56,86,361,2026-06-24,1,1,0,2026-06-13,2026-06-13,5.0,5.0,5.0,5.0,5.0,5.0,1.0,6,6
2523,1631928542102250296,2026-06-24,city scrape,Cozy 1BR Basement in Old Ottawa East,452986,Katherine,15,3,4,4,"Ottawa, Canada",f,1,t,Capital,45.40929,-75.67801,Entire rental unit,Entire home/apt,2,1.0,1.0,2.0,124.47,2026-09-05,2026-10-05,3734.0,124.47,30.0,365.0,t,0,0,17,279,2026-06-24,0,0,0,10,10,4.8,4.8,4.9,4.9,4.8,4.7,1.8,1,1
2524,1632137809064335232,2026-06-24,city scrape,Stylish Urban Escape | Hotel-Style Bedroom,161479314,Julia,8,6,3,1,"Ottawa, Canada",f,1,t,Rideau-Vanier,45.43230500000001,-75.6769059,Entire rental unit,Entire home/apt,2,1.0,1.0,1.0,98.08,2026-10-22,2026-11-21,2942.43,98.08,30.0,365.0,t,0,0,0,245,2026-06-24,0,0,0,10,10,4.8,4.8,4.9,4.9,4.8,4.7,1.8,1,1
2525,1632839524391488012,2026-06-24,city scrape,All new- 4bdrm modern Kanata home with heated pool,97848038,Melanie,9,8,3,7,"Ottawa, Canada",f,1,t,Kanata South,45.28134778356529,-75.85860926537819,Entire home,Entire home/apt,7,4.0,4.0,4.0,267.79,2026-11-01,2026-12-01,8033.61,267.79,30.0,60.0,t,0,7,21,161,2026-06-24,0,0,0,10,10,4.8,4.8,4.9,4.9,4.8,4.7,1.8,1,1
2526,1633407562285147848,2026-06-24,city scrape,Modern 2BR Ottawa Stay | FREE WIFI | Parking,697944379,Nate,1,0,0,5,"Ottawa, Canada",f,1,t,Kanata South,45.27072,-75.85804,Entire townhouse,Entire home/apt,2,2.5,1.0,1.0,406.0,2026-07-08,2026-07-09,406.0,406.0,1.0,90.0,t,8,25,53,55,2026-06-24,1,1,0,2026-06-20,2026-06-20,5.0,5.0,5.0,5.0,5.0,5.0,1.0,1,1
2527,1633583212788047293,2026-06-24,city scrape,Wyndham Rideau | King Studio | Water Front,727674325,Ramada By Wyndham - CAD,0,7,0,7,"Ottawa, Canada",f,40,t,Knoxdale-Merivale,45.3279121,-75.7013949,Room in hotel,Hotel room,2,1.0,1.0,2.0,444.0,2026-06-24,2026-06-25,444.0,444.0,1.0,365.0,t,30,60,90,365,2026-06-24,0,0,0,10,10,4.8,4.8,4.9,4.9,4.8,4.7,1.8,12,0
2528,1633583216052622700,2026-06-24,city scrape,King Studio|Ramada On The Rideau|Rideau River Stay,727674325,Ramada By Wyndham - CAD,0,7,0,7,"Ottawa, Canada",f,40,t,Knoxdale-Merivale,45.32791,-75.7014,Room in hotel,Hotel room,2,1.0,1.0,2.0,444.0,2026-06-24,2026-06-25,444.0,444.0,1.0,365.0,t,30,60,90,365,2026-06-24,0,0,0,10,10,4.8,4.8,4.9,4.9,4.8,4.7,1.8,12,0
2529,1633583217864140288,2026-06-24,city scrape,Wyndham Rideau | Dlx Queen Water Front,727674325,Ramada By Wyndham - CAD,0,7,0,7,"Ottawa, Canada",f,40,t,Knoxdale-Merivale,45.32791,-75.7014,Room in hotel,Hotel room,4,1.4,1.0,2.0,219.0,2026-06-24,2026-06-25,219.0,219.0,1.0,365.0,t,30,60,90,365,2026-06-24,0,0,0,10,10,4.8,4.8,4.9,4.9,4.8,4.7,1.8,12,0
2530,1633583219744544796,2026-06-24,city scrape,Dlx Queen Water Front | Ramada On The Rideau,727674325,Ramada By Wyndham - CAD,0,7,0,7,"Ottawa, Canada",f,40,t,Knoxdale-Merivale,45.32791,-75.7014,Room in hotel,Hotel room,4,1.4,1.0,2.0,219.0,2026-06-24,2026-06-25,219.0,219.0,1.0,365.0,t,30,60,90,365,2026-06-24,0,0,0,10,10,4.8,4.8,4.9,4.9,4.8,4.7,1.8,12,0
2531,1633583223263253255,2026-06-24,city scrape,Queen Water Front|Ramada On The Rideau| River Calm,727674325,Ramada By Wyndham - CAD,0,7,0,7,"Ottawa, Canada",f,40,t,Knoxdale-Merivale,45.32791,-75.7014,Room in hotel,Hotel room,4,1.4,1.0,2.0,189.0,2026-06-24,2026-06-25,189.0,189.0,1.0,365.0,t,27,57,77,352,2026-06-24,0,0,0,10,10,4.8,4.8,4.9,4.9,4.8,4.7,1.8,12,0
2532,1633583223630728066,2026-06-24,city scrape,Wyndham Rideau | Queen Water Front | Green Getaway,727674325,Ramada By Wyndham - CAD,0,7,0,7,"Ottawa, Canada",f,40,t,Knoxdale-Merivale,45.32791,-75.7014,Room in hotel,Hotel room,4,1.4,1.0,2.0,189.0,2026-06-24,2026-06-25,189.0,189.0,1.0,365.0,t,27,57,77,352,2026-06-24,0,0,0,10,10,4.8,4.8,4.9,4.9,4.8,4.7,1.8,12,0
2533,1633583227091255764,2026-06-24,city scrape,Wyndham Rideau | Dlx 2 Double Water Front,727674325,Ramada By Wyndham - CAD,0,7,0,7,"Ottawa, Canada",f,40,t,Knoxdale-Merivale,45.32791,-75.7014,Room in hotel,Hotel room,4,1.0,1.0,2.0,228.0,2026-06-24,2026-06-25,228.0,228.0,1.0,365.0,t,27,57,87,362,2026-06-24,0,0,0,10,10,4.8,4.8,4.9,4.9,4.8,4.7,1.8,12,0
2534,1633583228529812920,2026-06-24,city scrape,Dlx 2 Double Water Front | Ramada On The Rideau,727674325,Ramada By Wyndham - CAD,0,7,0,7,"Ottawa, Canada",f,40,t,Knoxdale-Merivale,45.32791,-75.7014,Room in hotel,Hotel room,4,1.4,1.0,2.0,228.0,2026-06-24,2026-06-25,228.0,228.0,1.0,365.0,t,27,57,87,362,2026-06-24,0,0,0,10,10,4.8,4.8,4.9,4.9,4.8,4.7,1.8,12,0
2535,1633583230151464423,2026-06-24,city scrape,Wyndham Rideau | 2 Double | Near Rideau River,727674325,Ramada By Wyndham - CAD,0,7,0,7,"Ottawa, Canada",f,40,t,Knoxdale-Merivale,45.32791,-75.7014,Room in hotel,Hotel room,4,1.4,1.0,2.0,160.0,2026-06-24,2026-06-25,160.0,160.0,1.0,365.0,t,27,53,82,357,2026-06-24,0,0,0,10,10,4.8,4.8,4.9,4.9,4.8,4.7,1.8,12,0
2536,1633583240243460084,2026-06-24,city scrape,2 Double | Ramada On The Rideau | Airport Access,727674325,Ramada By Wyndham - CAD,0,7,0,7,"Ottawa, Canada",f,40,t,Knoxdale-Merivale,45.32791,-75.7014,Room in hotel,Hotel room,4,1.4,1.0,2.0,160.0,2026-06-24,2026-06-25,160.0,160.0,1.0,365.0,t,27,53,82,357,2026-06-24,0,0,0,10,10,4.8,4.8,4.9,4.9,4.8,4.7,1.8,12,0
2537,1633583241627167120,2026-06-24,city scrape,Wyndham Rideau | 2 Double Water Front | Family,727674325,Ramada By Wyndham - CAD,0,7,0,7,"Ottawa, Canada",f,40,t,Knoxdale-Merivale,45.32791,-75.7014,Room in hotel,Hotel room,4,1.4,1.0,2.0,199.0,2026-06-24,2026-06-25,199.0,199.0,1.0,365.0,t,23,51,78,326,2026-06-24,0,0,0,10,10,4.8,4.8,4.9,4.9,4.8,4.7,1.8,12,0
2538,1633583242481730304,2026-06-24,city scrape,2 Double Water Front|Ramada On The Rideau| Balcony,727674325,Ramada By Wyndham - CAD,0,7,0,7,"Ottawa, Canada",f,40,t,Knoxdale-Merivale,45.32791,-75.7014,Room in hotel,Hotel room,4,1.4,1.0,2.0,199.0,2026-06-24,2026-06-25,199.0,199.0,1.0,365.0,t,23,51,78,326,2026-06-24,0,0,0,10,10,4.8,4.8,4.9,4.9,4.8,4.7,1.8,12,0
2539,1634078896876147272,2026-06-24,city scrape,MasterBedroom & Private Bathroom | Quiet & Central,18489586,Rachid,11,11,6,0,"Ottawa, Canada",t,5,t,River,45.37176768891669,-75.6572654802673,Private room in rental unit,Private room,1,1.0,1.0,1.0,51.44,2026-07-31,2026-08-30,1543.34,51.44,30.0,150.0,t,0,23,52,327,2026-06-24,0,0,0,10,10,4.8,4.8,4.9,4.9,4.8,4.7,1.8,5,0
2540,1634813740063257183,2026-06-24,city scrape,Large bedroom Only 4 min walk to Algonquin College,18489586,Rachid,11,11,6,0,"Ottawa, Canada",t,5,t,College,45.34584,-75.75918,Private room in rental unit,Private room,1,2.5,1.0,1.0,35.68,2027-02-01,2027-03-03,1070.33,35.68,30.0,150.0,t,24,29,38,181,2026-06-24,0,0,0,10,10,4.8,4.8,4.9,4.9,4.8,4.7,1.8,5,0
2541,1634888638117944308,2026-06-24,city scrape,Modern & Stylish Apartment in the Heart of Ottawa,138757627,Leticia,8,11,0,3,"Toronto, Canada",f,1,t,Rideau-Vanier,45.42835163768699,-75.68686022474444,Entire rental unit,Entire home/apt,5,1.0,2.0,1.0,373.0,2026-06-25,2026-06-26,373.0,373.0,1.0,365.0,t,19,44,74,349,2026-06-24,0,0,0,10,10,4.8,4.8,4.9,4.9,4.8,4.7,1.8,1,1
2542,1635007682313733621,2026-06-24,city scrape,Carlton West Modern Living | Designer 1BR,749783933,Audrey,0,3,0,3,"Ottawa, Canada",f,12,t,Kitchissippi,45.3802254,-75.7483333,Entire rental unit,Entire home/apt,2,1.0,1.0,1.0,93.84,2027-01-04,2027-02-04,2908.94,93.84,31.0,365.0,t,6,8,8,179,2026-06-24,0,0,0,10,10,4.8,4.8,4.9,4.9,4.8,4.7,1.8,12,12
2543,1635007981430858505,2026-06-24,city scrape,Bedroom#2 for professionals or students,65275346,Bella,10,2,10,2,"Gatineau, Canada",f,5,t,Somerset,45.40294918645653,-75.71178640815326,Private room in home,Private room,1,1.0,1.0,1.0,86.14,2026-07-13,2026-07-19,516.84,86.14,6.0,365.0,t,12,42,72,347,2026-06-24,2,2,0,2026-05-31,2026-06-18,4.5,4.5,4.5,4.5,5.0,4.5,2.0,3,0
2544,1635022479695564621,2026-06-24,city scrape,Carlton West Modern Living | Modern 1BR,749783933,Audrey,0,3,0,3,"Ottawa, Canada",f,12,t,Kitchissippi,45.3802254,-75.7483333,Entire rental unit,Entire home/apt,2,1.0,1.0,1.0,96.74,2026-07-23,2026-08-23,2999.05,96.74,31.0,365.0,t,1,31,61,336,2026-06-24,0,0,0,10,10,4.8,4.8,4.9,4.9,4.8,4.7,1.8,12,12
2545,1635083775211552217,2026-06-24,city scrape,Indoor Swimming Pool • Upscale 6BR Getaway,522196203,Frank,2,11,0,3,"Ottawa, Canada",f,1,t,Rideau-Rockcliffe,45.45239,-75.68005,Entire home,Entire home/apt,15,4.0,6.0,8.0,1154.5,2026-06-29,2026-07-01,2309.0,1154.5,2.0,365.0,t,19,41,68,331,2026-06-24,8,8,0,2026-03-29,2026-06-19,3.5,3.5,5.0,4.5,5.0,3.25,2.73,1,1
2546,1635516046798123555,2026-06-24,city scrape,Modern & Spacious 3BR Home | Free Parking & Wi-Fi,180036583,Eddy,8,3,0,3,"Ottawa, Canada",f,1,t,Rideau-Goulbourn,45.23344,-75.73708,Entire townhouse,Entire home/apt,6,2.5,3.0,4.0,181.41,2026-06-27,2026-07-27,5442.39,181.41,30.0,365.0,t,27,35,57,332,2026-06-24,0,0,0,10,10,4.8,4.8,4.9,4.9,4.8,4.7,1.8,1,1
2547,1636181566010244288,2026-06-24,city scrape,Snug Room in Modern Home; Airport-Train-Casino-EY,241648098,Kris,7,4,0,4,"Ottawa, Canada",t,3,t,Gloucester-South Nepean,45.30583442242848,-75.5997024243489,Private room in home,Private room,1,1.5,1.0,1.0,78.0,2026-07-06,2026-07-07,78.0,78.0,1.0,1125.0,t,4,4,4,4,2026-06-24,14,14,0,2026-04-15,2026-06-08,4.93,4.93,4.79,4.79,4.86,4.86,5.92,3,0
2548,1636362100748129665,2026-06-24,city scrape,Bright King Suite - Walkable to Civic Hospital,696668853,Jenn,1,1,0,11,"Ottawa, Canada",t,7,t,Kitchissippi,45.39083,-75.72372,Private room in rental unit,Private room,1,1.0,1.0,1.0,72.93,2026-08-05,2026-09-04,2188.0,72.93,30.0,365.0,t,8,26,56,146,2026-06-24,0,0,0,10,10,4.8,4.8,4.9,4.9,4.8,4.7,1.8,5,4
2549,1636678482280798772,2026-07-02,previous scrape,Barrhaven Suite,694326708,Akram,1,1,1,1,"Ottawa, Canada",f,1,t,Barrhaven,45.2728,-75.78186,Entire rental unit,Entire home/apt,5,1.4,2.0,2.0,173.3,0000-00-00,"""0000-00-00""",2246.7,173.3,2.0,365.0,t,0,0,0,0,2026-07-02,0,0,0,10,10,4.8,4.8,4.9,4.9,4.8,4.7,1.8,1,1
2550,1637662913786393876,2026-06-24,city scrape,"Private 1BDR suite, kitchenette, 46TV & work space",20489407,Charbel,11,10,0,0,"Ottawa, Canada",f,1,t,Orleans,45.479058423012816,-75.46768795698881,Entire home,Entire home/apt,2,1.0,1.0,1.0,144.0,2026-06-24,2026-06-26,288.0,144.0,2.0,27.0,t,13,41,54,329,2026-06-24,4,4,0,2026-06-09,2026-06-24,4.0,4.0,4.0,4.0,4.0,4.0,4.0,1,1
2551,1637895563149134537,2026-06-24,city scrape,Grand 2-Bedroom Spacious Basement | Hunt Club,475319012,Jasmine,3,10,3,10,"Ottawa, Canada",t,13,t,Knoxdale-Merivale,45.34283,-75.7003,Entire rental unit,Entire home/apt,4,1.0,2.0,2.0,118.51,2026-07-10,2026-08-09,3555.25,118.51,30.0,365.0,t,14,44,74,349,2026-06-24,1,1,0,2026-04-21,2026-04-21,5.0,5.0,5.0,5.0,5.0,5.0,0.46,10,10
2552,1638452792740349099,2026-06-24,city scrape,Carlton West Modern Living | Stylish 1BR,749783933,Audrey,0,3,0,3,"Ottawa, Canada",f,12,t,Kitchissippi,45.37928,-75.74879,Entire rental unit,Entire home/apt,2,1.0,1.0,1.0,100.75,2026-06-24,2026-07-25,3123.24,100.75,31.0,365.0,t,30,60,90,365,2026-06-24,0,0,0,10,10,4.8,4.8,4.9,4.9,4.8,4.7,1.8,12,12
2553,1638651045909941409,2026-06-24,city scrape,Room available near Elgin st,134292297,Juliana,9,0,0,0,"Ottawa, Canada",f,1,t,Somerset,45.41874,-75.68787,Private room in rental unit,Private room,1,1.0,1.0,1.0,68.8,2026-06-24,2026-07-24,2063.91,68.8,30.0,365.0,t,30,60,90,365,2026-06-24,0,0,0,10,10,4.8,4.8,4.9,4.9,4.8,4.7,1.8,1,0
2554,1638884473291368151,2026-06-24,city scrape,Annie’s Suite for everyone!,750777072,Anne,0,3,0,3,"Ottawa, Canada",f,1,t,Rideau-Vanier,45.44276,-75.66178,Entire rental unit,Entire home/apt,4,1.0,1.0,2.0,85.04,2026-06-25,2026-07-25,2551.29,85.04,30.0,365.0,t,29,59,89,89,2026-06-24,0,0,0,10,10,4.8,4.8,4.9,4.9,4.8,4.7,1.8,1,1
2555,1639304007734679099,2026-06-24,city scrape,Spacious Downtown 2BR Steps from Byward Market,413462362,Sandra,4,11,1,6,"Ottawa, Canada",t,1,t,Rideau-Vanier,45.43223052029161,-75.69390082906249,Entire home,Entire home/apt,4,2.0,2.0,2.0,231.25,2026-08-08,2026-08-12,925.0,231.25,4.0,365.0,t,0,11,37,312,2026-06-24,4,4,0,2026-04-03,2026-06-08,4.25,4.0,4.25,5.0,4.5,4.0,1.45,1,1
2556,1639347707100130601,2026-06-24,city scrape,Carlton West Modern Living | Urban 1BR,749783933,Audrey,0,3,0,3,"Ottawa, Canada",f,12,t,Kitchissippi,45.38115,-75.74886,Entire rental unit,Entire home/apt,2,1.0,1.0,1.0,96.74,2026-07-31,2026-08-31,2999.05,96.74,31.0,365.0,t,0,23,53,328,2026-06-24,0,0,0,10,10,4.8,4.8,4.9,4.9,4.8,4.7,1.8,12,12
2557,1639867716968091847,2026-06-24,city scrape,Modern Condo in the Heart of Westboro,66190971,Luis,10,2,4,8,"Gatineau, Canada",t,64,t,Kitchissippi,45.40181,-75.72964,Entire rental unit,Entire home/apt,2,1.0,1.0,2.0,93.7,2026-07-04,2026-08-03,2811.07,93.7,30.0,180.0,t,20,50,59,92,2026-06-24,1,1,0,2026-05-02,2026-05-02,5.0,5.0,5.0,5.0,5.0,5.0,0.56,26,26
2558,1639911466167586437,2026-06-24,city scrape,Charming loft in Sandy Hill – Near U Ottawa,66190971,Luis,10,2,4,8,"Gatineau, Canada",t,64,t,Rideau-Vanier,45.42562,-75.67895,Entire rental unit,Entire home/apt,2,1.0,1.0,1.0,96.37,2026-08-01,2026-09-01,2987.43,96.37,31.0,365.0,t,7,29,38,79,2026-06-24,1,1,0,2026-06-08,2026-06-08,3.0,4.0,5.0,5.0,5.0,3.0,1.0,26,26
2559,1640196508426139483,2026-06-24,city scrape,Single room in a shared two bedroom,142755288,Oluwaseyi,8,10,3,4,"Ottawa, Canada",f,1,t,Beacon Hill-Cyrville,45.44683,-75.59829,Private room in home,Private room,1,1.0,1.0,1.0,38.85,2026-06-24,2026-07-24,1165.47,38.85,30.0,365.0,t,30,60,90,365,2026-06-24,0,0,0,10,10,4.8,4.8,4.9,4.9,4.8,4.7,1.8,1,0
2560,1640957212986950607,2026-06-24,city scrape,Cozy 1-Bedroom Apartment Suite,416910541,Burak,4,10,2,4,"Ottawa, Canada",f,1,t,Bay,45.35899,-75.7732,Entire guest suite,Entire home/apt,2,1.0,1.0,1.0,173.3,2026-06-25,2026-07-25,2246.7,173.3,30.0,60.0,f,29,59,89,364,2026-06-24,0,0,0,10,10,4.8,4.8,4.9,4.9,4.8,4.7,1.8,1,1
2561,1641158249194105140,2026-06-24,city scrape,3BR Central Location • Near All Amenities • Cozy,52810809,Natalie,10,5,4,10,"Ottawa, Canada",f,31,t,College,45.34836,-75.73948,Entire rental unit,Entire home/apt,5,1.0,3.0,3.0,79.27,2026-11-01,2026-12-01,2378.0,79.27,30.0,365.0,t,0,0,0,235,2026-06-24,0,0,0,10,10,4.8,4.8,4.9,4.9,4.8,4.7,1.8,21,21
2562,1641611176188592875,2026-06-24,city scrape,Clean and Quiet Stay Near the Airport.,751463352,Mina,0,3,0,2,"Ottawa, Canada",f,5,t,Gloucester-Southgate,45.36179,-75.65108,Private room in home,Private room,2,1.0,1.0,1.0,76.33,2026-06-24,2026-07-24,2290.0,76.33,30.0,100.0,t,30,60,90,365,2026-06-24,0,0,0,10,10,4.8,4.8,4.9,4.9,4.8,4.7,1.8,5,0
2563,1641679079090005283,2026-06-24,city scrape,Cozy room with private bathroom,270384487,Anna,7,0,0,3,"Ottawa, Canada",f,1,t,Rideau-Goulbourn,45.17843833537511,-75.83689028856229,Private room in townhouse,Private room,2,1.0,1.0,1.0,85.0,2026-06-28,2026-06-29,85.0,85.0,1.0,365.0,t,22,48,75,350,2026-06-24,37,37,0,2026-03-17,2026-06-14,4.97,4.89,4.97,4.95,4.78,4.97,11.1,1,0
2564,1642690575035426190,2026-06-24,city scrape,Double Bed for 1 Guest in Peaceful Space,163835614,Kelmany,8,6,8,5,"Ontario, Canada",t,3,t,Bay,45.36024,-75.78807,Private room in home,Private room,1,3.0,1.0,1.0,68.0,2026-07-09,2026-07-10,68.0,68.0,1.0,365.0,t,6,33,59,334,2026-06-24,19,19,0,2026-03-19,2026-06-08,4.89,4.89,4.95,4.84,4.84,4.95,5.82,3,1
2565,1642795211233060614,2026-06-24,city scrape,Newly Updated MCM 3Bdr Apartment,7261181,Stefania,12,11,0,10,"Ottawa, Canada",f,2,t,College,45.31644,-75.82046,Entire rental unit,Entire home/apt,5,1.5,3.0,3.0,109.73,2026-11-01,2026-12-01,3291.98,109.73,30.0,365.0,t,0,17,22,257,2026-06-24,0,0,0,10,10,4.8,4.8,4.9,4.9,4.8,4.7,1.8,2,2
2566,1643689651825905175,2026-06-24,city scrape,Elegant Townhouse • Sleeps 8 • Prime Location,740408467,Leen,0,5,0,1,"Ottawa, Canada",f,1,t,Gloucester-South Nepean,45.2695004053511,-75.6768604509262,Entire home,Entire home/apt,8,2.5,4.0,5.0,162.63,2026-10-28,2026-11-27,4879.0,162.63,30.0,365.0,t,0,3,8,247,2026-06-24,0,0,0,10,10,4.8,4.8,4.9,4.9,4.8,4.7,1.8,1,1
2567,1644869897269512636,2026-06-24,city scrape,Private Room + Washroom Near uOttawa & Downtown,483836633,Stelle,3,8,1,0,"Ottawa, Canada",f,1,t,Capital,45.4151506,-75.6709863,Private room in rental unit,Private room,2,1.5,1.0,1.0,91.0,2026-06-29,2026-06-30,91.0,91.0,1.0,365.0,t,8,24,49,320,2026-06-24,22,22,0,2026-04-03,2026-06-21,4.73,4.73,4.73,4.77,4.68,4.55,7.95,1,0
2568,1644942274676036497,2026-06-24,city scrape,Carlton West Modern Living | Comfort Stay 1BR,749783933,Audrey,0,3,0,3,"Ottawa, Canada",f,12,t,Kitchissippi,45.38140269591138,-75.74751580894848,Entire rental unit,Entire home/apt,2,1.0,1.0,1.0,111.28,2026-07-18,2026-08-18,3449.64,111.28,31.0,365.0,t,6,36,66,341,2026-06-24,0,0,0,10,10,4.8,4.8,4.9,4.9,4.8,4.7,1.8,12,12
2569,1645103770585052258,2026-06-24,city scrape,"Entire 1BR Suite Near TOH, CHEO & Central",147413402,Berkay,8,10,3,9,"Ottawa, Canada",f,1,t,Alta Vista,45.3999,-75.63674,Entire rental unit,Entire home/apt,2,1.0,1.0,1.0,113.0,2026-06-30,2026-07-01,113.0,113.0,1.0,365.0,t,21,51,81,123,2026-06-24,1,1,0,2026-06-23,2026-06-23,5.0,5.0,5.0,5.0,5.0,5.0,1.0,1,1
2570,1645757289025126605,2026-06-24,city scrape,"Luxury Retreat w/ Pool, Hot Tub & Fire Pit",55108009,Todd,10,5,3,1,"Ottawa, Canada",f,3,t,Osgoode,45.23713,-75.59866,Entire home,Entire home/apt,10,5.0,4.0,3.0,1006.63,2026-06-25,2026-07-25,30199.0,1006.63,30.0,365.0,t,29,59,89,364,2026-06-24,0,0,0,10,10,4.8,4.8,4.9,4.9,4.8,4.7,1.8,2,2
2571,1645914687231236522,2026-06-24,city scrape,"199 Cathcart St, Perfect Downtown Ottawa Stay",114567457,Daniel,9,4,9,2,"Gatineau, Canada",t,13,t,Rideau-Vanier,45.43303,-75.69299,Entire rental unit,Entire home/apt,2,1.0,1.0,1.0,77.02,2026-07-21,2026-08-21,2387.57,77.02,31.0,365.0,t,3,33,63,338,2026-06-24,2,2,0,2026-03-23,2026-06-16,5.0,5.0,5.0,5.0,5.0,5.0,0.64,2,2
2572,1647057943873398979,2026-06-24,city scrape,"Downtown heritage home: backyard, parking, balcony",48203696,Andrew,10,7,9,3,"Ottawa, Canada",f,1,t,Somerset,45.40626115998785,-75.69946955614732,Entire home,Entire home/apt,5,1.0,3.0,3.0,296.71,2026-07-08,2026-07-09,296.71,296.71,1.0,29.0,t,7,10,20,173,2026-06-24,38,38,0,2026-04-05,2026-06-23,4.92,4.95,4.95,4.87,4.87,4.87,14.07,1,1
2573,1647429203468264203,2026-06-24,city scrape,Chambre de luxe propre & moderne + espace partagé,90265550,Sergio,9,10,0,3,"Ottawa, Canada",f,2,t,Rideau-Rockcliffe,45.4448539,-75.64822769999999,Private room in rental unit,Private room,2,1.0,2.0,2.0,173.09,2026-08-03,2026-09-02,5192.84,173.09,30.0,365.0,t,25,45,75,349,2026-06-24,1,1,0,2026-05-02,2026-05-02,5.0,5.0,3.0,5.0,5.0,5.0,0.56,2,1
2574,1648506920305421466,2026-06-24,city scrape,Bright Studio steps from University of Ottawa,66190971,Luis,10,2,4,8,"Gatineau, Canada",t,64,t,Rideau-Vanier,45.42691,-75.67927,Entire rental unit,Entire home/apt,2,1.0,2.0,1.0,75.91,2026-07-31,2026-08-30,2277.15,75.91,30.0,365.0,t,2,25,32,32,2026-06-24,0,0,0,10,10,4.8,4.8,4.9,4.9,4.8,4.7,1.8,26,26
2575,1648679005662750734,2026-06-24,city scrape,Possibliss !,130478905,Possibliss,9,1,0,2,"Ottawa, Canada",f,1,t,Rideau-Rockcliffe,45.42402,-75.66353,Entire home,Entire home/apt,4,1.0,2.0,2.0,136.13,2026-06-27,2026-07-27,4084.01,136.13,30.0,365.0,t,27,57,87,362,2026-06-24,0,0,0,10,10,4.8,4.8,4.9,4.9,4.8,4.7,1.8,1,1
2576,1648712998854045744,2026-06-24,city scrape,Renovated Family Home with Parking,753263984,Azar,0,3,0,2,"Ottawa, Canada",f,1,t,Gloucester-Southgate,45.36541,-75.63208,Entire home,Entire home/apt,5,1.0,1.0,2.0,90.17,2026-08-01,2026-08-31,2705.0,90.17,30.0,365.0,t,0,22,52,232,2026-06-24,1,1,0,2026-06-01,2026-06-01,5.0,5.0,5.0,5.0,5.0,5.0,1.0,1,1
2577,1650749745217009374,2026-06-24,city scrape,Modern Studio w/ parking in Ottawa,667743087,Guillaume,1,6,1,6,"Ottawa, Canada",f,10,t,Beacon Hill-Cyrville,45.42530669352355,-75.63181305413211,Entire rental unit,Entire home/apt,2,1.0,2.0,1.0,92.06,2026-10-20,2026-11-20,2854.0,92.06,31.0,365.0,t,0,15,25,272,2026-06-24,0,0,0,10,10,4.8,4.8,4.9,4.9,4.8,4.7,1.8,10,10
2578,1650759478707147269,2026-06-24,city scrape,"Chic Studio w/ pool, gym, lounge",667743087,Guillaume,1,6,1,6,"Ottawa, Canada",f,10,t,Beacon Hill-Cyrville,45.425491695219634,-75.63088879847335,Entire rental unit,Entire home/apt,2,1.0,2.0,1.0,83.21,2026-07-20,2026-08-20,2579.6,83.21,31.0,365.0,t,4,34,40,285,2026-06-24,0,0,0,10,10,4.8,4.8,4.9,4.9,4.8,4.7,1.8,10,10
2579,1650765322418073500,2026-06-24,city scrape,"Cozy Studio w/ Pool, Gym, Lounge",667743087,Guillaume,1,6,1,6,"Ottawa, Canada",f,10,t,Beacon Hill-Cyrville,45.42458857533581,-75.63226965965987,Entire rental unit,Entire home/apt,2,1.0,2.0,1.0,103.13,2026-10-21,2026-11-21,3197.0,103.13,31.0,365.0,t,0,20,26,272,2026-06-24,2,2,0,2026-05-02,2026-06-14,5.0,5.0,5.0,5.0,5.0,5.0,1.11,10,10
2580,1650782520855577605,2026-06-24,city scrape,All-included Studio w/ parking,667743087,Guillaume,1,6,1,6,"Ottawa, Canada",f,10,t,Beacon Hill-Cyrville,45.42448435375009,-75.63058410369305,Entire rental unit,Entire home/apt,2,1.0,2.0,1.0,97.42,2026-10-23,2026-11-23,3020.0,97.42,31.0,365.0,t,0,20,26,270,2026-06-24,1,1,0,2026-06-19,2026-06-19,5.0,5.0,5.0,5.0,5.0,5.0,1.0,10,10
2581,1650826529469313721,2026-06-24,city scrape,"Lovely studio w/ pool, gym, lounge",667743087,Guillaume,1,6,1,6,"Ottawa, Canada",f,10,t,Beacon Hill-Cyrville,45.42564719130291,-75.6319522432451,Entire rental unit,Entire home/apt,2,1.0,2.0,1.0,92.95,2026-10-23,2026-11-23,2881.59,92.95,31.0,365.0,t,0,6,14,258,2026-06-24,0,0,0,10,10,4.8,4.8,4.9,4.9,4.8,4.7,1.8,10,10
2582,1652990090679767075,2026-06-24,city scrape,"Charme et lumière, bel appartement confortable",543913871,Sonia,2,7,0,2,"Ottawa, Canada",f,1,t,Innes,45.42838,-75.51314,Entire rental unit,Entire home/apt,4,1.0,1.0,1.0,91.99,2026-09-01,2026-10-01,2759.69,91.99,30.0,365.0,t,0,0,21,296,2026-06-24,0,0,0,10,10,4.8,4.8,4.9,4.9,4.8,4.7,1.8,1,1
2583,1653105624710286237,2026-06-24,city scrape,Carlton West Modern Living | Executive Stay 1BR,749783933,Audrey,0,3,0,3,"Ottawa, Canada",f,12,t,Kitchissippi,45.37949829647137,-75.74930326799954,Entire rental unit,Entire home/apt,2,1.0,1.0,1.0,96.74,2026-08-01,2026-09-01,2999.05,96.74,31.0,365.0,t,7,29,59,334,2026-06-24,0,0,0,10,10,4.8,4.8,4.9,4.9,4.8,4.7,1.8,12,12
2584,1653132365708469496,2026-06-24,city scrape,Spacious Studio | Best location to explore Ottawa!,66190971,Luis,10,2,4,8,"Gatineau, Canada",t,64,t,Somerset,45.41123,-75.69119,Entire rental unit,Entire home/apt,2,1.0,2.0,1.0,109.64,2026-07-08,2026-08-07,3289.27,109.64,30.0,365.0,t,16,46,76,79,2026-06-24,1,1,0,2026-05-29,2026-05-29,5.0,4.0,5.0,5.0,5.0,4.0,1.0,26,26
2585,1653254743299960154,2026-06-24,city scrape,Cozy 1-Bed Retreat Steps from ByWard Market,84465488,Erwin,9,11,1,3,"Ottawa, Canada",f,6,t,Rideau-Vanier,45.4313673,-75.6859771,Entire rental unit,Entire home/apt,2,1.0,1.0,1.0,65.53,2026-10-01,2026-10-31,1965.9,65.53,30.0,365.0,t,0,0,0,266,2026-06-24,0,0,0,10,10,4.8,4.8,4.9,4.9,4.8,4.7,1.8,6,6
2586,1653266796419453651,2026-06-24,city scrape,Urban Chic Studio Near ByWard Market,84465488,Erwin,9,11,1,3,"Ottawa, Canada",f,6,t,Rideau-Vanier,45.4312325,-75.68614,Entire rental unit,Entire home/apt,2,1.0,1.0,1.0,68.95,2026-07-31,2026-08-30,2068.55,68.95,30.0,365.0,t,7,30,60,335,2026-06-24,0,0,0,10,10,4.8,4.8,4.9,4.9,4.8,4.7,1.8,6,6
2587,1653633187432261261,2026-07-02,previous scrape,Entire Lower Suite • Private Entrance • Canal,95217498,Aurora,9,9,9,8,"Ottawa, Canada",t,3,t,Capital,45.40816,-75.67859,Entire home,Entire home/apt,1,1.4,1.0,2.0,177.0,2026-07-02,2026-07-03,177.0,177.0,1.0,365.0,t,14,14,14,14,2026-07-02,10,10,0,2026-04-10,2026-06-18,4.8,4.8,4.8,4.9,4.8,4.5,3.57,3,3
2588,1654011829428702011,2026-06-24,city scrape,Bright and modern room near to Ottawa airpot.,458355909,Cedric,4,1,0,2,"Ottawa, Canada",f,4,t,Osgoode,45.30565,-75.59357,Private room in home,Private room,2,1.5,1.0,1.0,69.91,2026-06-24,2026-07-24,2097.31,69.91,30.0,365.0,t,30,60,90,365,2026-06-24,0,0,0,10,10,4.8,4.8,4.9,4.9,4.8,4.7,1.8,4,1
2589,1654013706106458213,2026-06-24,city scrape,Authentique Stylish Room!,458355909,Cedric,4,1,0,2,"Ottawa, Canada",f,4,t,Osgoode,45.30697663114716,-75.59366268862122,Private room in home,Private room,2,1.5,1.0,1.0,69.91,2026-06-24,2026-07-24,2097.31,69.91,30.0,365.0,t,30,60,90,365,2026-06-24,0,0,0,10,10,4.8,4.8,4.9,4.9,4.8,4.7,1.8,4,1
2590,1654014840940497921,2026-06-24,city scrape,Living in comfort in a stylish 3BR home!,458355909,Cedric,4,1,0,2,"Ottawa, Canada",f,4,t,Osgoode,45.3059,-75.59261,Entire home,Entire home/apt,6,2.5,3.0,3.0,191.74,2026-07-31,2026-08-30,5752.12,191.74,30.0,365.0,t,3,26,56,331,2026-06-24,0,0,0,10,10,4.8,4.8,4.9,4.9,4.8,4.7,1.8,4,1
2591,1654092487143912338,2026-06-24,city scrape,Cozy Private Basement Suite in a New & Quiet Home,393469499,Lizzy,5,3,0,2,"Ottawa, Canada",f,3,t,West Carleton-March,45.36486,-75.94268,Private room in home,Private room,2,1.0,1.0,2.0,123.67,2026-06-28,2026-07-01,371.0,123.67,3.0,28.0,t,20,50,80,170,2026-06-24,15,15,0,2026-04-03,2026-06-21,4.93,4.8,4.87,5.0,4.67,4.87,5.42,3,0
2592,1654615200910215245,2026-06-24,city scrape,The Bordeaux House,145545344,Jessica,8,10,0,1,"Ottawa, Canada",f,1,t,Kanata South,45.27938547602994,-75.86818757492226,Entire townhouse,Entire home/apt,6,2.5,3.0,3.0,155.16,2026-08-16,2026-09-15,4654.79,155.16,30.0,365.0,t,13,20,50,325,2026-06-24,0,0,0,10,10,4.8,4.8,4.9,4.9,4.8,4.7,1.8,1,1
2593,1655319551183597405,2026-06-24,city scrape,Cozy 2bedroom in Carlington,20069298,Mackenzie,11,10,6,9,"Ottawa, Canada",f,2,t,River,45.38178,-75.72872,Entire home,Entire home/apt,4,2.5,2.0,3.0,156.63,2027-01-01,2027-01-31,4699.04,156.63,30.0,1125.0,t,0,0,0,174,2026-06-24,0,0,0,10,10,4.8,4.8,4.9,4.9,4.8,4.7,1.8,2,2
2594,1655930512492355509,2026-06-24,city scrape,Luxury master suite with private bath,706496388,Omotoke,0,11,0,2,"Ottawa, Canada",f,1,t,Osgoode,45.30619,-75.59576,Private room in home,Private room,2,1.0,1.0,1.0,52.21,2026-06-25,2026-07-25,1566.35,52.21,30.0,365.0,t,29,59,89,364,2026-06-24,0,0,0,10,10,4.8,4.8,4.9,4.9,4.8,4.7,1.8,1,0
2595,1656289842273773977,2026-06-24,city scrape,Studio Room near Ottawa Int’ Airport,734335012,Monoara,0,6,0,2,"Ottawa, Canada",f,2,t,River,45.350828145679095,-75.66644065082073,Private room in home,Private room,2,1.0,1.0,1.0,125.0,2026-06-24,2026-06-25,125.0,125.0,1.0,90.0,t,21,51,81,261,2026-06-24,4,4,0,2026-05-24,2026-06-14,5.0,5.0,5.0,5.0,5.0,5.0,3.75,1,0
2596,1656698085998104790,2026-06-24,city scrape,Private Centretown Suite,755317951,Michael,0,2,0,2,"Ottawa, Canada",f,2,t,Somerset,45.4124,-75.69776,Private room in rental unit,Private room,1,1.0,2.0,1.0,173.3,2026-09-03,2026-10-03,2246.7,173.3,30.0,365.0,f,0,0,19,294,2026-06-24,0,0,0,10,10,4.8,4.8,4.9,4.9,4.8,4.7,1.8,2,0
2597,1657354719551280960,2026-06-24,city scrape,One Bed Two Bath w Parking in the Glebe - On Canal,71981637,Marc And Amanda,10,1,9,0,"Ottawa, Canada",f,1,t,Capital,45.39764233521994,-75.68542455714721,Entire rental unit,Entire home/apt,2,2.0,1.0,1.0,147.93,2027-03-01,2027-03-31,4438.0,147.93,30.0,365.0,t,7,7,7,122,2026-06-24,0,0,0,10,10,4.8,4.8,4.9,4.9,4.8,4.7,1.8,1,1
2598,1658271587686682237,2026-06-24,city scrape,Brand New Ensuite Near Airport & Casino,755713813,Pratap,0,2,0,0,"Ottawa, Canada",f,1,t,Gloucester-South Nepean,45.3223524,-75.6136092,Private room in townhouse,Private room,2,1.0,1.0,1.0,112.0,2026-06-29,2026-06-30,112.0,112.0,1.0,40.0,t,17,38,68,247,2026-06-24,6,6,0,2026-06-10,2026-06-21,5.0,5.0,5.0,5.0,4.83,5.0,6.0,1,0
2599,1659427611819353101,2026-06-24,city scrape,Pirate Cove - Fantastic Outdoor Space!,61765455,Earl,10,3,4,10,"Ottawa, Canada",t,2,t,West Carleton-March,45.38991,-75.97864,Private room in guest suite,Private room,4,1.0,1.0,3.0,375.75,2026-06-24,2026-07-24,11272.39,375.75,30.0,365.0,t,30,60,90,365,2026-06-24,0,0,0,10,10,4.8,4.8,4.9,4.9,4.8,4.7,1.8,2,1
2600,1659438538940122797,2026-06-24,city scrape,Home with great pool !,61765455,Earl,10,3,4,10,"Ottawa, Canada",t,2,t,West Carleton-March,45.3686,-75.94942,Entire home,Entire home/apt,11,2.5,4.0,5.0,483.77,2026-06-24,2026-07-24,14513.04,483.77,30.0,365.0,t,30,60,90,365,2026-06-24,0,0,0,10,10,4.8,4.8,4.9,4.9,4.8,4.7,1.8,2,1
2601,1660945663047235958,2026-06-24,city scrape,Spacious 2-bedroom apartment,756295966,Shohanur,0,2,0,2,"Ottawa, Canada",f,1,t,Rideau-Rockcliffe,45.43725,-75.6524,Entire rental unit,Entire home/apt,4,1.0,2.0,2.0,192.33,2026-07-03,2026-07-06,2246.7,173.3,19.6,3152807.2,t,0,0,0,0,2026-06-24,6,6,0,2026-05-10,2026-06-22,4.8,4.6,4.8,5.0,4.4,4.6,3.91,1,1
2602,1661112682169696717,2026-06-24,city scrape,Modern 1BR Retreat-Fully Furnished | 30+ Day Stay,756334142,Rick,0,2,0,2,"Ottawa, Canada",f,2,t,Alta Vista,45.39358,-75.67006,Entire rental unit,Entire home/apt,2,1.0,1.0,1.0,144.36,2026-07-01,2026-07-31,4330.68,144.36,30.0,365.0,t,23,53,83,358,2026-06-24,0,0,0,10,10,4.8,4.8,4.9,4.9,4.8,4.7,1.8,2,2
2603,1661215043851289740,2026-06-24,city scrape,Modern Cozy Room in a New Home,393469499,Lizzy,5,3,0,2,"Ottawa, Canada",f,3,t,West Carleton-March,45.36526,-75.94257,Private room in home,Private room,1,1.0,1.0,1.0,108.5,2026-06-24,2026-06-26,217.0,108.5,2.0,365.0,t,18,31,61,61,2026-06-24,5,5,0,2026-04-18,2026-06-21,4.4,4.6,4.4,4.4,4.0,4.2,2.21,3,0
2604,1661331787418935084,2026-06-24,city scrape,1 Bedroom Modern Unit for Extended Stays (No pets),756334142,Rick,0,2,0,2,"Ottawa, Canada",f,2,t,Alta Vista,45.39215,-75.67159,Entire rental unit,Entire home/apt,2,1.4,2.0,1.0,115.1,2026-07-24,2026-08-23,3453.0,115.1,30.0,365.0,t,0,30,60,335,2026-06-24,0,0,0,10,10,4.8,4.8,4.9,4.9,4.8,4.7,1.8,2,2
2605,1662275655840184761,2026-06-24,city scrape,Room 200 meters To UOttawa Train Station,510569116,Carlos,3,2,3,2,"Ottawa, Canada",f,47,t,Rideau-Vanier,45.424,-75.68056,Private room in rental unit,Private room,1,2.0,1.0,1.0,154.5,2026-06-24,2026-06-26,309.0,154.5,1.0,365.0,t,30,60,90,365,2026-06-24,2,2,0,2026-05-03,2026-05-14,1.5,1.0,4.0,4.5,4.0,1.5,1.13,26,0
2606,1662594177086178935,2026-06-24,city scrape,Award-Winning 2BR Hilltop Suite in Nepean | WFH,219562700,Ata,7,8,0,2,"Ottawa, Canada",f,1,t,Knoxdale-Merivale,45.35956309971606,-75.72733924043092,Entire home,Entire home/apt,4,1.0,2.0,3.0,344.0,2026-06-29,2026-07-02,1032.0,344.0,3.0,28.0,t,11,33,57,97,2026-06-24,12,12,0,2026-04-20,2026-06-18,5.0,5.0,5.0,5.0,5.0,5.0,5.45,1,1
2607,1662755744006457881,2026-06-24,city scrape,Modern 1-Bed Apartment Near ByWard Market,84465488,Erwin,9,11,1,3,"Ottawa, Canada",f,6,t,Rideau-Vanier,45.4312325,-75.68614,Entire rental unit,Entire home/apt,2,1.0,1.0,1.0,67.03,2027-05-01,2027-05-31,2011.03,67.03,30.0,365.0,t,0,0,0,54,2026-06-24,1,1,0,2026-05-31,2026-05-31,5.0,5.0,5.0,5.0,5.0,5.0,1.0,6,6
2608,1663204166059219647,2026-06-24,city scrape,Rideau Gardens Home,1145418,Anne,14,9,4,2,"Ottawa, Canada",f,1,t,Capital,45.40102,-75.67642,Entire home,Entire home/apt,6,3.5,4.0,4.0,241.84,2027-04-13,2027-05-13,7255.1,241.84,30.0,90.0,t,0,6,15,75,2026-06-24,0,0,0,10,10,4.8,4.8,4.9,4.9,4.8,4.7,1.8,1,1
2609,1663368720233661113,2026-06-24,city scrape,"Private, Modern Guest Suite in Ottawa",698790273,Erick,1,0,0,11,"Ottawa, Canada",t,1,t,Gloucester-South Nepean,45.28575901568912,-75.6783940662064,Entire guest suite,Entire home/apt,2,1.0,1.0,1.0,168.44,2026-06-29,2026-06-30,168.44,168.44,1.0,365.0,t,6,32,42,143,2026-06-24,9,9,0,2026-04-26,2026-06-19,5.0,4.89,5.0,5.0,4.78,4.67,4.5,1,1
2610,1664043690499953110,2026-06-24,city scrape,5 BR House in Nepean–Near Algonquin College,517709296,Sarah And Sy,3,0,3,0,"Ottawa, Canada",t,6,t,College,45.34417288153342,-75.77765857018541,Entire bungalow,Entire home/apt,10,2.0,5.0,6.0,162.02,2026-07-17,2026-08-16,4860.5,162.02,30.0,1125.0,t,7,37,45,45,2026-06-24,0,0,0,10,10,4.8,4.8,4.9,4.9,4.8,4.7,1.8,5,5
2611,1664141717459542723,2026-06-24,city scrape,Tiny Room 220 meters from University Of Ottawa,510569116,Carlos,3,2,3,2,"Ottawa, Canada",f,47,t,Rideau-Vanier,45.423764065187946,-75.68034031872635,Private room in rental unit,Private room,1,2.0,1.0,1.0,178.5,2026-06-24,2026-06-26,357.0,178.5,2.0,365.0,t,30,60,90,365,2026-06-24,2,2,0,2026-05-24,2026-05-30,3.0,4.5,4.0,4.0,4.5,2.0,1.87,26,0
2612,1664645701438968892,2026-06-24,city scrape,Super one bedroom unit to relax,486026361,Victor,3,7,3,6,"Ottawa, Canada",f,18,t,Innes,45.44322196463954,-75.51907515715548,Entire home,Entire home/apt,2,1.0,1.0,1.0,101.23,2026-06-24,2026-07-24,3037.0,101.23,30.0,365.0,t,30,60,90,365,2026-06-24,0,0,0,10,10,4.8,4.8,4.9,4.9,4.8,4.7,1.8,18,1
2613,1664873513424666552,2026-06-24,city scrape,Sapling Grove Escape,749841742,Christo,0,3,0,3,"Ottawa, Canada",f,1,t,Barrhaven,45.2565952,-75.7595765,Entire home,Entire home/apt,8,3.5,4.0,4.0,222.34,2026-08-11,2026-09-10,6670.25,222.34,30.0,365.0,t,0,12,42,317,2026-06-24,1,1,0,2026-05-29,2026-05-29,5.0,5.0,5.0,5.0,5.0,5.0,1.0,1,1
2614,1665765885897097287,2026-06-24,city scrape,Stylish Bedroom in Findlay Creek (brand new house),724292051,Simon,0,8,0,8,"Ottawa, Canada",f,2,t,Osgoode,45.30427994676948,-75.5991067068918,Private room in home,Private room,1,1.0,2.0,1.0,48.45,2026-06-25,2026-07-25,1453.5,48.45,30.0,180.0,t,29,59,89,364,2026-06-24,0,0,0,10,10,4.8,4.8,4.9,4.9,4.8,4.7,1.8,2,1
2615,1666113299450577662,2026-06-24,city scrape,Downtown Studio | 5 Mins to U Ottawa,66190971,Luis,10,2,4,8,"Gatineau, Canada",t,64,t,Rideau-Vanier,45.42357,-75.67819,Entire rental unit,Entire home/apt,1,1.0,1.0,1.0,61.37,2026-07-16,2026-08-15,1841.1,61.37,30.0,365.0,t,8,38,68,71,2026-06-24,0,0,0,10,10,4.8,4.8,4.9,4.9,4.8,4.7,1.8,26,26
2616,1666135230535068959,2026-06-24,city scrape,Cozy Downtown Studio | 5 min to U of Ottawa,66190971,Luis,10,2,4,8,"Gatineau, Canada",t,64,t,Rideau-Vanier,45.42365,-75.67808,Entire rental unit,Entire home/apt,1,1.0,1.0,1.0,66.22,2026-06-24,2026-07-24,1986.45,66.22,30.0,365.0,t,30,60,90,93,2026-06-24,0,0,0,10,10,4.8,4.8,4.9,4.9,4.8,4.7,1.8,26,26
2617,1667090863621477007,2026-06-24,city scrape,Tiny Room 200 Meter From Campus and UOttawa Train,510569116,Carlos,3,2,3,2,"Ottawa, Canada",f,47,t,Rideau-Vanier,45.42431730433259,-75.68015841274372,Private room in rental unit,Private room,1,2.0,1.0,1.0,239.33,2026-06-24,2026-06-27,718.0,239.33,2.0,365.0,t,30,60,90,365,2026-06-24,2,2,0,2026-05-03,2026-05-11,4.0,4.5,3.5,4.0,5.0,4.0,1.13,26,0
2618,1667338687887968254,2026-06-24,city scrape,KASHY HOMES-Stunning single family home,66264674,Kashy,10,2,10,2,"Ottawa, Canada",t,7,t,Cumberland,45.44503,-75.48489,Entire home,Entire home/apt,16,3.5,5.0,5.0,322.23,2026-07-01,2026-07-31,9667.0,322.23,30.0,365.0,t,23,53,83,358,2026-06-24,0,0,0,10,10,4.8,4.8,4.9,4.9,4.8,4.7,1.8,7,7
2619,1668070588299620992,2026-06-24,city scrape,Home Sweet Home,92313272,Etin,9,9,2,10,"Ottawa, Canada",t,7,t,Stittsville-Kanata West,45.28736,-75.93088,Entire home,Entire home/apt,8,3.5,4.0,4.0,171.89,2026-07-07,2026-08-06,5156.55,171.89,30.0,365.0,t,17,47,77,257,2026-06-24,0,0,0,10,10,4.8,4.8,4.9,4.9,4.8,4.7,1.8,2,2
2620,1668970293132331029,2026-06-24,city scrape,Central Ottawa Studio | AC | Near U Ottawa,66190971,Luis,10,2,4,8,"Gatineau, Canada",t,64,t,Rideau-Vanier,45.425320206125065,-75.6780197523209,Entire rental unit,Entire home/apt,2,1.0,1.0,1.0,66.22,2026-08-14,2026-09-13,1986.45,66.22,30.0,365.0,t,0,20,50,53,2026-06-24,0,0,0,10,10,4.8,4.8,4.9,4.9,4.8,4.7,1.8,26,26
2621,1669117437833454800,2026-06-24,city scrape,"Big and Clean Room, Perfect Lighting,",751463352,Mina,0,3,0,2,"Ottawa, Canada",f,5,t,Gloucester-Southgate,45.36246333426351,-75.65147084247387,Private room in home,Private room,2,1.0,1.0,1.0,65.27,2026-06-24,2026-07-24,1958.0,65.27,30.0,100.0,t,30,60,90,365,2026-06-24,0,0,0,10,10,4.8,4.8,4.9,4.9,4.8,4.7,1.8,5,0
2622,1669125066094754300,2026-06-24,city scrape,"Clean, big room in a nice neighbourhood.",751463352,Mina,0,3,0,2,"Ottawa, Canada",f,5,t,Gloucester-Southgate,45.36351976407519,-75.65106108701929,Private room in home,Private room,2,1.0,1.0,1.0,65.27,2026-06-24,2026-07-24,1958.0,65.27,30.0,100.0,t,30,60,90,365,2026-06-24,0,0,0,10,10,4.8,4.8,4.9,4.9,4.8,4.7,1.8,5,0
2623,1669134857933608052,2026-06-24,city scrape,Cozy room in a convenient neighborhood.,751463352,Mina,0,3,0,2,"Ottawa, Canada",f,5,t,Gloucester-Southgate,45.36199,-75.65126,Private room in home,Private room,2,1.0,1.0,1.0,65.27,2026-06-24,2026-07-24,1958.0,65.27,30.0,100.0,t,30,60,90,365,2026-06-24,0,0,0,10,10,4.8,4.8,4.9,4.9,4.8,4.7,1.8,5,0
2624,1669146690505947187,2026-06-24,city scrape,Spacious room in a beautiful house,751463352,Mina,0,3,0,2,"Ottawa, Canada",f,5,t,Gloucester-Southgate,45.36314620566085,-75.65118555388746,Private room in home,Private room,2,1.4,1.0,1.0,65.27,2026-06-24,2026-07-24,1958.0,65.27,30.0,100.0,t,30,60,90,365,2026-06-24,0,0,0,10,10,4.8,4.8,4.9,4.9,4.8,4.7,1.8,5,0
2625,1670232315727537279,2026-06-24,city scrape,"Chambre privée , centre‑ville proche UOttawa",1670232167970772652,Nissrine,0,2,0,2,"Ottawa, Canada",f,1,t,Rideau-Vanier,45.4292902,-75.688254,Private room in rental unit,Private room,1,1.4,1.0,1.0,35.4,2026-06-24,2026-07-24,1061.93,35.4,30.0,90.0,t,30,60,90,90,2026-06-24,0,0,0,10,10,4.8,4.8,4.9,4.9,4.8,4.7,1.8,1,0
2626,1670399939861486347,2026-06-24,city scrape,Carlton West Modern Living | Signature 1BR,749783933,Audrey,0,3,0,3,"Ottawa, Canada",f,12,t,Kitchissippi,45.38135978707009,-75.74913553521588,Entire rental unit,Entire home/apt,2,1.0,1.0,1.0,98.68,2026-07-24,2026-08-24,3059.13,98.68,31.0,365.0,t,0,30,60,335,2026-06-24,0,0,0,10,10,4.8,4.8,4.9,4.9,4.8,4.7,1.8,12,12
2627,1670650166944201662,2026-06-24,city scrape,Boutique Style Ensuite Room Near Ottawa,36305831,Manuela,11,0,9,0,"Ottawa, Canada",f,2,t,Rideau-Goulbourn,45.2128006,-75.68294709999999,Private room in home,Private room,2,1.0,1.0,1.0,75.0,2026-07-26,2026-07-27,75.0,75.0,1.0,365.0,t,0,24,24,154,2026-06-24,20,20,0,2026-05-08,2026-06-22,5.0,5.0,5.0,5.0,5.0,4.95,12.5,2,0
2628,1671086235168463700,2026-06-24,city scrape,"Home near parliament, Nonsmoker Only",572691187,Audet,2,2,1,4,"Ottawa, Canada",f,2,t,Somerset,45.413483940126085,-75.69888410343344,Entire rental unit,Entire home/apt,1,1.0,1.0,1.0,182.59,2026-06-24,2026-06-29,912.94,182.59,5.0,60.0,t,30,60,90,365,2026-06-24,0,0,0,10,10,4.8,4.8,4.9,4.9,4.8,4.7,1.8,2,2
2629,1671107591291617647,2026-06-24,city scrape,A beautiful Oasis in a quiet area,305279717,Juliana,6,7,1,10,"Clarence-Rockland, Canada",f,1,t,Innes,45.43118,-75.56619,Entire rental unit,Entire home/apt,2,1.0,1.0,1.0,173.3,2026-06-24,2026-07-24,2246.7,173.3,30.0,365.0,f,30,60,90,365,2026-06-24,0,0,0,10,10,4.8,4.8,4.9,4.9,4.8,4.7,1.8,1,1
2630,1672085750281353637,2026-06-24,city scrape,Comfortable and private stay for weeks or months.,143699730,Mohtashim,8,10,2,11,"Ottawa, Canada",f,1,t,Kanata South,45.28018,-75.8471,Entire home,Entire home/apt,4,1.0,3.0,2.0,123.06,2026-06-24,2026-07-24,3691.87,123.06,30.0,365.0,t,30,60,90,365,2026-06-24,0,0,0,10,10,4.8,4.8,4.9,4.9,4.8,4.7,1.8,1,1
2631,1672651498677465143,2026-06-24,city scrape,Home Away from Home |Beautiful Cozy Room,393469499,Lizzy,5,3,0,2,"Ottawa, Canada",f,3,t,West Carleton-March,45.36652,-75.94285,Private room in home,Private room,1,1.0,1.0,1.0,98.0,2026-07-03,2026-07-05,196.0,98.0,2.0,365.0,t,8,8,28,28,2026-06-24,5,5,0,2026-05-16,2026-06-03,5.0,4.8,5.0,5.0,4.4,5.0,3.75,3,0
2632,1672858210261667988,2026-06-24,city scrape,Rideau Canal Townhouse,74257763,Melissa And Will,10,0,8,4,"Ottawa, Canada",f,2,t,River,45.365979,-75.7043602,Private room in home,Private room,4,1.0,1.0,2.0,45.11,2026-06-25,2026-07-25,1353.24,45.11,30.0,365.0,t,29,59,89,179,2026-06-24,0,0,0,10,10,4.8,4.8,4.9,4.9,4.8,4.7,1.8,1,0
2633,1674309148996025918,2026-06-24,city scrape,Bachelor room,58792909,Kien,10,4,8,7,"Ottawa, Canada",f,1,t,Stittsville-Kanata West,45.28621,-75.92924,Private room in home,Private room,2,1.0,1.0,1.0,49.47,2026-09-17,2026-10-17,1484.05,49.47,30.0,365.0,t,9,9,14,289,2026-06-24,0,0,0,10,10,4.8,4.8,4.9,4.9,4.8,4.7,1.8,1,0
2634,1674777933091075829,2026-06-24,city scrape,Convenient & Travel-Friendly,1674777881750427537,Tina,0,1,0,1,"Ottawa, Canada",f,1,t,Rideau-Vanier,45.44117841700436,-75.65454302883606,Entire rental unit,Entire home/apt,2,1.0,1.0,1.0,129.0,2026-08-01,2026-08-03,258.0,129.0,2.0,365.0,t,0,15,45,318,2026-06-24,0,0,0,10,10,4.8,4.8,4.9,4.9,4.8,4.7,1.8,1,1
2635,1674823056143583571,2026-06-24,city scrape,2-BR Tropical Boho-Chic Gem in Ottawa's Heart,1674823009266369033,Y,0,1,0,1,"Ottawa, Canada",f,1,t,Rideau-Rockcliffe,45.44100748495507,-75.67822938157279,Entire rental unit,Entire home/apt,4,1.0,2.0,2.0,122.5,2026-07-31,2026-08-30,3674.87,122.5,30.0,365.0,t,7,30,60,335,2026-06-24,0,0,0,10,10,4.8,4.8,4.9,4.9,4.8,4.7,1.8,1,1
2636,1674834525954259055,2026-06-24,city scrape,1 Guest in Quiet Home - Double Bed/Shared Bathroom,163835614,Kelmany,8,6,8,5,"Ontario, Canada",t,3,t,Bay,45.36048079216763,-75.78640664115478,Private room in home,Private room,1,4.0,1.0,1.0,67.0,2026-07-08,2026-07-09,67.0,67.0,1.0,365.0,t,10,38,68,343,2026-06-24,2,2,0,2026-05-08,2026-06-07,5.0,5.0,5.0,5.0,5.0,5.0,1.25,3,1
2637,1674835246529570392,2026-06-24,city scrape,Updated 4 BR Home + Garage - CHEO/General Hospital,62290204,Debbie,10,3,2,7,"Ottawa, Canada",f,1,t,Alta Vista,45.39863,-75.66151,Entire home,Entire home/apt,6,2.5,4.0,5.0,177.0,2026-10-13,2026-11-12,5310.0,177.0,30.0,120.0,t,0,6,12,266,2026-06-24,0,0,0,10,10,4.8,4.8,4.9,4.9,4.8,4.7,1.8,1,1
2638,1676109317302366847,2026-06-24,city scrape,Family Bungalow-Dwtn 16 min-Shops 2-Monthly Rental,305048917,Mohammad,6,7,4,4,"Ottawa, Canada",t,10,t,Knoxdale-Merivale,45.35572622097799,-75.73568317619629,Entire home,Entire home/apt,7,1.0,4.0,6.0,180.23,2026-07-31,2026-08-31,5587.0,180.23,31.0,365.0,t,0,23,53,328,2026-06-24,0,0,0,10,10,4.8,4.8,4.9,4.9,4.8,4.7,1.8,8,8
2639,1676195323530512361,2026-06-24,city scrape,Stylish 1BR Retreat Minutes to Downtown Ottawa,338003968,Chloe,6,4,0,1,"Ottawa, Canada",f,1,t,Rideau-Rockcliffe,45.43404,-75.64645,Entire rental unit,Entire home/apt,4,1.0,1.0,2.0,78.21,2026-08-03,2026-09-02,2346.42,78.21,30.0,92.0,t,0,20,50,140,2026-06-24,0,0,0,10,10,4.8,4.8,4.9,4.9,4.8,4.7,1.8,1,1
2640,1676321898909644185,2026-06-24,city scrape,Budget home: Dwtn 16 min. Shops 2. Monthly Rental.,305048917,Mohammad,6,7,4,4,"Ottawa, Canada",t,10,t,Knoxdale-Merivale,45.3564349,-75.7349107,Entire rental unit,Entire home/apt,5,3.0,3.0,4.0,124.9,2026-07-01,2026-08-01,3872.0,124.9,31.0,365.0,t,23,53,83,358,2026-06-24,0,0,0,10,10,4.8,4.8,4.9,4.9,4.8,4.7,1.8,8,8
2641,1676336820849455473,2026-06-24,city scrape,Steps to Uottawa,510569116,Carlos,3,2,3,2,"Ottawa, Canada",f,47,t,Rideau-Vanier,45.42183,-75.67896,Private room in rental unit,Private room,1,2.0,1.0,1.0,305.89,2026-06-24,2026-07-24,9176.75,305.89,30.0,365.0,t,30,60,90,365,2026-06-24,0,0,0,10,10,4.8,4.8,4.9,4.9,4.8,4.7,1.8,26,0
2642,1676519302911724097,2026-06-24,city scrape,Room single bed few meters away from Uottawa,510569116,Carlos,3,2,3,2,"Ottawa, Canada",f,47,t,Rideau-Vanier,45.42367,-75.68063,Private room in rental unit,Private room,1,2.0,1.0,1.0,372.0,2026-06-24,2026-06-25,372.0,372.0,1.0,365.0,t,30,60,90,365,2026-06-24,2,2,0,2026-05-14,2026-05-21,4.5,5.0,5.0,5.0,4.5,5.0,1.43,26,0
2643,1676826225215665565,2026-06-24,city scrape,Votre nid douillet à proximité d'absolument tout.,56018103,Brigitte,10,4,3,11,"Ottawa, Canada",f,1,t,Rideau-Vanier,45.4358988,-75.6865107,Entire rental unit,Entire home/apt,2,1.4,1.0,2.0,76.62,2026-07-15,2026-08-14,2298.64,76.62,30.0,1125.0,t,9,39,48,198,2026-06-24,0,0,0,10,10,4.8,4.8,4.9,4.9,4.8,4.7,1.8,1,1
2644,1676897052981842267,2026-06-24,city scrape,"New Fresh 2BR Apt, Free Parking, Prime Location",13254858,Anna,12,3,2,10,"Richmond Hill, Canada",f,1,t,Kitchissippi,45.40134930000001,-75.7419687,Entire rental unit,Entire home/apt,5,1.0,2.0,3.0,148.76,2026-08-08,2026-09-07,4462.76,148.76,30.0,365.0,t,0,15,45,225,2026-06-24,0,0,0,10,10,4.8,4.8,4.9,4.9,4.8,4.7,1.8,1,1
2645,1677903159083652037,2026-06-24,city scrape,A lovely room with a private washroom in basement,1671427165104017851,Olushola,0,1,0,1,"Ottawa, Canada",f,1,t,Gloucester-South Nepean,45.27545259738699,-75.73183014217466,Private room in home,Private room,1,1.0,1.0,1.0,173.3,2026-06-28,2026-06-29,2246.7,173.3,1.0,365.0,t,24,54,84,359,2026-06-24,2,2,0,2026-05-10,2026-05-24,4.5,4.0,4.5,5.0,5.0,5.0,1.3,1,0
2646,1678562916164233041,2026-06-24,city scrape,"Cozy apartment near DT/St-Laurent - Wi-fi, Parking",395364713,Yann,5,2,0,6,"Ottawa, Canada",t,2,t,Alta Vista,45.41819707468523,-75.64383941260651,Entire home,Entire home/apt,2,1.0,1.0,1.0,189.0,2026-07-06,2026-07-07,189.0,189.0,1.0,365.0,t,7,27,54,321,2026-06-24,1,1,0,2026-06-10,2026-06-10,5.0,5.0,5.0,5.0,5.0,5.0,1.0,2,1
2647,1679731495005487787,2026-06-24,city scrape,Carlton West Modern Living | Vista 1BR,749783933,Audrey,0,3,0,3,"Ottawa, Canada",f,12,t,Kitchissippi,45.3802317,-75.74811989999999,Entire rental unit,Entire home/apt,2,1.0,1.0,1.0,106.43,2026-12-31,2027-01-31,3299.44,106.43,31.0,365.0,t,11,11,11,186,2026-06-24,0,0,0,10,10,4.8,4.8,4.9,4.9,4.8,4.7,1.8,12,12
2648,1679909455698501998,2026-06-24,city scrape,Luxury Living in the Heart of Westboro,70154803,Bianca,10,1,0,1,"Ottawa, Canada",f,1,t,Kitchissippi,45.39378249162732,-75.74756423928257,Entire home,Entire home/apt,6,3.5,3.0,3.0,385.61,2026-06-24,2026-07-24,11568.4,385.61,30.0,365.0,t,30,60,90,365,2026-06-24,0,0,0,10,10,4.8,4.8,4.9,4.9,4.8,4.7,1.8,1,1
2649,1680172966836970157,2026-06-24,city scrape,Comfortable double room meters away from Uottawa,510569116,Carlos,3,2,3,2,"Ottawa, Canada",f,47,t,Rideau-Vanier,45.42349,-75.67927,Private room in rental unit,Private room,2,1.0,1.0,1.0,213.5,2026-06-27,2026-06-29,427.0,213.5,2.0,365.0,t,27,57,87,362,2026-06-24,0,0,0,10,10,4.8,4.8,4.9,4.9,4.8,4.7,1.8,26,0
2650,1680581980180613136,2026-06-24,city scrape,Boutique Style Suite in The Glebe,85297148,Short And Suite BnB,9,11,9,4,"Ottawa, Canada",t,51,t,Capital,45.4034,-75.68554,Entire rental unit,Entire home/apt,2,1.0,1.0,1.0,82.57,2027-01-01,2027-01-31,2476.95,82.57,30.0,365.0,t,26,29,30,150,2026-06-24,0,0,0,10,10,4.8,4.8,4.9,4.9,4.8,4.7,1.8,28,28
2651,1680833040574777516,2026-06-24,city scrape,Lovely 3 - Bed Townhouse.,440145201,Favour Janada,4,5,0,1,"Ottawa, Canada",f,1,t,Cumberland,45.44438324431979,-75.47930499459152,Entire home,Entire home/apt,6,2.5,3.0,3.0,161.9,2026-08-30,2026-09-29,4857.0,161.9,30.0,365.0,t,4,4,27,302,2026-06-24,0,0,0,10,10,4.8,4.8,4.9,4.9,4.8,4.7,1.8,1,1
2652,1681265809468865220,2026-06-24,city scrape,Condo in the heart of Westboro,66190971,Luis,10,2,4,8,"Gatineau, Canada",t,64,t,Kitchissippi,45.4009839,-75.7306967,Entire rental unit,Entire home/apt,2,1.0,1.0,1.0,120.48,2026-07-17,2026-08-16,3614.37,120.48,30.0,365.0,t,7,37,67,70,2026-06-24,0,0,0,10,10,4.8,4.8,4.9,4.9,4.8,4.7,1.8,26,26
2653,1681374656589289640,2026-06-24,city scrape,Parking Included- Studio in the Heart of Ottawa,66190971,Luis,10,2,4,8,"Gatineau, Canada",t,64,t,Somerset,45.40778520000001,-75.6964868,Entire rental unit,Entire home/apt,2,1.0,1.0,1.0,136.31,2026-07-15,2026-08-14,4089.18,136.31,30.0,365.0,t,9,39,69,163,2026-06-24,0,0,0,10,10,4.8,4.8,4.9,4.9,4.8,4.7,1.8,26,26
2654,1682073871925343647,2026-07-02,previous scrape,"Duplex near the Parliament Hill, Non Smoker",572691187,Audet,2,2,1,4,"Ottawa, Canada",f,2,t,Somerset,45.4148,-75.69867,Entire home,Entire home/apt,2,1.4,1.0,2.0,166.77,2026-07-02,2026-07-07,833.85,166.77,5.0,180.0,t,30,60,90,270,2026-07-02,0,0,0,10,10,4.8,4.8,4.9,4.9,4.8,4.7,1.8,2,2
2655,1682867918869741864,2026-06-24,city scrape,Executive Condo Suite,19870634,Nancy,11,10,9,3,"Victoria, Canada",f,1,t,Rideau-Vanier,45.42953802780347,-75.69617889898451,Entire rental unit,Entire home/apt,4,2.0,3.0,3.0,154.87,2026-08-21,2026-09-20,4646.0,154.87,30.0,120.0,t,0,2,32,122,2026-06-24,0,0,0,10,10,4.8,4.8,4.9,4.9,4.8,4.7,1.8,1,1
2656,1683475030386567419,2026-06-24,city scrape,Settle in: A serene bedroom + workstation,397565786,Funmi,5,2,2,7,"Ottawa, Canada",t,6,t,Stittsville-Kanata West,45.2842,-75.93344,Private room in home,Private room,2,1.5,1.0,1.0,75.57,2026-07-05,2026-07-12,529.0,75.57,7.0,365.0,t,23,47,77,352,2026-06-24,0,0,0,10,10,4.8,4.8,4.9,4.9,4.8,4.7,1.8,6,0
2657,1683497541440432658,2026-06-24,city scrape,Condo in the heart of Westboro,66190971,Luis,10,2,4,8,"Gatineau, Canada",t,64,t,Kitchissippi,45.4009839,-75.7306967,Entire rental unit,Entire home/apt,2,1.0,1.0,1.0,124.36,2026-07-31,2026-08-30,3730.65,124.36,30.0,365.0,t,0,23,53,56,2026-06-24,0,0,0,10,10,4.8,4.8,4.9,4.9,4.8,4.7,1.8,26,26
2658,1683528093699050316,2026-06-24,city scrape,Spacious Apartment near University of Ottawa,66190971,Luis,10,2,4,8,"Gatineau, Canada",t,64,t,Rideau-Vanier,45.4258604,-75.6812365,Entire rental unit,Entire home/apt,2,1.0,1.0,1.0,96.9,2027-05-22,2027-06-21,2907.0,96.9,30.0,365.0,t,2,2,3,36,2026-06-24,0,0,0,10,10,4.8,4.8,4.9,4.9,4.8,4.7,1.8,26,26
2659,1683611567729680117,2026-06-24,city scrape,Room A - Private Room in House Near Mooney’s Bay,249262202,Samer,7,3,0,0,"Ottawa, Canada",f,2,t,River,45.37038,-75.68756,Private room in home,Private room,2,1.0,1.0,1.0,108.5,2026-06-29,2026-07-01,217.0,108.5,2.0,1125.0,t,26,56,86,176,2026-06-24,1,1,0,2026-06-21,2026-06-21,4.0,4.0,5.0,5.0,5.0,4.0,1.0,2,0
2660,1683896411441955958,2026-06-24,city scrape,"Private & separate guest room, free street parking",432682664,Omid,4,7,3,2,"Ottawa, Canada",t,1,t,West Carleton-March,45.36662384231805,-75.9414240497326,Private room in home,Private room,2,1.0,1.0,1.0,85.5,2026-06-28,2026-06-30,171.0,85.5,1.0,365.0,t,20,37,54,320,2026-06-24,2,2,0,2026-05-31,2026-06-19,5.0,5.0,5.0,5.0,5.0,5.0,2.0,1,0
2661,1685241275944508064,2026-06-24,city scrape,Entire Bsmt Suite w/ Private Bath | Near Airport,71812883,Franck Kapoko,10,1,0,1,"Ottawa, Canada",f,1,t,Gloucester-South Nepean,45.30456077321934,-75.60195854359256,Private room in home,Private room,2,1.0,1.0,1.0,126.0,2026-06-27,2026-06-28,126.0,126.0,1.0,1125.0,t,27,57,87,362,2026-06-24,6,6,0,2026-05-16,2026-06-12,5.0,5.0,5.0,5.0,4.83,5.0,4.5,1,0
2662,1685263144414471409,2026-06-24,city scrape,Sleek Studio in Sandy Hill,84465488,Erwin,9,11,1,3,"Ottawa, Canada",f,6,t,Rideau-Vanier,45.4272657,-75.6803853,Entire rental unit,Entire home/apt,2,1.0,1.0,1.0,64.43,2026-09-17,2026-10-17,1932.98,64.43,30.0,365.0,t,10,10,15,290,2026-06-24,0,0,0,10,10,4.8,4.8,4.9,4.9,4.8,4.7,1.8,6,6
2663,1685573530707971052,2026-06-24,city scrape,"Chic, cozy, and family-friendly.",488675856,Lindsay,3,7,3,7,"Ottawa, Canada",t,4,t,Innes,45.46950812881929,-75.52082571671428,Entire home,Entire home/apt,4,1.0,2.0,2.0,94.98,2026-07-28,2026-08-27,2849.51,94.98,30.0,365.0,t,0,26,56,56,2026-06-24,0,0,0,10,10,4.8,4.8,4.9,4.9,4.8,4.7,1.8,3,3
2664,1685595108501474955,2026-06-24,city scrape,Modern Suite with Patio & Parkside Retreat,112034818,Gino,9,5,1,8,"Ottawa, Canada",f,2,t,Barrhaven,45.2508126792407,-75.75404222932832,Entire rental unit,Entire home/apt,4,1.0,2.0,1.0,103.4,2026-10-16,2026-11-15,3102.0,103.4,30.0,365.0,t,6,15,15,266,2026-06-24,0,0,0,10,10,4.8,4.8,4.9,4.9,4.8,4.7,1.8,2,2
2665,1686609519124208168,2026-06-24,city scrape,Beautiful Entire Modern Home*Sleeps 10! 5BR NFLX,506569095,Micbet,3,3,3,1,"Ottawa, Canada",t,5,t,Barrhaven,45.24698984448921,-75.75274582239962,Entire home,Entire home/apt,10,3.5,5.0,1.0,361.66,2026-10-28,2026-11-27,10849.7,361.66,30.0,365.0,t,0,0,0,239,2026-06-24,0,0,0,10,10,4.8,4.8,4.9,4.9,4.8,4.7,1.8,3,3
2666,1687086353796022873,2026-06-24,city scrape,New Studio Hintonburg,37253652,Ameer,10,11,8,11,"Ottawa, Canada",f,10,t,Kitchissippi,45.406100734259375,-75.72226193085542,Entire rental unit,Entire home/apt,2,1.0,2.0,1.0,272.56,2026-07-17,2026-08-16,8176.86,272.56,30.0,365.0,t,7,37,67,342,2026-06-24,0,0,0,10,10,4.8,4.8,4.9,4.9,4.8,4.7,1.8,9,9
2667,1687816017370190289,2026-06-24,city scrape,Townhouse in Ottawa,413273446,Hooman,4,11,0,1,"Ottawa, Canada",f,1,t,Barrhaven,45.2455,-75.73876,Entire home,Entire home/apt,2,1.5,1.0,2.0,127.43,2027-05-01,2027-05-31,3822.95,127.43,30.0,60.0,t,3,3,3,57,2026-06-24,0,0,0,10,10,4.8,4.8,4.9,4.9,4.8,4.7,1.8,1,1
2668,1688101753271731941,2026-06-24,city scrape,"Luxury Group Stay w/ Sauna, Hot Tub & Parking",107057450,Miles,9,6,1,2,"Ottawa, Canada",t,3,t,College,45.35762410340191,-75.74490277956086,Entire home,Entire home/apt,10,2.5,5.0,5.0,1244.0,2026-06-29,2026-06-30,1244.0,1244.0,1.0,365.0,t,24,43,73,348,2026-06-24,0,0,0,10,10,4.8,4.8,4.9,4.9,4.8,4.7,1.8,3,3
2669,1688579059245831567,2026-06-24,city scrape,Chic Urban 1BR Apt with Skyline Views,38459934,Corporate Stays,10,11,10,10,"Montreal, Canada",f,152,f,Rideau-Vanier,45.41942399404255,-75.66681836315661,Entire rental unit,Entire home/apt,2,1.0,1.0,1.0,105.59,2026-09-27,2026-10-27,3167.66,105.59,30.0,365.0,t,0,0,0,270,2026-06-24,0,0,0,10,10,4.8,4.8,4.9,4.9,4.8,4.7,1.8,11,11
2670,1688579719720191758,2026-06-24,city scrape,Chic Urban 1BR Apt with Balcony and Skyline Views,38459934,Corporate Stays,10,11,10,10,"Montreal, Canada",f,152,f,Rideau-Vanier,45.41887170097915,-75.66543830761535,Entire rental unit,Entire home/apt,2,1.0,1.0,1.0,105.59,2026-09-05,2026-10-05,3167.66,105.59,30.0,365.0,t,0,0,17,292,2026-06-24,0,0,0,10,10,4.8,4.8,4.9,4.9,4.8,4.7,1.8,11,11
2671,1689303529526135858,2026-06-24,city scrape,Carlton West Modern Living | Zen 1BR,749783933,Audrey,0,3,0,3,"Ottawa, Canada",f,12,t,Kitchissippi,45.3802317,-75.74811989999999,Entire rental unit,Entire home/apt,2,1.0,1.0,1.0,110.47,2026-07-05,2026-08-05,3424.45,110.47,31.0,365.0,t,19,49,79,354,2026-06-24,0,0,0,10,10,4.8,4.8,4.9,4.9,4.8,4.7,1.8,12,12
2672,1690170169082161071,2026-06-24,city scrape,2 Bedroom (or 1bdrm + office): Ottawa East Central,1959431,Paul,14,3,11,9,"Ottawa, Canada",f,13,t,Rideau-Vanier,45.44336,-75.65997,Entire home,Entire home/apt,3,1.0,2.0,2.0,66.59,2026-08-16,2026-09-15,1997.76,66.59,30.0,365.0,t,22,29,59,334,2026-06-24,0,0,0,10,10,4.8,4.8,4.9,4.9,4.8,4.7,1.8,13,7
2673,1692818753481382239,2026-06-24,city scrape,Bright Minimalist Studio Near Downtown,84465488,Erwin,9,11,1,3,"Ottawa, Canada",f,6,t,Rideau-Vanier,45.42642614046028,-75.68137979323168,Entire rental unit,Entire home/apt,2,1.0,1.0,1.0,67.95,2026-06-24,2026-07-24,2038.46,67.95,30.0,365.0,t,30,60,90,365,2026-06-24,0,0,0,10,10,4.8,4.8,4.9,4.9,4.8,4.7,1.8,6,6
2674,1693648755046270218,2026-06-24,city scrape,Modern Studio in the Heart of Ottawa,66190971,Luis,10,2,4,8,"Gatineau, Canada",t,64,t,Somerset,45.4117665,-75.6918915,Entire rental unit,Entire home/apt,2,1.0,2.0,1.0,100.13,2026-06-24,2026-07-24,3003.9,100.13,30.0,365.0,t,30,60,90,365,2026-06-24,0,0,0,10,10,4.8,4.8,4.9,4.9,4.8,4.7,1.8,26,26
2675,1693656458599049034,2026-06-24,city scrape,Cozy Downtown Studio Near Everything,66190971,Luis,10,2,4,8,"Gatineau, Canada",t,64,t,Somerset,45.4117665,-75.6918915,Entire rental unit,Entire home/apt,2,1.0,2.0,1.0,93.35,2026-06-25,2026-07-25,2800.41,93.35,30.0,365.0,t,29,59,89,92,2026-06-24,0,0,0,10,10,4.8,4.8,4.9,4.9,4.8,4.7,1.8,26,26
2676,1693666354190177763,2026-06-24,city scrape,Your Westboro Home Away From Home,66190971,Luis,10,2,4,8,"Gatineau, Canada",t,64,t,Kitchissippi,45.4009839,-75.7306967,Entire rental unit,Entire home/apt,4,1.0,2.0,2.0,100.78,2026-08-09,2026-09-08,3023.28,100.78,30.0,365.0,t,0,14,44,47,2026-06-24,0,0,0,10,10,4.8,4.8,4.9,4.9,4.8,4.7,1.8,26,26
2677,1693727823153367801,2026-06-24,city scrape,"Stewart St Retreat in Downtown Ottawa, 1BDR",348027803,Tatiana,6,0,6,0,"Mississauga, Canada",t,2,t,Rideau-Vanier,45.4268574,-75.6837717,Entire rental unit,Entire home/apt,2,1.0,1.0,1.0,70.74,2026-07-08,2026-08-07,2122.11,70.74,30.0,90.0,t,16,46,63,63,2026-06-24,0,0,0,10,10,4.8,4.8,4.9,4.9,4.8,4.7,1.8,1,1
2678,1693771872677396482,2026-06-24,city scrape,Modern New Build in Hintonburg,37253652,Ameer,10,11,8,11,"Ottawa, Canada",f,10,t,Kitchissippi,45.40736690930729,-75.73379051175606,Entire home,Entire home/apt,6,2.5,3.0,3.0,204.61,2026-06-24,2026-07-24,6138.18,204.61,30.0,365.0,t,30,37,60,335,2026-06-24,0,0,0,10,10,4.8,4.8,4.9,4.9,4.8,4.7,1.8,9,9
2679,1694356540479811128,2026-06-24,city scrape,Beautifully Designed Executive Home in Ottawa,16029536,Korosh,12,0,5,11,"Ottawa, Canada",f,11,t,Stittsville-Kanata West,45.277675,-75.8799992,Entire home,Entire home/apt,6,3.5,3.0,3.0,527.33,2026-06-28,2026-07-01,1582.0,527.33,3.0,365.0,t,23,47,77,77,2026-06-24,2,2,0,2026-06-14,2026-06-18,5.0,5.0,5.0,5.0,5.0,5.0,2.0,7,6
2680,1694362892223208150,2026-06-24,city scrape,Studio near University of Ottawa,66190971,Luis,10,2,4,8,"Gatineau, Canada",t,64,t,Rideau-Vanier,45.4244339,-75.679301,Entire rental unit,Entire home/apt,2,1.0,2.0,1.0,66.22,2026-07-31,2026-08-30,1986.45,66.22,30.0,365.0,t,7,30,39,39,2026-06-24,0,0,0,10,10,4.8,4.8,4.9,4.9,4.8,4.7,1.8,26,26
2681,1694452358015984588,2026-06-24,city scrape,Have 65 inches big TV in the bedroom and loft,664975122,Indu,1,6,1,0,"Ottawa, Canada",f,2,t,Bay,45.35573534836104,-75.80644320316016,Private room in home,Private room,2,1.4,1.0,1.0,123.25,2026-06-24,2026-06-25,123.25,123.25,1.0,365.0,t,30,60,90,365,2026-06-24,0,0,0,10,10,4.8,4.8,4.9,4.9,4.8,4.7,1.8,2,0
2682,1695049681130847557,2026-06-24,city scrape,Nepean | Quaint 5 Bedroom Home w. Huge Backyard,52810809,Natalie,10,5,4,10,"Ottawa, Canada",f,31,t,College,45.34612,-75.73899,Entire home,Entire home/apt,10,3.5,5.0,5.0,144.0,2026-08-22,2026-09-21,4320.0,144.0,30.0,364.0,t,19,20,50,325,2026-06-24,0,0,0,10,10,4.8,4.8,4.9,4.9,4.8,4.7,1.8,21,21
2683,1695053357201468166,2026-06-24,city scrape,Beautiful Private Basement Suite in Nepean Ottawa,203567613,Daniel,7,11,6,11,"Ottawa, Canada",f,13,t,Barrhaven,45.25561278314713,-75.74443875435662,Entire home,Entire home/apt,2,1.0,1.0,2.0,201.0,2026-07-08,2026-07-09,201.0,201.0,1.0,365.0,t,16,46,76,351,2026-06-24,1,1,0,2026-06-21,2026-06-21,5.0,5.0,5.0,5.0,5.0,5.0,1.0,5,1
2684,1695739821315936049,2026-06-24,city scrape,Stylish 2BR Retreat Near Downtown Ottawa,38459934,Corporate Stays,10,11,10,10,"Montreal, Canada",f,152,f,Kitchissippi,45.40633114218302,-75.72824169605589,Entire rental unit,Entire home/apt,4,1.4,2.0,2.0,128.84,2026-08-14,2026-09-13,3865.34,128.84,30.0,365.0,t,0,9,39,314,2026-06-24,0,0,0,10,10,4.8,4.8,4.9,4.9,4.8,4.7,1.8,11,11
2685,1695897076943692834,2026-06-24,city scrape,"Modern 4BR Retreat w/ Patio, Free Parking | Ottawa",1665408663932413921,Victoria,0,2,0,0,"Ottawa, Canada",f,1,t,Gloucester-South Nepean,45.2663813178951,-75.69763735398269,Entire home,Entire home/apt,8,2.5,4.0,4.0,277.55,2026-06-24,2026-07-24,8326.42,277.55,30.0,1125.0,t,30,60,90,365,2026-06-24,0,0,0,10,10,4.8,4.8,4.9,4.9,4.8,4.7,1.8,1,1
2686,1696738725519876922,2026-06-24,city scrape,5 Bedroom Townhouse in Sandyhill,85297148,Short And Suite BnB,9,11,9,4,"Ottawa, Canada",t,51,t,Rideau-Vanier,45.423539,-75.6760362,Entire rental unit,Entire home/apt,8,1.0,5.0,5.0,162.81,2026-07-31,2026-08-30,4884.44,162.81,30.0,365.0,t,0,23,31,31,2026-06-24,0,0,0,10,10,4.8,4.8,4.9,4.9,4.8,4.7,1.8,28,28
2687,1697240735116202139,2026-06-24,city scrape,Furnished 3BR Kanata Home | Tech Hub & Top Schools,1697240495844460595,Tanya,0,0,0,0,"Ottawa, Canada",f,1,t,Kanata North,45.32774524354611,-75.89514255523682,Entire home,Entire home/apt,6,1.5,3.0,4.0,168.51,2026-07-24,2026-08-23,5055.23,168.51,30.0,365.0,t,0,30,60,335,2026-06-24,0,0,0,10,10,4.8,4.8,4.9,4.9,4.8,4.7,1.8,1,1
2688,1697780116743874885,2026-06-24,city scrape,Luxury Furnished 3-Bedroom Home Alta Vista,53873054,John,10,5,0,7,"Ottawa, Canada",t,3,t,Alta Vista,45.3935219,-75.63620499999999,Entire home,Entire home/apt,6,1.4,3.0,3.0,187.08,2026-08-08,2026-09-07,5612.52,187.08,30.0,1125.0,t,9,24,54,329,2026-06-24,0,0,0,10,10,4.8,4.8,4.9,4.9,4.8,4.7,1.8,3,3
2689,1698607882483543092,2026-06-24,city scrape,All-Inclusive Studio | Full Kitchen,667743087,Guillaume,1,6,1,6,"Ottawa, Canada",f,10,t,Beacon Hill-Cyrville,45.4250661,-75.63140729999999,Entire rental unit,Entire home/apt,2,1.0,2.0,1.0,74.83,2026-09-24,2026-10-24,2244.92,74.83,30.0,365.0,t,0,20,20,293,2026-06-24,0,0,0,10,10,4.8,4.8,4.9,4.9,4.8,4.7,1.8,10,10
2690,1698648128147364880,2026-06-24,city scrape,"New Apartment 2 Bedroom, 3 Beds 1 Bussroom",534919580,Nadya,2,9,0,10,"Ottawa, Canada",f,2,t,Kitchissippi,45.40130850000001,-75.74194589999999,Entire rental unit,Entire home/apt,5,1.0,2.0,2.0,113.7,2026-08-07,2026-09-06,3410.88,113.7,30.0,365.0,t,0,16,46,321,2026-06-24,0,0,0,10,10,4.8,4.8,4.9,4.9,4.8,4.7,1.8,2,2
2691,1698697685076285453,2026-06-24,city scrape,"Clean, fresh, modern living next to Rideau Cottage",6890057,Roya,13,0,12,11,"Brussels, Belgium",f,1,t,Rideau-Rockcliffe,45.4395091,-75.6811872,Entire rental unit,Entire home/apt,2,1.0,1.0,1.0,76.36,2026-11-01,2026-12-01,2290.89,76.36,30.0,120.0,t,10,19,24,74,2026-06-24,0,0,0,10,10,4.8,4.8,4.9,4.9,4.8,4.7,1.8,1,1
2692,1699340942207796380,2026-06-24,city scrape,Ottawa's Peaceful Southeast End,145205894,Molly,8,10,0,0,"Ottawa, Canada",f,1,t,Gloucester-South Nepean,45.26080559255284,-75.69040746776955,Entire home,Entire home/apt,6,2.5,3.0,3.0,150.47,2026-07-23,2026-08-22,4514.0,150.47,30.0,365.0,t,1,31,61,336,2026-06-24,0,0,0,10,10,4.8,4.8,4.9,4.9,4.8,4.7,1.8,1,1
2693,1699696552942576998,2026-06-24,city scrape,Modern Home by Barrhaven Marketplace 5BR 3.5Bath,213657085,Morenike,7,9,7,9,"Ottawa, Canada",f,1,t,Barrhaven,45.25777,-75.75717,Entire home,Entire home/apt,10,3.5,5.0,6.0,553.5,2026-06-29,2026-07-01,1107.0,553.5,2.0,365.0,t,18,39,69,341,2026-06-24,0,0,0,10,10,4.8,4.8,4.9,4.9,4.8,4.7,1.8,1,1
2694,1700126560297001110,2026-06-24,city scrape,BR. New Luxury 4 BR Home with Premium Upgrades,534919580,Nadya,2,9,0,10,"Ottawa, Canada",f,2,t,Kitchissippi,45.40130850000001,-75.74194589999999,Entire home,Entire home/apt,8,3.5,4.0,4.0,232.56,2026-08-12,2026-09-11,6976.8,232.56,30.0,365.0,t,7,18,48,323,2026-06-24,0,0,0,10,10,4.8,4.8,4.9,4.9,4.8,4.7,1.8,2,2
2695,1700139182790985785,2026-06-24,city scrape,Carlton West Modern 2BR Condo | Prime Location,749783933,Audrey,0,3,0,3,"Ottawa, Canada",f,12,t,Kitchissippi,45.3808,-75.747,Entire rental unit,Entire home/apt,4,1.0,2.0,2.0,130.09,2026-10-31,2026-12-01,4032.75,130.09,31.0,365.0,t,0,5,5,241,2026-06-24,0,0,0,10,10,4.8,4.8,4.9,4.9,4.8,4.7,1.8,12,12
2696,1700240656029094997,2026-06-24,city scrape,Sandy Hill Downtown Guesthouse,66190971,Luis,10,2,4,8,"Gatineau, Canada",t,64,t,Rideau-Vanier,45.4214981,-75.6775677,Entire home,Entire home/apt,12,3.0,6.0,6.0,200.26,2026-07-16,2026-08-15,6007.8,200.26,30.0,365.0,t,8,38,48,231,2026-06-24,0,0,0,10,10,4.8,4.8,4.9,4.9,4.8,4.7,1.8,26,26
2697,1700300924586246018,2026-06-24,city scrape,"Modern Private Suite, Self Check-In & Relaxing",576542785,Stacie,2,1,0,0,"Ottawa, Canada",f,1,t,River,45.376479608054645,-75.73018132706001,Entire home,Entire home/apt,4,1.0,1.0,2.0,122.25,2026-07-22,2026-08-21,3667.42,122.25,30.0,365.0,t,2,32,62,337,2026-06-24,0,0,0,10,10,4.8,4.8,4.9,4.9,4.8,4.7,1.8,1,1
2698,1700805603400668432,2026-06-24,city scrape,Spacious Family Home | Airport • Downtown,141249668,Sara,8,11,0,0,"Ottawa, Canada",f,1,t,Gloucester-South Nepean,45.26192379253578,-75.699368628132,Entire home,Entire home/apt,6,2.5,3.0,5.0,186.97,2026-09-04,2026-10-04,5609.0,186.97,30.0,365.0,t,9,9,27,302,2026-06-24,0,0,0,10,10,4.8,4.8,4.9,4.9,4.8,4.7,1.8,1,1
2699,1701435260149474124,2026-06-24,city scrape,Bright & Comfortable Stay,492541855,Tayo,3,6,0,6,"Ottawa, Canada",f,5,t,Innes,45.444595812326654,-75.52109143051554,Private room in home,Private room,2,1.5,1.0,1.0,46.05,2026-06-24,2026-07-24,1381.62,46.05,30.0,90.0,t,30,60,90,270,2026-06-24,0,0,0,10,10,4.8,4.8,4.9,4.9,4.8,4.7,1.8,4,0
2700,1701609762406891494,2026-06-24,city scrape,Serene Retreat Surrounded by Green Space,88140146,Ray,9,10,0,2,"Ottawa, Canada",f,4,t,Gloucester-South Nepean,45.28718,-75.69448,Private room in bungalow,Private room,2,1.0,1.0,1.0,67.99,2026-07-19,2026-08-18,2039.79,67.99,30.0,1125.0,t,5,35,65,340,2026-06-24,0,0,0,10,10,4.8,4.8,4.9,4.9,4.8,4.7,1.8,4,1
2701,1701610085894488546,2026-06-24,city scrape,Quiet Retreat Near Airport in Green Surroundings,88140146,Ray,9,10,0,2,"Ottawa, Canada",f,4,t,Gloucester-South Nepean,45.28784597060425,-75.69345234099352,Private room in bungalow,Private room,2,1.0,1.0,1.0,71.8,2026-07-19,2026-08-18,2153.95,71.8,30.0,1125.0,t,5,35,65,340,2026-06-24,0,0,0,10,10,4.8,4.8,4.9,4.9,4.8,4.7,1.8,4,1
2702,1701637289295074199,2026-06-24,city scrape,Large Private Room Near Ottawa Airport,88140146,Ray,9,10,0,2,"Ottawa, Canada",f,4,t,Gloucester-South Nepean,45.28644,-75.69433,Private room in bungalow,Private room,2,1.0,1.0,1.0,87.02,2026-07-19,2026-08-18,2610.58,87.02,30.0,1125.0,t,5,35,65,340,2026-06-24,0,0,0,10,10,4.8,4.8,4.9,4.9,4.8,4.7,1.8,4,1
2703,1701654930853577801,2026-06-24,city scrape,Room B - Private Room Near Mooney’s Bay,249262202,Samer,7,3,0,0,"Ottawa, Canada",f,2,t,River,45.36964546546756,-75.68776346998183,Private room in home,Private room,2,1.0,1.0,1.0,112.5,2026-06-29,2026-07-01,225.0,112.5,2.0,1125.0,t,25,49,79,169,2026-06-24,2,2,0,2026-06-14,2026-06-21,5.0,5.0,5.0,5.0,5.0,4.5,2.0,2,0
2704,1702866132175147295,2026-06-24,city scrape,Hintonburg Hideaway · Cozy Ground-Floor Studio,31418864,Jillian,11,2,2,4,"Ottawa, Canada",f,1,t,Kitchissippi,45.4030003,-75.7323076,Entire rental unit,Entire home/apt,2,1.0,2.0,1.0,95.8,2026-06-24,2026-07-24,2874.12,95.8,30.0,365.0,t,30,60,90,270,2026-06-24,0,0,0,10,10,4.8,4.8,4.9,4.9,4.8,4.7,1.8,1,1
2705,1703216749123637628,2026-06-24,city scrape,1br Apartment in The Glebe,30704685,Kayla,11,2,3,11,"Ottawa, Canada",t,2,t,Capital,45.3986737,-75.69364300000001,Entire rental unit,Entire home/apt,2,1.0,1.0,1.0,61.07,2026-09-11,2026-10-11,1832.0,61.07,30.0,365.0,t,4,4,15,62,2026-06-24,0,0,0,10,10,4.8,4.8,4.9,4.9,4.8,4.7,1.8,1,1
2706,1703697723122880462,2026-06-24,city scrape,"Deluxe bungalow 4 bdroom, 3 bath - min 30 day",150308505,Mahmoud,8,9,0,8,"Ottawa, Canada",f,2,t,Beacon Hill-Cyrville,45.43960550000001,-75.6061085,Entire bungalow,Entire home/apt,8,2.0,2.0,2.0,248.89,2026-07-21,2026-08-20,7466.69,248.89,30.0,365.0,t,3,33,63,338,2026-06-24,0,0,0,10,10,4.8,4.8,4.9,4.9,4.8,4.7,1.8,2,2
2707,1703752441173281368,2026-06-24,city scrape,4-Bedroom Group Stay • Free Parking,159696138,EasyStayPM,8,7,1,1,"Ottawa, Canada",t,5,t,Innes,45.44232,-75.51805,Entire home,Entire home/apt,8,2.5,4.0,4.0,284.0,2026-07-06,2026-07-09,852.0,284.0,3.0,365.0,t,16,40,64,339,2026-06-24,0,0,0,10,10,4.8,4.8,4.9,4.9,4.8,4.7,1.8,5,1
2708,1703761723858957951,2026-06-24,city scrape,Private Suite in Centretown,755317951,Michael,0,2,0,2,"Ottawa, Canada",f,2,t,Somerset,45.41424364621291,-75.69927106678115,Private room in rental unit,Private room,1,1.0,1.0,1.0,173.3,2027-01-08,2027-02-08,2246.7,173.3,31.0,365.0,f,0,0,0,167,2026-06-24,0,0,0,10,10,4.8,4.8,4.9,4.9,4.8,4.7,1.8,2,0
2709,1704338699460622694,2026-06-24,city scrape,Carlton West Spacious Condo | 2BR,749783933,Audrey,0,3,0,3,"Ottawa, Canada",f,12,t,Kitchissippi,45.3802317,-75.74811989999999,Entire rental unit,Entire home/apt,4,1.0,2.0,1.0,121.12,2026-08-09,2026-09-09,3754.87,121.12,31.0,365.0,t,0,14,44,319,2026-06-24,0,0,0,10,10,4.8,4.8,4.9,4.9,4.8,4.7,1.8,12,12
2710,1706141212386757767,2026-06-24,city scrape,Deluxe Bungalow 4bdroom 3bathroom for 30 days min,150308505,Mahmoud,8,9,0,8,"Ottawa, Canada",f,2,t,Beacon Hill-Cyrville,45.43960550000001,-75.6061085,Entire home,Entire home/apt,8,3.0,4.0,4.0,189.35,2026-06-24,2026-07-24,5680.44,189.35,30.0,365.0,t,30,60,90,365,2026-06-24,0,0,0,10,10,4.8,4.8,4.9,4.9,4.8,4.7,1.8,2,2
2711,1706591753392550600,2026-06-24,city scrape,Carlton West Stylish Comfort | 2BR,749783933,Audrey,0,3,0,3,"Ottawa, Canada",f,12,t,Kitchissippi,45.3802317,-75.74811989999999,Entire rental unit,Entire home/apt,4,1.0,1.0,1.0,143.01,2026-06-24,2026-07-25,4433.18,143.01,31.0,365.0,t,30,60,90,365,2026-06-24,0,0,0,10,10,4.8,4.8,4.9,4.9,4.8,4.7,1.8,12,12
2712,1707659628304698318,2026-06-24,city scrape,Renfrew,43424548,Sean,10,9,4,6,"Ottawa, Canada",t,22,t,Capital,45.40249,-75.69934,Entire home,Entire home/apt,4,2.0,3.0,3.0,314.93,2026-06-24,2026-07-24,9447.75,314.93,30.0,365.0,t,30,60,90,365,2026-06-24,0,0,0,10,10,4.8,4.8,4.9,4.9,4.8,4.7,1.8,7,7
2713,1708305535704405983,2026-06-24,city scrape,Cozy 2BR in the heart of Ottawa,82956762,Ramsey,9,11,0,0,"Ottawa, Canada",f,1,t,Capital,45.37868743763638,-75.67353497088855,Entire rental unit,Entire home/apt,4,1.0,2.0,3.0,110.63,2026-11-01,2026-12-01,3319.0,110.63,30.0,365.0,t,0,0,0,235,2026-06-24,0,0,0,10,10,4.8,4.8,4.9,4.9,4.8,4.7,1.8,1,1
2714,1708975437554019231,2026-06-24,city scrape,Love your stay in a trendy&central neighborhood!,73267839,Gilda,10,1,9,10,"Ottawa, Canada",t,2,t,Kitchissippi,45.39669888320476,-75.72987589985132,Private room in home,Private room,1,1.0,1.0,1.0,60.45,2026-07-04,2026-08-03,1813.51,60.45,30.0,365.0,t,20,50,80,355,2026-06-24,0,0,0,10,10,4.8,4.8,4.9,4.9,4.8,4.7,1.8,2,0
2715,1709009614900888333,2026-06-24,city scrape,Prime Ottawa Location 1BR Apartment,66190971,Luis,10,2,4,8,"Gatineau, Canada",t,64,t,Kitchissippi,45.40016,-75.73102,Entire rental unit,Entire home/apt,2,1.0,1.0,1.0,95.93,2026-06-24,2026-07-24,2877.93,95.93,30.0,365.0,t,30,60,69,69,2026-06-24,0,0,0,10,10,4.8,4.8,4.9,4.9,4.8,4.7,1.8,26,26
2716,1709608407678398790,2026-06-24,city scrape,Single-Family 3BR in the Heart of Wellington West,8892266,Dave,12,9,0,0,"Ottawa, Canada",f,1,t,Kitchissippi,45.40103,-75.73647,Entire home,Entire home/apt,7,1.0,3.0,4.0,378.67,2026-06-25,2026-07-25,11360.0,378.67,30.0,365.0,t,29,58,83,358,2026-06-24,0,0,0,10,10,4.8,4.8,4.9,4.9,4.8,4.7,1.8,1,1
2717,1709845378359023401,2026-06-24,city scrape,Modern Studio Steps from uOttawa & ByWard Market,84465488,Erwin,9,11,1,3,"Ottawa, Canada",f,6,t,Rideau-Vanier,45.4312878,-75.6860346,Entire rental unit,Entire home/apt,2,1.0,1.0,1.0,77.74,2026-06-24,2026-07-24,2332.26,77.74,30.0,365.0,t,30,60,90,365,2026-06-24,0,0,0,10,10,4.8,4.8,4.9,4.9,4.8,4.7,1.8,6,6
2718,1710209310736335593,2026-06-24,city scrape,Studio in Downtown | Near ByWard Market & UOttawa,578691557,OĞUzhan,2,1,0,0,"Ottawa, Canada",f,2,t,Rideau-Vanier,45.4306577,-75.67279979999999,Entire rental unit,Entire home/apt,2,1.0,1.0,1.0,57.53,2026-07-23,2026-08-22,1726.0,57.53,30.0,365.0,t,1,31,56,266,2026-06-24,0,0,0,10,10,4.8,4.8,4.9,4.9,4.8,4.7,1.8,2,2
2719,1710970801229570962,2026-06-24,city scrape,Fully Furnished 2BR/2BA Suite For Monthly Stays,121880210,Tiffany,9,3,9,3,"Ottawa, Canada",f,4,t,College,45.3423374,-75.743533,Entire rental unit,Entire home/apt,4,2.0,2.0,2.0,151.24,2026-07-17,2026-08-16,4537.25,151.24,30.0,1125.0,t,7,37,67,157,2026-06-24,0,0,0,10,10,4.8,4.8,4.9,4.9,4.8,4.7,1.8,2,2
2720,1711235459491065984,2026-06-24,city scrape,Warm & Welcoming Stay in Ottawa Near Amenities,492541855,Tayo,3,6,0,6,"Ottawa, Canada",f,5,t,Innes,45.4443139,-75.51986769999999,Private room in home,Private room,2,1.5,1.0,1.0,46.05,2026-06-24,2026-07-24,1381.62,46.05,30.0,90.0,t,30,60,90,270,2026-06-24,0,0,0,10,10,4.8,4.8,4.9,4.9,4.8,4.7,1.8,4,0
2721,1711992972663984045,2026-06-24,city scrape,Chic 3BR Unit in DT Ottawa (Sandyhill) w/Parking*,373561137,Jaybird,5,7,5,7,"Ottawa, Canada",t,6,t,Rideau-Vanier,45.42718823623058,-75.68120245788181,Entire rental unit,Entire home/apt,6,1.0,3.0,3.0,719.0,2026-06-26,2026-06-28,1438.0,719.0,2.0,365.0,t,22,45,48,48,2026-06-24,0,0,0,10,10,4.8,4.8,4.9,4.9,4.8,4.7,1.8,4,4
2722,1712500595852321257,2026-06-24,city scrape,Entire 3 Bedroom Home | Park-facing | Private,144913442,Rajal,8,10,2,9,"Ottawa, Canada",f,1,t,Rideau-Goulbourn,45.1842017,-75.847425,Entire home,Entire home/apt,6,3.0,3.0,3.0,228.39,2026-08-01,2026-08-31,6851.66,228.39,30.0,1125.0,t,0,22,52,142,2026-06-24,0,0,0,10,10,4.8,4.8,4.9,4.9,4.8,4.7,1.8,1,1
2723,1712704048814715237,2026-06-24,city scrape,Ferngully - A Quiet Room,591441355,Shayne,1,11,1,11,"Ottawa, Canada",f,2,f,Stittsville-Kanata West,45.25274,-75.90354,Private room in home,Private room,1,1.0,1.0,1.0,48.07,2026-06-24,2026-07-24,1442.0,48.07,30.0,90.0,t,30,60,90,365,2026-06-24,0,0,0,10,10,4.8,4.8,4.9,4.9,4.8,4.7,1.8,2,1
2724,1713330988667127498,2026-06-24,city scrape,Studio Steps from University of Ottawa-Sandy Hill,578691557,OĞUzhan,2,1,0,0,"Ottawa, Canada",f,2,t,Rideau-Vanier,45.4306577,-75.67279979999999,Entire home,Entire home/apt,2,1.0,1.0,1.0,57.53,2026-06-24,2026-07-24,1726.0,57.53,30.0,365.0,t,30,60,90,365,2026-06-24,0,0,0,10,10,4.8,4.8,4.9,4.9,4.8,4.7,1.8,2,2
2725,1714078106546271800,2026-06-24,city scrape,The Town Home in Downtown Ottawa,590712819,Andre,1,11,1,10,"Ottawa, Canada",f,1,t,Somerset,45.41623240000001,-75.70507119999999,Entire home,Entire home/apt,6,2.5,3.0,3.0,410.0,2026-08-31,2026-09-01,410.0,410.0,1.0,365.0,t,0,0,15,97,2026-06-24,0,0,0,10,10,4.8,4.8,4.9,4.9,4.8,4.7,1.8,1,1
2726,1714089170146930926,2026-06-24,city scrape,Modern 1BR in the Heart of Ottawa,66190971,Luis,10,2,4,8,"Gatineau, Canada",t,64,t,Somerset,45.4115163,-75.705157,Entire rental unit,Entire home/apt,2,1.0,1.0,1.0,114.67,2026-06-24,2026-07-24,3439.95,114.67,30.0,365.0,t,30,60,90,270,2026-06-24,0,0,0,10,10,4.8,4.8,4.9,4.9,4.8,4.7,1.8,26,26
